ticket_id,merchant_id,ticket_created_date,ticket_category,ticket_status,resolution_time_hours
S000001,M00687,2024-12-21,Failed Payment,Escalated,23
S000002,M00854,2024-03-10,Failed Payment,Escalated,14
S000003,M01766,2024-11-17,Failed Payment,Escalated,30
S000004,M01971,2024-05-13,KYC Verification,Escalated,27
S000005,M01858,2024-05-24,Fraud Complaint,Resolved,33
S000006,M02914,2025-03-11,Account Access,Escalated,19
S000007,M01102,2025-05-17,Account Access,Pending,23
S000008,M01396,2024-06-25,KYC Verification,Escalated,3
S000009,M02902,2024-01-11,Refund Request,Pending,42
S000010,M02785,2025-05-11,Refund Request,Pending,26
S000011,M01290,2025-07-03,Refund Request,Pending,35
S000012,M02051,2024-08-29,Account Access,Pending,28
S000013,M00634,2024-01-04,KYC Verification,Resolved,40
S000014,M01494,2024-05-02,Failed Payment,Escalated,30
S000015,M00608,2025-06-25,Account Access,Escalated,1
S000016,M00147,2024-03-25,Failed Payment,Pending,1
S000017,M01876,2024-06-07,Account Access,Pending,34
S000018,M00303,2025-07-01,API Integration,Pending,31
S000019,M02774,2024-11-11,API Integration,Pending,29
S000020,M02873,2024-04-21,Failed Payment,Escalated,28
S000021,M01962,2025-05-24,Failed Payment,Resolved,41
S000022,M01230,2024-11-02,Fraud Complaint,Escalated,20
S000023,M00866,2024-12-30,Failed Payment,Escalated,23
S000024,M02236,2024-08-21,KYC Verification,Pending,26
S000025,M00515,2024-01-29,Fraud Complaint,Resolved,19
S000026,M00160,2024-06-10,Fraud Complaint,Resolved,31
S000027,M00647,2024-10-26,Failed Payment,Pending,27
S000028,M00398,2025-03-07,KYC Verification,Escalated,9
S000029,M01868,2025-01-20,KYC Verification,Resolved,20
S000030,M02805,2024-02-25,Refund Request,Pending,33
S000031,M00659,2024-06-23,KYC Verification,Pending,19
S000032,M00055,2025-05-19,Fraud Complaint,Pending,42
S000033,M01290,2025-05-23,Account Access,Resolved,37
S000034,M01812,2025-01-02,API Integration,Escalated,10
S000035,M01836,2025-06-18,Account Access,Pending,23
S000036,M02008,2024-03-12,Refund Request,Escalated,19
S000037,M01151,2024-04-09,Failed Payment,Pending,26
S000038,M02240,2024-05-22,KYC Verification,Resolved,17
S000039,M02892,2024-04-17,Refund Request,Resolved,22
S000040,M02506,2025-04-29,KYC Verification,Resolved,36
S000041,M01368,2024-05-05,Refund Request,Resolved,43
S000042,M01490,2024-08-17,Fraud Complaint,Pending,24
S000043,M02513,2024-06-21,Fraud Complaint,Escalated,13
S000044,M01278,2024-10-29,Fraud Complaint,Resolved,22
S000045,M00834,2024-08-25,API Integration,Escalated,33
S000046,M01918,2024-09-23,API Integration,Resolved,29
S000047,M02729,2025-01-04,API Integration,Resolved,16
S000048,M01070,2025-06-29,Failed Payment,Pending,14
S000049,M00913,2025-05-16,Failed Payment,Resolved,31
S000050,M00808,2024-10-03,KYC Verification,Pending,30
S000051,M01112,2025-06-24,Failed Payment,Pending,22
S000052,M00799,2024-02-05,Failed Payment,Resolved,2
S000053,M01174,2025-06-23,API Integration,Pending,25
S000054,M01445,2025-05-09,Failed Payment,Pending,18
S000055,M01019,2024-12-26,API Integration,Resolved,30
S000056,M02879,2024-05-14,KYC Verification,Resolved,40
S000057,M01523,2024-04-09,Failed Payment,Escalated,20
S000058,M01861,2024-03-23,API Integration,Pending,1
S000059,M00043,2024-05-03,Fraud Complaint,Escalated,18
S000060,M00959,2025-03-29,KYC Verification,Pending,40
S000061,M00159,2024-01-05,API Integration,Pending,34
S000062,M01020,2024-08-15,Failed Payment,Resolved,16
S000063,M00143,2024-07-21,API Integration,Escalated,20
S000064,M00455,2025-05-31,Fraud Complaint,Resolved,19
S000065,M01427,2024-12-09,Fraud Complaint,Resolved,2
S000066,M00732,2025-05-17,Fraud Complaint,Escalated,16
S000067,M01361,2025-06-16,API Integration,Escalated,18
S000068,M01420,2025-05-24,Failed Payment,Pending,26
S000069,M01381,2024-06-18,API Integration,Resolved,20
S000070,M01938,2024-12-09,Failed Payment,Escalated,12
S000071,M01288,2024-02-22,Failed Payment,Escalated,28
S000072,M01499,2024-05-16,Fraud Complaint,Resolved,38
S000073,M00995,2024-03-31,Failed Payment,Escalated,15
S000074,M02664,2025-03-13,Failed Payment,Escalated,27
S000075,M00240,2024-03-09,API Integration,Resolved,11
S000076,M02699,2025-06-27,Account Access,Pending,16
S000077,M02904,2024-03-03,Account Access,Resolved,22
S000078,M02797,2024-01-29,Failed Payment,Pending,5
S000079,M01168,2025-03-15,KYC Verification,Pending,15
S000080,M01694,2025-06-05,Refund Request,Resolved,38
S000081,M02023,2024-12-16,Failed Payment,Escalated,18
S000082,M00031,2025-03-21,KYC Verification,Pending,22
S000083,M01464,2024-01-08,Fraud Complaint,Pending,14
S000084,M02428,2024-03-22,Account Access,Pending,42
S000085,M02143,2024-12-21,API Integration,Pending,20
S000086,M00545,2024-09-30,Refund Request,Pending,37
S000087,M01849,2024-12-10,API Integration,Escalated,26
S000088,M01354,2024-02-18,Fraud Complaint,Pending,29
S000089,M00021,2024-03-16,API Integration,Resolved,22
S000090,M00317,2025-04-14,Refund Request,Pending,24
S000091,M00759,2024-07-30,API Integration,Resolved,21
S000092,M01485,2024-03-09,Fraud Complaint,Resolved,13
S000093,M02940,2024-05-21,API Integration,Pending,36
S000094,M00149,2025-07-01,Refund Request,Escalated,29
S000095,M02684,2025-02-18,Account Access,Pending,25
S000096,M00530,2025-05-28,Account Access,Pending,27
S000097,M02653,2025-02-27,API Integration,Resolved,33
S000098,M02739,2025-06-01,Account Access,Resolved,40
S000099,M02727,2024-06-20,Fraud Complaint,Escalated,24
S000100,M02937,2025-03-22,API Integration,Escalated,32
S000101,M01719,2024-06-04,Refund Request,Escalated,8
S000102,M02660,2025-01-23,Refund Request,Pending,12
S000103,M02002,2025-04-06,Account Access,Resolved,8
S000104,M01715,2025-01-09,Account Access,Resolved,31
S000105,M00439,2025-03-03,KYC Verification,Escalated,25
S000106,M02507,2025-04-14,KYC Verification,Resolved,33
S000107,M00134,2024-08-14,KYC Verification,Pending,32
S000108,M01418,2024-04-06,Fraud Complaint,Resolved,26
S000109,M01439,2024-08-28,Failed Payment,Escalated,14
S000110,M01877,2024-11-21,Fraud Complaint,Escalated,30
S000111,M01573,2024-01-22,Refund Request,Escalated,15
S000112,M01472,2024-11-07,API Integration,Pending,23
S000113,M01625,2025-01-29,Failed Payment,Resolved,30
S000114,M00906,2024-08-21,Account Access,Escalated,33
S000115,M02655,2024-12-08,Failed Payment,Pending,14
S000116,M01333,2024-12-09,Account Access,Pending,25
S000117,M02561,2025-02-21,Failed Payment,Pending,15
S000118,M00038,2025-02-22,Refund Request,Pending,16
S000119,M01337,2025-02-12,KYC Verification,Escalated,22
S000120,M02122,2024-06-21,Fraud Complaint,Escalated,24
S000121,M00116,2024-01-15,KYC Verification,Pending,30
S000122,M02067,2025-05-31,Account Access,Resolved,23
S000123,M02420,2024-03-18,API Integration,Pending,33
S000124,M00581,2025-03-08,Refund Request,Pending,27
S000125,M00035,2024-03-09,Fraud Complaint,Escalated,33
S000126,M01503,2025-04-30,API Integration,Resolved,34
S000127,M02829,2024-06-11,KYC Verification,Pending,29
S000128,M00032,2024-10-08,API Integration,Escalated,26
S000129,M00556,2025-03-07,API Integration,Resolved,17
S000130,M01020,2025-04-09,Account Access,Pending,18
S000131,M00415,2024-03-02,API Integration,Resolved,16
S000132,M01830,2025-02-28,Fraud Complaint,Escalated,23
S000133,M00040,2024-10-05,API Integration,Resolved,36
S000134,M00207,2024-07-18,KYC Verification,Pending,14
S000135,M01730,2025-04-18,API Integration,Pending,16
S000136,M00326,2024-07-30,Fraud Complaint,Escalated,19
S000137,M00465,2024-03-02,KYC Verification,Resolved,36
S000138,M00980,2024-02-18,Fraud Complaint,Pending,43
S000139,M00162,2024-02-22,Fraud Complaint,Pending,39
S000140,M02554,2024-04-22,API Integration,Escalated,35
S000141,M00132,2024-07-01,Failed Payment,Escalated,13
S000142,M00509,2025-05-05,Fraud Complaint,Escalated,21
S000143,M01213,2025-04-25,KYC Verification,Resolved,10
S000144,M02025,2024-08-27,Refund Request,Escalated,17
S000145,M00474,2025-02-12,Account Access,Pending,29
S000146,M01693,2024-09-22,Failed Payment,Pending,21
S000147,M02994,2025-04-23,Failed Payment,Escalated,32
S000148,M02435,2024-08-09,Failed Payment,Pending,43
S000149,M01689,2025-03-19,Fraud Complaint,Pending,30
S000150,M01329,2025-05-12,API Integration,Resolved,13
S000151,M02344,2024-06-14,Fraud Complaint,Resolved,18
S000152,M01748,2024-06-29,Account Access,Escalated,42
S000153,M01311,2025-02-08,Account Access,Escalated,13
S000154,M02790,2024-07-04,Account Access,Pending,27
S000155,M01012,2024-10-14,Account Access,Pending,29
S000156,M01864,2024-06-20,Account Access,Escalated,40
S000157,M00826,2024-06-13,API Integration,Pending,29
S000158,M00158,2025-06-21,KYC Verification,Pending,21
S000159,M01325,2024-12-27,Account Access,Escalated,5
S000160,M01109,2024-07-14,Account Access,Resolved,28
S000161,M00104,2024-12-11,KYC Verification,Escalated,18
S000162,M01573,2025-05-07,Failed Payment,Resolved,25
S000163,M02196,2025-04-06,Failed Payment,Pending,20
S000164,M02216,2025-06-11,Refund Request,Escalated,30
S000165,M02111,2024-12-29,Account Access,Pending,45
S000166,M01588,2024-10-05,Account Access,Pending,28
S000167,M00100,2024-07-17,Failed Payment,Escalated,27
S000168,M01315,2025-02-28,Refund Request,Escalated,25
S000169,M02377,2025-02-06,API Integration,Resolved,19
S000170,M02445,2024-07-27,Account Access,Pending,12
S000171,M00838,2024-05-01,Account Access,Pending,11
S000172,M02568,2024-11-12,Refund Request,Pending,15
S000173,M00162,2025-04-08,Failed Payment,Resolved,13
S000174,M02478,2024-07-29,Account Access,Pending,6
S000175,M02700,2025-03-22,Account Access,Pending,17
S000176,M00769,2024-05-12,API Integration,Resolved,13
S000177,M01201,2025-01-16,Account Access,Escalated,20
S000178,M00131,2024-05-02,Failed Payment,Pending,11
S000179,M02474,2024-07-01,KYC Verification,Pending,34
S000180,M01720,2024-08-20,Failed Payment,Escalated,26
S000181,M01891,2024-01-29,Failed Payment,Pending,39
S000182,M00916,2024-07-01,Account Access,Escalated,31
S000183,M02451,2025-05-02,Fraud Complaint,Escalated,26
S000184,M00658,2024-07-02,API Integration,Escalated,26
S000185,M00049,2024-01-16,Fraud Complaint,Pending,28
S000186,M01243,2024-03-05,API Integration,Resolved,6
S000187,M01629,2024-03-08,Fraud Complaint,Pending,25
S000188,M00049,2025-03-08,Fraud Complaint,Escalated,22
S000189,M00168,2024-12-27,Account Access,Resolved,24
S000190,M01489,2025-04-12,Fraud Complaint,Pending,26
S000191,M01310,2024-10-28,Refund Request,Pending,28
S000192,M01177,2025-02-23,API Integration,Pending,6
S000193,M02895,2025-03-09,Refund Request,Escalated,1
S000194,M00413,2024-06-15,Failed Payment,Escalated,22
S000195,M02785,2024-09-28,Fraud Complaint,Escalated,17
S000196,M01934,2025-03-22,Fraud Complaint,Pending,14
S000197,M01320,2024-10-11,API Integration,Resolved,22
S000198,M00962,2024-01-04,Refund Request,Pending,30
S000199,M02243,2024-10-13,KYC Verification,Resolved,24
S000200,M00424,2025-03-06,Failed Payment,Resolved,10
S000201,M00987,2024-02-24,API Integration,Pending,22
S000202,M01296,2024-04-29,Refund Request,Resolved,16
S000203,M02186,2024-10-09,Refund Request,Escalated,12
S000204,M02633,2024-09-23,Fraud Complaint,Pending,32
S000205,M00068,2024-05-16,KYC Verification,Pending,23
S000206,M00139,2024-04-17,Refund Request,Pending,19
S000207,M00904,2024-11-05,Account Access,Pending,31
S000208,M02755,2024-06-30,Fraud Complaint,Pending,38
S000209,M02522,2025-05-23,KYC Verification,Escalated,24
S000210,M00899,2024-02-26,Failed Payment,Resolved,46
S000211,M02909,2025-02-12,Refund Request,Escalated,34
S000212,M00130,2024-06-23,Fraud Complaint,Resolved,31
S000213,M02690,2025-05-20,API Integration,Pending,24
S000214,M00279,2024-01-12,Failed Payment,Resolved,26
S000215,M01773,2024-01-29,Account Access,Pending,13
S000216,M02486,2025-05-08,API Integration,Escalated,11
S000217,M01071,2024-10-05,API Integration,Pending,28
S000218,M01563,2024-12-10,Refund Request,Pending,42
S000219,M00420,2024-01-24,Fraud Complaint,Pending,17
S000220,M01139,2024-06-29,KYC Verification,Pending,2
S000221,M00979,2024-11-20,Account Access,Pending,17
S000222,M02862,2025-05-28,Account Access,Pending,25
S000223,M01826,2024-03-11,API Integration,Escalated,1
S000224,M01127,2024-11-24,Refund Request,Escalated,13
S000225,M02065,2024-05-30,Account Access,Resolved,36
S000226,M00214,2024-12-01,Refund Request,Escalated,17
S000227,M01013,2024-04-25,Account Access,Pending,28
S000228,M01575,2024-05-07,Failed Payment,Resolved,24
S000229,M00444,2024-01-31,Refund Request,Escalated,15
S000230,M00550,2024-07-04,KYC Verification,Escalated,11
S000231,M02049,2025-03-13,KYC Verification,Resolved,15
S000232,M01658,2025-06-09,Failed Payment,Resolved,23
S000233,M00965,2024-04-01,KYC Verification,Escalated,17
S000234,M02829,2024-04-16,Failed Payment,Resolved,21
S000235,M00217,2024-05-02,API Integration,Pending,27
S000236,M02141,2024-09-14,API Integration,Resolved,15
S000237,M01690,2024-08-01,Fraud Complaint,Pending,21
S000238,M00056,2024-07-03,KYC Verification,Pending,25
S000239,M02196,2025-04-02,KYC Verification,Escalated,28
S000240,M02087,2025-01-15,API Integration,Pending,14
S000241,M02584,2024-06-04,API Integration,Resolved,35
S000242,M02265,2024-12-11,KYC Verification,Pending,14
S000243,M00235,2024-02-21,Failed Payment,Escalated,9
S000244,M00645,2025-04-15,Failed Payment,Escalated,42
S000245,M00375,2025-02-26,KYC Verification,Escalated,8
S000246,M01059,2024-04-02,KYC Verification,Resolved,16
S000247,M01855,2025-05-07,Failed Payment,Escalated,15
S000248,M02752,2025-05-18,Refund Request,Escalated,27
S000249,M01471,2024-07-02,Fraud Complaint,Resolved,26
S000250,M01557,2024-02-01,Account Access,Pending,23
S000251,M01670,2024-04-28,Failed Payment,Escalated,15
S000252,M01920,2024-11-15,Account Access,Resolved,1
S000253,M02469,2024-04-21,Fraud Complaint,Resolved,50
S000254,M00932,2025-03-10,KYC Verification,Pending,7
S000255,M00003,2025-01-27,Failed Payment,Resolved,38
S000256,M01348,2024-04-07,Failed Payment,Pending,17
S000257,M01777,2024-03-31,API Integration,Escalated,20
S000258,M00243,2024-01-18,API Integration,Resolved,11
S000259,M02219,2024-06-18,Failed Payment,Escalated,24
S000260,M02514,2025-04-15,API Integration,Resolved,32
S000261,M02354,2024-11-12,Account Access,Pending,16
S000262,M00105,2025-06-14,Account Access,Escalated,38
S000263,M02508,2024-08-01,API Integration,Escalated,12
S000264,M02358,2025-06-10,Fraud Complaint,Resolved,29
S000265,M01323,2024-06-17,Fraud Complaint,Resolved,12
S000266,M02041,2024-09-08,Failed Payment,Resolved,20
S000267,M00898,2024-11-25,Fraud Complaint,Escalated,12
S000268,M02266,2025-05-24,Refund Request,Pending,19
S000269,M00546,2024-12-23,Fraud Complaint,Resolved,14
S000270,M00013,2024-04-19,Fraud Complaint,Resolved,11
S000271,M01119,2025-05-07,API Integration,Escalated,31
S000272,M01684,2024-06-28,Account Access,Escalated,31
S000273,M02540,2024-08-08,Fraud Complaint,Resolved,21
S000274,M02583,2024-11-09,Refund Request,Resolved,26
S000275,M02066,2024-09-05,Refund Request,Escalated,21
S000276,M01600,2024-11-05,Refund Request,Resolved,18
S000277,M01041,2025-07-04,Refund Request,Escalated,33
S000278,M01711,2024-08-19,Fraud Complaint,Pending,20
S000279,M00492,2025-04-02,KYC Verification,Escalated,1
S000280,M01580,2024-07-14,Account Access,Resolved,9
S000281,M00589,2024-05-20,Refund Request,Pending,28
S000282,M00991,2024-09-21,API Integration,Resolved,29
S000283,M02684,2025-05-25,Refund Request,Escalated,7
S000284,M01766,2024-05-23,Fraud Complaint,Escalated,15
S000285,M01467,2024-04-15,KYC Verification,Resolved,36
S000286,M02723,2024-10-02,Failed Payment,Resolved,42
S000287,M02876,2024-09-01,API Integration,Resolved,25
S000288,M02174,2024-03-29,Failed Payment,Pending,28
S000289,M02023,2024-02-08,Failed Payment,Escalated,27
S000290,M01973,2025-02-09,Fraud Complaint,Pending,17
S000291,M00294,2024-12-20,Refund Request,Pending,23
S000292,M02316,2024-10-26,KYC Verification,Pending,30
S000293,M00087,2025-04-14,Failed Payment,Resolved,30
S000294,M01126,2024-12-03,API Integration,Resolved,1
S000295,M00008,2024-05-25,Account Access,Pending,33
S000296,M01466,2024-03-27,KYC Verification,Pending,29
S000297,M00487,2025-06-29,Refund Request,Escalated,25
S000298,M02539,2024-01-05,Failed Payment,Escalated,32
S000299,M01571,2024-01-22,Fraud Complaint,Pending,26
S000300,M01456,2024-08-17,KYC Verification,Resolved,31
S000301,M02078,2024-08-04,KYC Verification,Escalated,20
S000302,M01911,2025-05-24,KYC Verification,Resolved,39
S000303,M01809,2024-08-20,KYC Verification,Pending,1
S000304,M02281,2024-11-10,Fraud Complaint,Resolved,37
S000305,M00925,2024-10-26,Account Access,Pending,26
S000306,M02489,2025-05-20,Refund Request,Pending,28
S000307,M01365,2024-05-19,Refund Request,Pending,18
S000308,M00896,2024-07-06,Account Access,Pending,25
S000309,M01264,2024-09-16,Fraud Complaint,Escalated,22
S000310,M00865,2024-05-04,API Integration,Pending,19
S000311,M00160,2025-06-04,Refund Request,Resolved,24
S000312,M00580,2025-03-20,Refund Request,Resolved,22
S000313,M00126,2025-04-01,API Integration,Resolved,30
S000314,M01616,2024-05-28,KYC Verification,Resolved,28
S000315,M01820,2024-03-12,Fraud Complaint,Resolved,39
S000316,M02726,2024-11-27,Failed Payment,Pending,21
S000317,M02980,2024-12-10,Account Access,Escalated,31
S000318,M02596,2024-06-30,Fraud Complaint,Resolved,22
S000319,M01312,2025-01-06,KYC Verification,Pending,14
S000320,M00542,2024-01-06,API Integration,Escalated,4
S000321,M00745,2024-03-03,API Integration,Resolved,25
S000322,M02081,2025-02-02,Refund Request,Resolved,25
S000323,M01285,2024-06-23,KYC Verification,Pending,20
S000324,M02792,2024-06-15,Fraud Complaint,Pending,18
S000325,M00296,2024-06-06,Fraud Complaint,Escalated,5
S000326,M02927,2024-09-28,Failed Payment,Resolved,28
S000327,M00377,2024-10-23,API Integration,Pending,22
S000328,M00322,2024-10-23,KYC Verification,Escalated,25
S000329,M00938,2024-09-30,Refund Request,Pending,26
S000330,M01691,2024-02-09,Failed Payment,Escalated,36
S000331,M01423,2024-05-08,Fraud Complaint,Pending,26
S000332,M02386,2025-04-13,Fraud Complaint,Resolved,9
S000333,M02311,2024-09-10,Refund Request,Resolved,18
S000334,M02612,2025-05-09,Refund Request,Escalated,25
S000335,M00376,2024-02-26,Failed Payment,Resolved,29
S000336,M02063,2025-05-24,Fraud Complaint,Pending,21
S000337,M00242,2024-04-19,Fraud Complaint,Pending,40
S000338,M01622,2025-06-21,Fraud Complaint,Resolved,26
S000339,M01440,2024-08-13,API Integration,Pending,33
S000340,M02108,2025-05-19,API Integration,Resolved,18
S000341,M00641,2024-01-29,KYC Verification,Escalated,14
S000342,M02613,2024-05-20,API Integration,Escalated,26
S000343,M01375,2024-07-06,API Integration,Pending,22
S000344,M02340,2024-04-25,Refund Request,Resolved,11
S000345,M02541,2025-01-08,API Integration,Pending,27
S000346,M02364,2025-05-15,KYC Verification,Pending,20
S000347,M01809,2024-04-10,Failed Payment,Pending,17
S000348,M01458,2024-05-07,KYC Verification,Resolved,26
S000349,M02198,2024-05-17,Refund Request,Resolved,12
S000350,M01243,2024-04-01,KYC Verification,Escalated,1
S000351,M02692,2024-04-03,API Integration,Escalated,23
S000352,M02719,2024-12-14,API Integration,Resolved,33
S000353,M02541,2024-04-07,Fraud Complaint,Escalated,25
S000354,M01161,2025-03-25,API Integration,Pending,24
S000355,M01007,2024-04-15,Refund Request,Escalated,21
S000356,M01514,2024-01-25,API Integration,Escalated,23
S000357,M00640,2024-09-28,Refund Request,Escalated,23
S000358,M00604,2024-07-01,Fraud Complaint,Pending,30
S000359,M02595,2024-07-04,KYC Verification,Resolved,19
S000360,M00704,2025-03-14,API Integration,Pending,21
S000361,M01127,2024-02-26,KYC Verification,Escalated,12
S000362,M02099,2024-10-02,KYC Verification,Pending,20
S000363,M02694,2024-07-12,Account Access,Pending,20
S000364,M00894,2024-11-06,Account Access,Pending,15
S000365,M01232,2024-01-18,API Integration,Resolved,18
S000366,M02848,2024-08-10,Refund Request,Resolved,42
S000367,M02327,2024-09-30,Failed Payment,Resolved,19
S000368,M02045,2025-01-31,Refund Request,Resolved,19
S000369,M00754,2024-03-02,Fraud Complaint,Resolved,29
S000370,M02082,2025-05-23,Fraud Complaint,Resolved,16
S000371,M02026,2024-11-17,Fraud Complaint,Escalated,24
S000372,M00277,2025-01-03,API Integration,Escalated,31
S000373,M02501,2025-04-30,API Integration,Escalated,12
S000374,M00225,2024-12-09,Refund Request,Resolved,25
S000375,M00021,2024-10-17,API Integration,Resolved,17
S000376,M01902,2025-05-16,API Integration,Pending,33
S000377,M02090,2024-11-27,Fraud Complaint,Pending,10
S000378,M00692,2024-12-19,KYC Verification,Escalated,18
S000379,M00347,2025-07-02,Fraud Complaint,Resolved,23
S000380,M00468,2024-09-08,Failed Payment,Escalated,18
S000381,M02711,2024-10-02,Failed Payment,Escalated,13
S000382,M01869,2024-07-22,Refund Request,Escalated,24
S000383,M01794,2024-01-18,API Integration,Pending,24
S000384,M02998,2024-05-04,Failed Payment,Pending,26
S000385,M01258,2024-01-06,Refund Request,Resolved,24
S000386,M00497,2024-08-08,Account Access,Escalated,22
S000387,M00331,2024-11-06,Fraud Complaint,Pending,28
S000388,M01238,2025-04-26,Failed Payment,Escalated,15
S000389,M02824,2024-03-29,Refund Request,Escalated,33
S000390,M01028,2025-03-26,Fraud Complaint,Pending,39
S000391,M01868,2024-12-09,Fraud Complaint,Escalated,19
S000392,M00363,2024-06-19,Fraud Complaint,Resolved,27
S000393,M00283,2024-08-13,API Integration,Pending,14
S000394,M00858,2025-04-23,API Integration,Resolved,20
S000395,M01340,2024-09-22,Failed Payment,Escalated,34
S000396,M00265,2024-01-31,KYC Verification,Escalated,9
S000397,M00631,2025-01-27,API Integration,Escalated,37
S000398,M01949,2024-06-09,Fraud Complaint,Resolved,21
S000399,M02787,2024-07-07,API Integration,Resolved,9
S000400,M02806,2025-03-02,Account Access,Resolved,31
S000401,M00889,2024-12-08,Refund Request,Pending,16
S000402,M01689,2025-04-26,Account Access,Pending,13
S000403,M00495,2024-06-07,Account Access,Resolved,50
S000404,M02357,2025-04-24,Fraud Complaint,Resolved,23
S000405,M00665,2025-06-08,API Integration,Pending,31
S000406,M00103,2024-02-27,Fraud Complaint,Resolved,7
S000407,M01822,2024-11-29,KYC Verification,Escalated,26
S000408,M02842,2024-10-08,API Integration,Pending,27
S000409,M00749,2025-02-20,Account Access,Pending,10
S000410,M01895,2024-02-11,Account Access,Escalated,24
S000411,M01345,2025-05-14,Failed Payment,Pending,3
S000412,M01043,2025-04-08,Fraud Complaint,Escalated,19
S000413,M00018,2025-05-02,API Integration,Resolved,33
S000414,M02381,2024-12-25,KYC Verification,Pending,25
S000415,M00739,2024-10-12,Failed Payment,Escalated,1
S000416,M02550,2024-01-18,API Integration,Pending,23
S000417,M02053,2024-10-22,Failed Payment,Escalated,23
S000418,M00419,2025-03-24,KYC Verification,Resolved,25
S000419,M02683,2024-09-13,Refund Request,Resolved,6
S000420,M02563,2024-11-10,KYC Verification,Pending,25
S000421,M00845,2024-05-31,KYC Verification,Resolved,27
S000422,M02198,2025-05-03,Failed Payment,Escalated,8
S000423,M01562,2024-01-23,KYC Verification,Resolved,20
S000424,M02233,2025-06-20,Refund Request,Pending,14
S000425,M00285,2024-05-03,Failed Payment,Escalated,24
S000426,M00185,2025-03-23,Account Access,Resolved,5
S000427,M02976,2025-04-18,Failed Payment,Escalated,35
S000428,M00914,2025-02-12,KYC Verification,Resolved,42
S000429,M02748,2024-10-30,Failed Payment,Escalated,23
S000430,M00592,2025-04-09,Account Access,Pending,47
S000431,M00539,2024-03-11,API Integration,Escalated,23
S000432,M01491,2024-12-18,Refund Request,Pending,33
S000433,M00754,2024-06-23,Failed Payment,Escalated,35
S000434,M00545,2025-06-07,Refund Request,Resolved,32
S000435,M00029,2024-07-16,Account Access,Pending,32
S000436,M02300,2024-06-01,Fraud Complaint,Escalated,5
S000437,M02011,2024-12-25,Failed Payment,Escalated,12
S000438,M00992,2024-11-13,Refund Request,Pending,20
S000439,M01497,2024-03-02,Refund Request,Pending,15
S000440,M01671,2024-04-13,API Integration,Escalated,30
S000441,M02804,2025-03-23,Fraud Complaint,Escalated,23
S000442,M01969,2024-06-28,Refund Request,Escalated,37
S000443,M01462,2025-03-06,Failed Payment,Resolved,13
S000444,M00669,2024-12-21,Failed Payment,Resolved,28
S000445,M01148,2024-03-07,Failed Payment,Escalated,22
S000446,M02489,2025-06-24,Failed Payment,Pending,18
S000447,M02943,2024-06-14,Account Access,Resolved,19
S000448,M02462,2025-04-28,Failed Payment,Escalated,46
S000449,M02509,2024-09-11,Account Access,Escalated,26
S000450,M01020,2025-06-20,Account Access,Resolved,1
S000451,M02305,2024-05-27,API Integration,Pending,36
S000452,M00944,2024-08-21,Account Access,Resolved,20
S000453,M02973,2024-07-17,Account Access,Resolved,19
S000454,M01908,2024-01-13,Failed Payment,Pending,21
S000455,M00760,2024-02-14,KYC Verification,Escalated,34
S000456,M01923,2025-04-06,API Integration,Resolved,18
S000457,M00502,2025-03-22,Fraud Complaint,Resolved,35
S000458,M02848,2024-03-28,Failed Payment,Resolved,18
S000459,M02092,2025-01-02,API Integration,Resolved,31
S000460,M02810,2025-06-20,API Integration,Escalated,41
S000461,M01159,2024-08-20,Failed Payment,Escalated,25
S000462,M02902,2024-09-16,Fraud Complaint,Resolved,10
S000463,M02957,2024-07-28,API Integration,Resolved,25
S000464,M00426,2025-05-26,Fraud Complaint,Resolved,26
S000465,M00919,2024-04-21,Refund Request,Resolved,17
S000466,M02873,2025-05-30,Account Access,Pending,38
S000467,M02569,2024-08-17,Fraud Complaint,Resolved,28
S000468,M01810,2024-03-16,KYC Verification,Resolved,42
S000469,M01282,2025-03-17,API Integration,Escalated,28
S000470,M00676,2025-01-06,API Integration,Escalated,15
S000471,M02871,2025-04-25,KYC Verification,Escalated,12
S000472,M00310,2024-12-13,Fraud Complaint,Escalated,20
S000473,M02457,2024-09-09,Fraud Complaint,Resolved,24
S000474,M01523,2024-06-08,Failed Payment,Pending,33
S000475,M00195,2024-04-13,Failed Payment,Escalated,33
S000476,M01668,2024-10-11,Account Access,Escalated,42
S000477,M00863,2024-11-29,KYC Verification,Pending,19
S000478,M02405,2024-07-15,API Integration,Resolved,8
S000479,M02601,2025-02-15,Account Access,Resolved,39
S000480,M02504,2025-04-03,Fraud Complaint,Escalated,6
S000481,M02721,2024-02-26,Fraud Complaint,Resolved,27
S000482,M02708,2025-03-25,Refund Request,Resolved,32
S000483,M02718,2025-03-04,Failed Payment,Escalated,36
S000484,M01239,2024-02-10,Refund Request,Pending,22
S000485,M01448,2025-06-27,Fraud Complaint,Pending,24
S000486,M01431,2025-02-21,KYC Verification,Pending,29
S000487,M01195,2024-12-15,Fraud Complaint,Resolved,23
S000488,M01145,2024-01-23,KYC Verification,Escalated,19
S000489,M01882,2025-04-22,Fraud Complaint,Resolved,30
S000490,M00601,2024-03-03,Fraud Complaint,Resolved,27
S000491,M00956,2024-07-24,KYC Verification,Escalated,33
S000492,M01693,2024-10-04,Refund Request,Pending,21
S000493,M00690,2024-01-31,API Integration,Escalated,24
S000494,M02473,2024-11-24,API Integration,Resolved,21
S000495,M00418,2024-03-23,Failed Payment,Escalated,29
S000496,M00454,2025-02-23,KYC Verification,Escalated,10
S000497,M02939,2024-09-26,Account Access,Resolved,21
S000498,M02587,2025-04-16,KYC Verification,Pending,29
S000499,M01591,2024-09-01,Account Access,Escalated,20
S000500,M00349,2025-03-18,Refund Request,Pending,39
S000501,M02769,2025-02-25,Account Access,Resolved,34
S000502,M00653,2024-12-19,API Integration,Pending,40
S000503,M00315,2025-05-30,Fraud Complaint,Pending,25
S000504,M02017,2024-03-19,Refund Request,Escalated,33
S000505,M00057,2025-05-19,API Integration,Pending,22
S000506,M01395,2024-11-09,KYC Verification,Pending,34
S000507,M00661,2024-05-06,API Integration,Pending,32
S000508,M02697,2025-06-19,Failed Payment,Escalated,15
S000509,M01541,2024-05-13,API Integration,Resolved,37
S000510,M02898,2024-12-21,Account Access,Pending,14
S000511,M01630,2025-03-16,Account Access,Escalated,21
S000512,M02010,2024-03-08,Refund Request,Pending,22
S000513,M01702,2024-09-25,API Integration,Escalated,39
S000514,M01512,2024-05-05,Fraud Complaint,Resolved,8
S000515,M02911,2025-03-26,Account Access,Pending,21
S000516,M01925,2025-03-31,Fraud Complaint,Pending,26
S000517,M00036,2025-03-29,Fraud Complaint,Resolved,44
S000518,M01239,2024-03-29,Refund Request,Pending,16
S000519,M01989,2024-06-26,Account Access,Resolved,4
S000520,M02887,2025-05-13,Refund Request,Pending,14
S000521,M02158,2025-04-11,Fraud Complaint,Escalated,18
S000522,M01992,2024-02-27,Account Access,Pending,25
S000523,M00606,2024-09-21,API Integration,Pending,17
S000524,M02266,2025-04-07,Fraud Complaint,Resolved,29
S000525,M02118,2024-08-08,Fraud Complaint,Resolved,30
S000526,M00176,2025-04-18,API Integration,Resolved,28
S000527,M00452,2024-03-11,KYC Verification,Escalated,11
S000528,M01561,2024-01-04,API Integration,Pending,40
S000529,M02656,2024-02-16,Fraud Complaint,Resolved,3
S000530,M01107,2024-09-19,Failed Payment,Resolved,33
S000531,M02771,2024-05-05,KYC Verification,Pending,13
S000532,M02370,2024-05-24,API Integration,Resolved,12
S000533,M00888,2025-01-17,API Integration,Escalated,11
S000534,M02021,2025-03-03,Refund Request,Resolved,38
S000535,M00902,2024-03-27,API Integration,Resolved,5
S000536,M01152,2024-04-18,Fraud Complaint,Resolved,23
S000537,M01011,2025-03-03,API Integration,Resolved,18
S000538,M01576,2024-02-16,Refund Request,Escalated,33
S000539,M00883,2025-01-16,KYC Verification,Resolved,25
S000540,M00852,2024-07-08,KYC Verification,Resolved,27
S000541,M01806,2024-07-15,Failed Payment,Escalated,24
S000542,M01011,2025-03-06,KYC Verification,Escalated,26
S000543,M00157,2024-09-30,KYC Verification,Resolved,16
S000544,M02467,2024-01-31,KYC Verification,Resolved,19
S000545,M01767,2025-06-10,Fraud Complaint,Resolved,43
S000546,M02316,2025-01-25,KYC Verification,Pending,13
S000547,M02988,2024-04-21,Fraud Complaint,Resolved,20
S000548,M01350,2024-04-02,Account Access,Resolved,16
S000549,M00413,2024-01-28,Failed Payment,Escalated,31
S000550,M00110,2025-06-10,Account Access,Escalated,19
S000551,M02047,2024-05-31,Account Access,Resolved,17
S000552,M00243,2024-05-23,Fraud Complaint,Escalated,22
S000553,M02044,2024-08-21,Refund Request,Resolved,34
S000554,M01638,2025-01-24,Fraud Complaint,Escalated,30
S000555,M02304,2024-09-29,API Integration,Resolved,21
S000556,M02581,2024-12-26,KYC Verification,Resolved,27
S000557,M02961,2025-06-05,KYC Verification,Escalated,16
S000558,M01478,2024-10-17,Fraud Complaint,Resolved,15
S000559,M02994,2024-12-27,Refund Request,Pending,9
S000560,M02411,2024-01-18,Refund Request,Resolved,11
S000561,M01392,2024-11-21,KYC Verification,Pending,22
S000562,M02959,2024-12-15,Failed Payment,Resolved,33
S000563,M01554,2024-02-08,Refund Request,Resolved,13
S000564,M01881,2024-01-25,API Integration,Escalated,39
S000565,M01364,2024-09-02,Failed Payment,Escalated,37
S000566,M00325,2025-05-29,KYC Verification,Resolved,23
S000567,M02657,2024-10-26,KYC Verification,Resolved,25
S000568,M02474,2024-10-13,Account Access,Escalated,23
S000569,M02827,2024-06-06,Failed Payment,Pending,18
S000570,M00948,2024-09-09,Refund Request,Escalated,22
S000571,M01303,2024-09-09,Refund Request,Pending,16
S000572,M02809,2025-01-11,Fraud Complaint,Pending,42
S000573,M01529,2024-11-26,Fraud Complaint,Resolved,14
S000574,M02238,2025-01-13,Fraud Complaint,Pending,12
S000575,M01811,2024-10-05,Refund Request,Pending,27
S000576,M00202,2024-03-01,Account Access,Escalated,30
S000577,M00333,2024-04-18,Refund Request,Escalated,25
S000578,M02435,2024-12-18,KYC Verification,Escalated,13
S000579,M02666,2025-04-14,Fraud Complaint,Escalated,49
S000580,M02225,2024-08-18,API Integration,Pending,18
S000581,M01134,2024-12-16,Account Access,Pending,12
S000582,M01105,2025-05-09,KYC Verification,Pending,31
S000583,M01972,2025-02-27,KYC Verification,Pending,29
S000584,M00543,2024-09-20,Account Access,Escalated,48
S000585,M00920,2024-12-20,Account Access,Escalated,21
S000586,M01726,2025-05-17,Fraud Complaint,Escalated,5
S000587,M01797,2024-05-01,KYC Verification,Resolved,29
S000588,M00134,2024-08-25,Account Access,Escalated,32
S000589,M01575,2025-04-22,Account Access,Resolved,23
S000590,M02896,2024-06-26,Account Access,Pending,22
S000591,M01795,2024-06-13,Refund Request,Pending,32
S000592,M02117,2025-01-26,API Integration,Resolved,10
S000593,M01253,2024-11-01,API Integration,Resolved,26
S000594,M02955,2025-06-03,Failed Payment,Pending,12
S000595,M01937,2024-04-17,API Integration,Resolved,17
S000596,M01347,2024-11-15,Fraud Complaint,Pending,23
S000597,M01006,2024-05-25,Refund Request,Escalated,23
S000598,M02191,2024-02-12,Fraud Complaint,Pending,16
S000599,M01821,2024-05-24,KYC Verification,Pending,22
S000600,M02938,2024-10-04,Fraud Complaint,Resolved,17
S000601,M00584,2025-05-28,Refund Request,Resolved,8
S000602,M02163,2025-01-22,Account Access,Escalated,38
S000603,M02170,2024-06-02,Refund Request,Escalated,35
S000604,M00893,2024-04-26,Refund Request,Escalated,33
S000605,M01128,2024-05-29,Account Access,Escalated,32
S000606,M00245,2024-04-29,Account Access,Pending,19
S000607,M02840,2024-07-12,Fraud Complaint,Resolved,29
S000608,M01369,2024-08-23,Fraud Complaint,Resolved,17
S000609,M01274,2025-03-06,API Integration,Resolved,1
S000610,M02714,2024-09-10,Failed Payment,Escalated,44
S000611,M01129,2025-04-28,KYC Verification,Pending,26
S000612,M02916,2025-05-07,Fraud Complaint,Escalated,22
S000613,M01378,2024-03-18,Refund Request,Resolved,11
S000614,M00280,2024-08-14,Fraud Complaint,Escalated,12
S000615,M02104,2024-11-08,Failed Payment,Pending,33
S000616,M02878,2024-05-02,Failed Payment,Escalated,15
S000617,M02994,2025-04-27,Account Access,Pending,24
S000618,M00420,2025-01-26,Fraud Complaint,Resolved,23
S000619,M00109,2025-03-04,Account Access,Pending,22
S000620,M00611,2024-04-28,Refund Request,Resolved,44
S000621,M00324,2024-05-08,KYC Verification,Escalated,29
S000622,M00158,2025-01-10,KYC Verification,Resolved,40
S000623,M01571,2024-02-15,Failed Payment,Escalated,24
S000624,M01546,2024-11-25,API Integration,Escalated,28
S000625,M00269,2024-06-20,API Integration,Resolved,20
S000626,M01502,2025-06-11,KYC Verification,Resolved,34
S000627,M01342,2024-12-10,KYC Verification,Escalated,19
S000628,M02286,2025-06-23,Fraud Complaint,Escalated,12
S000629,M00906,2024-07-19,Refund Request,Pending,24
S000630,M01443,2025-02-12,Fraud Complaint,Escalated,11
S000631,M01113,2024-01-12,KYC Verification,Resolved,7
S000632,M01142,2025-02-23,Fraud Complaint,Pending,12
S000633,M01239,2024-08-26,KYC Verification,Escalated,20
S000634,M02783,2025-04-19,Refund Request,Escalated,9
S000635,M02573,2024-11-20,API Integration,Pending,26
S000636,M02572,2024-04-18,API Integration,Escalated,31
S000637,M02347,2024-11-21,API Integration,Pending,29
S000638,M01994,2024-01-19,Fraud Complaint,Resolved,34
S000639,M02180,2025-06-19,Refund Request,Resolved,15
S000640,M00051,2024-11-23,Failed Payment,Pending,20
S000641,M01791,2024-07-31,API Integration,Escalated,15
S000642,M00187,2024-12-28,Account Access,Escalated,19
S000643,M02058,2025-03-02,KYC Verification,Pending,31
S000644,M00590,2025-05-20,API Integration,Pending,16
S000645,M00042,2025-05-31,Failed Payment,Pending,19
S000646,M00664,2024-03-14,Failed Payment,Pending,40
S000647,M00055,2025-05-26,Refund Request,Resolved,15
S000648,M01204,2025-03-27,KYC Verification,Pending,28
S000649,M00224,2024-10-19,KYC Verification,Resolved,42
S000650,M02582,2025-01-23,KYC Verification,Escalated,18
S000651,M00197,2024-07-04,Fraud Complaint,Resolved,35
S000652,M00856,2024-08-09,Account Access,Resolved,14
S000653,M01653,2025-06-29,Account Access,Pending,28
S000654,M01880,2025-01-17,Fraud Complaint,Pending,34
S000655,M02551,2025-03-31,Failed Payment,Pending,36
S000656,M01268,2024-10-01,Failed Payment,Escalated,31
S000657,M01002,2024-12-02,Refund Request,Escalated,26
S000658,M01297,2025-04-06,API Integration,Pending,22
S000659,M01373,2025-05-15,Failed Payment,Escalated,29
S000660,M01507,2024-07-30,Refund Request,Resolved,27
S000661,M00481,2025-06-30,Refund Request,Escalated,19
S000662,M01482,2024-11-21,Fraud Complaint,Pending,16
S000663,M02053,2025-01-18,Fraud Complaint,Escalated,12
S000664,M01035,2025-05-13,Refund Request,Resolved,17
S000665,M00153,2024-01-06,Fraud Complaint,Escalated,19
S000666,M02263,2025-01-29,Account Access,Escalated,39
S000667,M01984,2025-02-25,Fraud Complaint,Escalated,24
S000668,M01696,2024-05-04,Failed Payment,Resolved,29
S000669,M01952,2024-10-10,KYC Verification,Resolved,18
S000670,M01579,2025-01-01,Failed Payment,Resolved,43
S000671,M01018,2024-07-24,API Integration,Pending,29
S000672,M00283,2024-10-17,KYC Verification,Resolved,15
S000673,M02974,2024-04-03,Refund Request,Pending,16
S000674,M00327,2024-11-09,KYC Verification,Resolved,32
S000675,M01607,2025-06-20,KYC Verification,Resolved,14
S000676,M00614,2025-04-19,Fraud Complaint,Pending,26
S000677,M02247,2024-03-23,Refund Request,Pending,36
S000678,M01048,2024-01-17,API Integration,Pending,43
S000679,M00070,2024-09-07,Failed Payment,Escalated,46
S000680,M02023,2024-12-11,Refund Request,Resolved,13
S000681,M02749,2024-10-17,Refund Request,Pending,19
S000682,M01981,2025-04-14,Account Access,Resolved,21
S000683,M00873,2025-05-03,Fraud Complaint,Resolved,43
S000684,M00601,2024-09-10,Refund Request,Pending,30
S000685,M00334,2024-06-17,Fraud Complaint,Pending,1
S000686,M01044,2025-01-14,Fraud Complaint,Escalated,22
S000687,M02865,2024-12-23,Refund Request,Resolved,27
S000688,M02139,2024-05-24,Account Access,Pending,44
S000689,M00728,2024-04-07,Account Access,Resolved,43
S000690,M02027,2024-05-09,Refund Request,Resolved,4
S000691,M02526,2024-11-29,Fraud Complaint,Pending,41
S000692,M02400,2025-03-17,Fraud Complaint,Escalated,28
S000693,M00004,2024-08-30,Failed Payment,Resolved,16
S000694,M02705,2024-07-09,Refund Request,Escalated,3
S000695,M02932,2024-02-18,Account Access,Escalated,22
S000696,M02386,2025-05-14,Fraud Complaint,Pending,34
S000697,M02361,2024-02-10,Failed Payment,Resolved,19
S000698,M02025,2024-10-10,Fraud Complaint,Resolved,29
S000699,M00035,2024-08-31,KYC Verification,Pending,43
S000700,M01002,2024-09-06,API Integration,Resolved,31
S000701,M00672,2024-09-02,KYC Verification,Escalated,16
S000702,M01339,2025-06-09,Failed Payment,Resolved,13
S000703,M01945,2024-02-02,Fraud Complaint,Resolved,19
S000704,M00870,2024-06-08,Fraud Complaint,Resolved,34
S000705,M01375,2025-04-03,Failed Payment,Escalated,39
S000706,M01549,2024-04-24,Failed Payment,Escalated,31
S000707,M02394,2025-02-17,Account Access,Resolved,13
S000708,M01174,2024-06-26,Account Access,Escalated,19
S000709,M01502,2024-04-03,API Integration,Escalated,14
S000710,M00355,2024-07-10,API Integration,Escalated,39
S000711,M02382,2025-05-02,Refund Request,Resolved,36
S000712,M01916,2025-04-12,API Integration,Escalated,37
S000713,M01649,2024-08-12,Refund Request,Pending,20
S000714,M02538,2024-12-15,Account Access,Resolved,31
S000715,M01180,2024-02-11,API Integration,Pending,1
S000716,M02256,2024-05-04,API Integration,Pending,16
S000717,M02304,2024-10-16,Fraud Complaint,Resolved,18
S000718,M02035,2024-08-31,Failed Payment,Pending,18
S000719,M02221,2024-11-21,Refund Request,Pending,22
S000720,M00673,2024-02-05,Fraud Complaint,Pending,29
S000721,M02796,2025-01-07,Account Access,Escalated,17
S000722,M00776,2024-04-06,Failed Payment,Resolved,32
S000723,M02838,2024-03-06,Refund Request,Resolved,1
S000724,M00793,2025-04-29,Fraud Complaint,Pending,28
S000725,M00077,2024-10-28,API Integration,Pending,36
S000726,M00662,2024-03-12,Failed Payment,Escalated,26
S000727,M01521,2025-03-08,KYC Verification,Pending,16
S000728,M01964,2024-02-07,Refund Request,Resolved,11
S000729,M02802,2024-12-30,API Integration,Pending,34
S000730,M01254,2025-02-10,Refund Request,Resolved,29
S000731,M01647,2024-07-06,KYC Verification,Pending,19
S000732,M02188,2024-08-28,KYC Verification,Escalated,20
S000733,M00099,2024-10-31,Account Access,Resolved,24
S000734,M02966,2024-10-09,KYC Verification,Pending,15
S000735,M02194,2024-02-23,Refund Request,Resolved,27
S000736,M00901,2025-01-23,Fraud Complaint,Escalated,43
S000737,M01121,2024-04-04,Refund Request,Resolved,23
S000738,M00033,2024-12-10,Account Access,Escalated,25
S000739,M01799,2025-06-04,API Integration,Pending,32
S000740,M01848,2025-02-16,Failed Payment,Escalated,31
S000741,M01226,2025-04-08,Failed Payment,Pending,29
S000742,M01309,2024-03-16,API Integration,Resolved,13
S000743,M00264,2024-03-13,KYC Verification,Escalated,6
S000744,M01308,2025-01-02,Refund Request,Resolved,24
S000745,M02343,2024-11-06,API Integration,Escalated,16
S000746,M00254,2024-02-29,KYC Verification,Resolved,40
S000747,M02737,2024-02-21,KYC Verification,Resolved,24
S000748,M01037,2024-04-18,Account Access,Resolved,14
S000749,M00224,2024-01-21,API Integration,Escalated,32
S000750,M02156,2025-02-18,KYC Verification,Pending,34
S000751,M00144,2024-07-27,KYC Verification,Pending,29
S000752,M01333,2024-07-19,API Integration,Pending,14
S000753,M01441,2024-03-24,API Integration,Pending,6
S000754,M01297,2024-12-09,API Integration,Resolved,25
S000755,M01371,2024-04-09,KYC Verification,Pending,26
S000756,M02727,2025-04-01,API Integration,Pending,20
S000757,M01706,2024-06-09,API Integration,Escalated,23
S000758,M01417,2024-09-25,Failed Payment,Pending,19
S000759,M02059,2024-09-22,Fraud Complaint,Escalated,6
S000760,M02421,2024-03-06,KYC Verification,Resolved,16
S000761,M02562,2024-02-17,KYC Verification,Pending,26
S000762,M02824,2024-11-20,Failed Payment,Resolved,23
S000763,M02276,2024-02-08,Account Access,Pending,14
S000764,M01898,2024-05-15,KYC Verification,Resolved,38
S000765,M02623,2024-11-06,KYC Verification,Escalated,22
S000766,M02222,2025-05-07,Account Access,Escalated,26
S000767,M01012,2024-12-31,Fraud Complaint,Resolved,16
S000768,M00370,2024-09-28,Account Access,Escalated,33
S000769,M01617,2024-01-13,Failed Payment,Resolved,32
S000770,M00792,2025-01-31,Refund Request,Pending,23
S000771,M00495,2024-07-20,Failed Payment,Escalated,26
S000772,M02865,2024-08-14,Account Access,Escalated,29
S000773,M01935,2024-10-11,Account Access,Escalated,23
S000774,M00302,2024-09-22,Failed Payment,Escalated,11
S000775,M01643,2024-07-01,Failed Payment,Resolved,30
S000776,M00693,2025-03-18,KYC Verification,Resolved,22
S000777,M02496,2024-01-24,KYC Verification,Pending,30
S000778,M01201,2025-01-20,Failed Payment,Pending,28
S000779,M00084,2024-03-30,API Integration,Resolved,28
S000780,M01834,2025-05-15,Failed Payment,Escalated,34
S000781,M02045,2024-06-08,KYC Verification,Resolved,22
S000782,M02267,2024-03-27,Fraud Complaint,Resolved,34
S000783,M02829,2024-12-16,API Integration,Escalated,17
S000784,M01048,2024-01-15,API Integration,Resolved,29
S000785,M02262,2024-04-07,Refund Request,Resolved,23
S000786,M02226,2024-09-09,API Integration,Resolved,16
S000787,M01164,2024-04-24,Account Access,Resolved,29
S000788,M02913,2024-07-05,API Integration,Escalated,32
S000789,M01501,2024-05-10,Failed Payment,Escalated,21
S000790,M01895,2024-01-28,Failed Payment,Escalated,26
S000791,M02480,2025-02-22,Account Access,Escalated,31
S000792,M02568,2024-08-18,Fraud Complaint,Pending,16
S000793,M01280,2024-12-28,API Integration,Resolved,34
S000794,M02975,2024-02-25,API Integration,Pending,25
S000795,M01882,2024-11-04,Refund Request,Escalated,34
S000796,M00924,2025-03-24,API Integration,Escalated,42
S000797,M01660,2025-04-04,API Integration,Pending,32
S000798,M01956,2024-06-05,API Integration,Resolved,31
S000799,M00752,2025-02-02,API Integration,Resolved,25
S000800,M00554,2024-01-17,Refund Request,Pending,25
S000801,M02007,2024-09-02,KYC Verification,Pending,21
S000802,M01508,2024-09-29,Failed Payment,Resolved,17
S000803,M01724,2024-07-07,Refund Request,Pending,12
S000804,M01747,2024-04-01,API Integration,Escalated,12
S000805,M00341,2024-02-15,API Integration,Pending,37
S000806,M02698,2025-01-22,API Integration,Pending,33
S000807,M02250,2024-09-30,KYC Verification,Resolved,13
S000808,M00190,2025-03-29,Failed Payment,Resolved,23
S000809,M01411,2025-05-18,API Integration,Escalated,29
S000810,M00132,2025-04-13,KYC Verification,Escalated,32
S000811,M02149,2024-03-15,Failed Payment,Resolved,26
S000812,M00564,2024-09-11,API Integration,Escalated,21
S000813,M00073,2025-01-24,Fraud Complaint,Pending,11
S000814,M00540,2025-05-15,API Integration,Resolved,33
S000815,M01362,2025-03-27,KYC Verification,Escalated,27
S000816,M02821,2024-08-13,KYC Verification,Pending,34
S000817,M00545,2024-11-13,Failed Payment,Escalated,25
S000818,M02499,2024-02-14,Failed Payment,Escalated,19
S000819,M01430,2024-06-18,Failed Payment,Resolved,36
S000820,M02694,2024-11-05,Account Access,Pending,25
S000821,M00252,2025-02-08,API Integration,Escalated,46
S000822,M02851,2024-09-18,KYC Verification,Escalated,26
S000823,M00521,2025-04-16,KYC Verification,Resolved,10
S000824,M02516,2024-10-11,KYC Verification,Pending,36
S000825,M00731,2024-07-05,API Integration,Pending,25
S000826,M02137,2024-06-19,Account Access,Resolved,28
S000827,M00605,2024-10-26,Failed Payment,Resolved,8
S000828,M00209,2025-02-12,Refund Request,Pending,21
S000829,M02661,2024-06-15,KYC Verification,Pending,38
S000830,M02090,2024-06-01,Account Access,Escalated,11
S000831,M02595,2025-05-09,Refund Request,Pending,21
S000832,M00505,2024-01-01,KYC Verification,Escalated,27
S000833,M00608,2024-09-08,API Integration,Pending,28
S000834,M01898,2025-01-17,Failed Payment,Pending,27
S000835,M02930,2025-03-09,Account Access,Escalated,33
S000836,M01232,2024-04-08,API Integration,Resolved,17
S000837,M00750,2024-03-30,Account Access,Escalated,39
S000838,M01550,2024-12-11,KYC Verification,Escalated,25
S000839,M01085,2025-04-07,Refund Request,Pending,35
S000840,M01444,2024-11-21,Account Access,Resolved,39
S000841,M02264,2024-12-08,Account Access,Resolved,17
S000842,M00892,2025-02-07,Fraud Complaint,Resolved,25
S000843,M02716,2024-09-19,Account Access,Resolved,18
S000844,M02095,2024-10-24,API Integration,Resolved,43
S000845,M01688,2025-02-24,Refund Request,Pending,19
S000846,M02380,2024-10-05,Fraud Complaint,Pending,28
S000847,M00337,2025-03-23,Refund Request,Escalated,8
S000848,M00082,2024-10-06,Failed Payment,Pending,36
S000849,M02709,2024-02-03,API Integration,Escalated,16
S000850,M02582,2024-09-04,API Integration,Escalated,30
S000851,M01473,2024-06-16,KYC Verification,Resolved,19
S000852,M01249,2024-04-07,Account Access,Resolved,27
S000853,M01009,2024-04-24,API Integration,Escalated,24
S000854,M00275,2024-12-28,Refund Request,Escalated,34
S000855,M02523,2024-09-12,API Integration,Resolved,11
S000856,M01398,2024-01-20,API Integration,Pending,32
S000857,M01790,2024-11-28,KYC Verification,Resolved,1
S000858,M00840,2024-08-30,KYC Verification,Pending,27
S000859,M02754,2024-09-17,Fraud Complaint,Resolved,27
S000860,M02275,2024-07-30,Account Access,Escalated,18
S000861,M01291,2024-05-19,API Integration,Escalated,19
S000862,M02034,2025-06-20,Failed Payment,Escalated,20
S000863,M00035,2024-06-03,Failed Payment,Pending,1
S000864,M00021,2024-05-21,Fraud Complaint,Resolved,22
S000865,M00384,2024-11-27,Fraud Complaint,Escalated,26
S000866,M02163,2024-06-05,Fraud Complaint,Escalated,12
S000867,M00043,2024-08-22,API Integration,Pending,24
S000868,M02453,2024-09-26,Failed Payment,Escalated,8
S000869,M00247,2024-07-01,Failed Payment,Pending,40
S000870,M00427,2024-06-22,API Integration,Resolved,30
S000871,M01511,2024-05-24,KYC Verification,Resolved,46
S000872,M01185,2025-03-07,API Integration,Resolved,30
S000873,M02937,2024-08-30,Fraud Complaint,Pending,17
S000874,M01320,2024-12-15,Fraud Complaint,Resolved,16
S000875,M01305,2025-06-02,Refund Request,Escalated,10
S000876,M00686,2024-11-14,Failed Payment,Escalated,38
S000877,M02030,2025-03-22,Account Access,Pending,30
S000878,M01096,2024-05-28,Account Access,Pending,11
S000879,M01037,2024-12-03,KYC Verification,Escalated,20
S000880,M00478,2024-01-14,Refund Request,Pending,6
S000881,M02192,2025-06-06,API Integration,Resolved,23
S000882,M00261,2025-01-18,Failed Payment,Pending,25
S000883,M00585,2025-03-21,API Integration,Pending,18
S000884,M02590,2024-07-27,Fraud Complaint,Resolved,23
S000885,M02937,2025-01-31,Failed Payment,Resolved,31
S000886,M01897,2024-05-12,Account Access,Escalated,35
S000887,M00568,2024-03-07,API Integration,Escalated,28
S000888,M02791,2025-01-24,Account Access,Resolved,23
S000889,M00474,2024-04-23,Refund Request,Escalated,20
S000890,M00197,2024-03-08,Failed Payment,Resolved,22
S000891,M01779,2024-02-20,Refund Request,Resolved,30
S000892,M00719,2024-02-06,API Integration,Resolved,18
S000893,M02205,2025-04-12,Account Access,Escalated,15
S000894,M02698,2024-08-11,API Integration,Resolved,32
S000895,M00219,2024-12-26,API Integration,Escalated,27
S000896,M01220,2025-05-25,KYC Verification,Escalated,17
S000897,M00731,2024-07-20,Account Access,Resolved,5
S000898,M02512,2025-03-10,Failed Payment,Resolved,15
S000899,M02619,2025-04-16,API Integration,Escalated,7
S000900,M00062,2024-04-02,Refund Request,Resolved,32
S000901,M01377,2024-12-21,Fraud Complaint,Resolved,38
S000902,M01713,2024-02-05,KYC Verification,Resolved,36
S000903,M00461,2024-08-17,API Integration,Resolved,14
S000904,M00272,2025-04-23,API Integration,Resolved,9
S000905,M00277,2024-11-18,API Integration,Pending,38
S000906,M00542,2024-06-26,API Integration,Resolved,28
S000907,M00406,2024-01-18,Account Access,Pending,19
S000908,M02353,2024-06-21,Failed Payment,Escalated,33
S000909,M02503,2025-06-23,API Integration,Resolved,30
S000910,M01399,2024-11-27,Failed Payment,Pending,22
S000911,M00315,2025-05-16,Account Access,Pending,18
S000912,M00507,2025-05-27,Failed Payment,Escalated,14
S000913,M01763,2024-11-07,Refund Request,Pending,17
S000914,M02295,2024-04-11,Failed Payment,Pending,20
S000915,M01312,2025-06-11,Failed Payment,Resolved,14
S000916,M01857,2024-11-11,KYC Verification,Pending,15
S000917,M02245,2024-06-01,Failed Payment,Escalated,34
S000918,M01335,2024-03-04,API Integration,Escalated,36
S000919,M00845,2024-06-26,Account Access,Escalated,42
S000920,M02336,2024-10-28,Refund Request,Pending,31
S000921,M02540,2025-03-09,Account Access,Pending,28
S000922,M00295,2024-12-06,Fraud Complaint,Resolved,37
S000923,M00855,2025-04-07,Refund Request,Pending,9
S000924,M00444,2024-08-06,Refund Request,Escalated,39
S000925,M01801,2024-04-03,KYC Verification,Pending,12
S000926,M01839,2025-06-22,Account Access,Pending,11
S000927,M01926,2024-05-01,Failed Payment,Resolved,23
S000928,M01907,2024-11-23,Account Access,Resolved,25
S000929,M02668,2025-03-05,Fraud Complaint,Escalated,26
S000930,M01774,2024-04-13,Fraud Complaint,Resolved,18
S000931,M02797,2024-02-21,API Integration,Escalated,33
S000932,M00973,2025-03-19,KYC Verification,Escalated,3
S000933,M01724,2024-04-10,Refund Request,Escalated,11
S000934,M00274,2025-05-10,Fraud Complaint,Pending,24
S000935,M02314,2025-04-06,KYC Verification,Pending,29
S000936,M02979,2024-07-27,KYC Verification,Escalated,18
S000937,M02820,2024-01-05,Fraud Complaint,Resolved,16
S000938,M02373,2024-03-21,Account Access,Escalated,8
S000939,M01670,2024-10-09,KYC Verification,Pending,10
S000940,M01467,2024-10-17,Refund Request,Pending,31
S000941,M00582,2025-03-01,Fraud Complaint,Escalated,18
S000942,M00730,2024-01-03,Refund Request,Resolved,23
S000943,M02277,2025-03-17,Refund Request,Escalated,14
S000944,M00125,2024-01-30,API Integration,Pending,36
S000945,M02838,2025-05-06,API Integration,Escalated,27
S000946,M00618,2024-06-13,KYC Verification,Resolved,1
S000947,M00264,2024-11-05,API Integration,Pending,21
S000948,M01789,2025-05-24,Failed Payment,Escalated,18
S000949,M01636,2024-12-12,Account Access,Escalated,20
S000950,M01965,2024-12-23,Fraud Complaint,Resolved,21
S000951,M01412,2025-06-14,API Integration,Pending,35
S000952,M01975,2024-06-20,Fraud Complaint,Pending,39
S000953,M01015,2024-01-07,Fraud Complaint,Pending,33
S000954,M01187,2024-10-11,Fraud Complaint,Resolved,1
S000955,M01896,2024-04-28,KYC Verification,Escalated,15
S000956,M01579,2024-03-13,Fraud Complaint,Pending,24
S000957,M01133,2024-03-01,Account Access,Escalated,23
S000958,M02988,2024-12-06,KYC Verification,Pending,32
S000959,M02405,2024-04-08,Failed Payment,Escalated,22
S000960,M02904,2025-06-18,Fraud Complaint,Resolved,15
S000961,M02774,2024-06-14,Account Access,Resolved,23
S000962,M02780,2025-04-19,KYC Verification,Pending,25
S000963,M01215,2025-06-22,KYC Verification,Resolved,27
S000964,M01303,2025-06-16,API Integration,Pending,22
S000965,M01474,2025-05-18,KYC Verification,Resolved,16
S000966,M00714,2025-05-15,Refund Request,Pending,12
S000967,M02269,2025-05-19,Fraud Complaint,Pending,12
S000968,M01952,2024-06-05,Failed Payment,Pending,16
S000969,M01477,2024-06-13,Refund Request,Resolved,38
S000970,M01936,2025-04-17,Fraud Complaint,Pending,4
S000971,M02067,2025-04-23,KYC Verification,Escalated,15
S000972,M02051,2024-10-07,KYC Verification,Resolved,34
S000973,M02735,2025-03-03,API Integration,Escalated,13
S000974,M01135,2024-06-12,KYC Verification,Resolved,30
S000975,M00474,2024-10-05,KYC Verification,Escalated,25
S000976,M01131,2024-03-07,Refund Request,Escalated,20
S000977,M02858,2024-10-02,Fraud Complaint,Escalated,27
S000978,M01579,2025-06-20,Fraud Complaint,Escalated,28
S000979,M00615,2024-10-30,Refund Request,Pending,18
S000980,M00394,2024-02-18,API Integration,Resolved,23
S000981,M01913,2024-11-21,Account Access,Escalated,31
S000982,M02012,2024-08-14,Account Access,Escalated,20
S000983,M01600,2024-08-12,Fraud Complaint,Resolved,14
S000984,M01495,2024-07-10,API Integration,Resolved,28
S000985,M02509,2025-02-28,Fraud Complaint,Pending,25
S000986,M02581,2024-09-30,Fraud Complaint,Escalated,23
S000987,M01994,2025-01-03,Account Access,Pending,16
S000988,M02967,2024-08-29,Failed Payment,Resolved,29
S000989,M00798,2024-07-18,Fraud Complaint,Pending,4
S000990,M02791,2024-09-07,API Integration,Pending,18
S000991,M01153,2024-10-17,Fraud Complaint,Resolved,24
S000992,M01594,2025-06-24,Account Access,Pending,19
S000993,M02456,2024-06-23,Failed Payment,Resolved,6
S000994,M00348,2025-01-17,Fraud Complaint,Pending,40
S000995,M01697,2024-08-30,Fraud Complaint,Resolved,23
S000996,M00850,2025-04-28,Refund Request,Escalated,37
S000997,M01500,2024-08-22,KYC Verification,Pending,20
S000998,M01717,2025-06-15,Refund Request,Pending,14
S000999,M01422,2025-04-09,Fraud Complaint,Escalated,25
S001000,M00202,2025-01-16,API Integration,Pending,23
S001001,M02454,2024-08-27,Failed Payment,Escalated,33
S001002,M01969,2025-02-15,Account Access,Resolved,46
S001003,M02699,2024-05-18,Fraud Complaint,Pending,19
S001004,M02527,2024-05-29,Account Access,Pending,3
S001005,M01403,2024-01-28,Refund Request,Resolved,26
S001006,M00411,2025-03-20,Failed Payment,Escalated,23
S001007,M00165,2025-02-01,Fraud Complaint,Resolved,24
S001008,M02766,2025-05-02,Failed Payment,Pending,20
S001009,M02398,2024-12-08,KYC Verification,Escalated,12
S001010,M00312,2024-06-15,Fraud Complaint,Escalated,8
S001011,M01479,2025-03-04,API Integration,Pending,44
S001012,M01674,2025-05-22,Refund Request,Escalated,12
S001013,M02858,2024-02-09,Refund Request,Resolved,42
S001014,M01758,2025-01-18,Fraud Complaint,Escalated,31
S001015,M01679,2025-04-01,Account Access,Resolved,19
S001016,M00465,2025-01-27,Account Access,Escalated,36
S001017,M00519,2024-10-09,Refund Request,Pending,5
S001018,M02822,2025-02-21,Failed Payment,Pending,8
S001019,M00159,2024-05-16,Account Access,Pending,18
S001020,M01156,2025-03-17,Fraud Complaint,Resolved,11
S001021,M00963,2025-03-10,API Integration,Escalated,4
S001022,M01979,2024-09-30,KYC Verification,Escalated,32
S001023,M01928,2024-11-23,KYC Verification,Resolved,25
S001024,M01744,2024-02-09,KYC Verification,Resolved,10
S001025,M01738,2024-07-21,API Integration,Resolved,15
S001026,M01407,2024-11-07,Failed Payment,Escalated,16
S001027,M00365,2024-06-26,KYC Verification,Escalated,30
S001028,M01445,2024-07-15,API Integration,Resolved,40
S001029,M00581,2024-08-18,Failed Payment,Escalated,29
S001030,M00675,2025-01-31,Account Access,Resolved,20
S001031,M01738,2025-02-22,Fraud Complaint,Resolved,28
S001032,M01502,2024-06-13,Account Access,Escalated,22
S001033,M00995,2025-02-23,Failed Payment,Pending,30
S001034,M02233,2024-10-29,Refund Request,Resolved,43
S001035,M01196,2024-11-15,Fraud Complaint,Escalated,24
S001036,M00307,2025-01-17,API Integration,Escalated,27
S001037,M02709,2025-05-25,Account Access,Escalated,1
S001038,M02932,2024-01-01,KYC Verification,Escalated,28
S001039,M01537,2024-11-25,KYC Verification,Pending,14
S001040,M02786,2024-04-15,Failed Payment,Escalated,26
S001041,M01918,2025-02-04,Fraud Complaint,Pending,30
S001042,M00913,2025-05-01,Failed Payment,Resolved,18
S001043,M00153,2024-10-29,Fraud Complaint,Escalated,26
S001044,M02585,2024-12-27,Failed Payment,Resolved,46
S001045,M01194,2024-05-25,Failed Payment,Escalated,18
S001046,M02488,2025-01-31,Refund Request,Escalated,20
S001047,M00673,2025-04-14,Account Access,Resolved,22
S001048,M02227,2024-04-23,Account Access,Escalated,28
S001049,M01507,2025-06-11,Account Access,Resolved,20
S001050,M01414,2024-04-14,Account Access,Resolved,41
S001051,M02509,2025-05-10,KYC Verification,Resolved,32
S001052,M02936,2024-12-22,Failed Payment,Pending,25
S001053,M01991,2024-06-06,API Integration,Escalated,16
S001054,M02522,2025-05-16,Refund Request,Escalated,28
S001055,M00882,2025-06-12,Account Access,Resolved,31
S001056,M00445,2025-06-12,Account Access,Escalated,23
S001057,M00910,2025-05-16,API Integration,Escalated,18
S001058,M02821,2024-11-07,API Integration,Escalated,33
S001059,M00900,2024-07-11,KYC Verification,Resolved,29
S001060,M01346,2024-10-01,KYC Verification,Resolved,29
S001061,M00245,2024-07-02,API Integration,Escalated,20
S001062,M01117,2025-04-29,Refund Request,Escalated,24
S001063,M00237,2025-05-24,KYC Verification,Escalated,28
S001064,M02713,2025-06-06,Refund Request,Resolved,7
S001065,M01134,2025-04-29,Fraud Complaint,Resolved,39
S001066,M00713,2025-05-25,Account Access,Resolved,7
S001067,M02842,2025-06-06,Account Access,Escalated,17
S001068,M01976,2024-03-02,Refund Request,Resolved,32
S001069,M01481,2025-01-19,KYC Verification,Escalated,30
S001070,M02487,2024-08-12,API Integration,Pending,13
S001071,M02341,2025-01-05,Account Access,Resolved,30
S001072,M02328,2024-05-18,KYC Verification,Pending,38
S001073,M01477,2024-11-20,API Integration,Resolved,16
S001074,M00904,2024-05-12,Fraud Complaint,Pending,17
S001075,M01206,2024-04-13,Refund Request,Escalated,25
S001076,M02700,2025-06-13,KYC Verification,Escalated,27
S001077,M00407,2025-02-20,Failed Payment,Escalated,27
S001078,M02828,2025-03-04,Refund Request,Resolved,27
S001079,M02678,2024-04-09,Refund Request,Pending,38
S001080,M01495,2024-02-14,KYC Verification,Pending,23
S001081,M01876,2025-06-12,Failed Payment,Resolved,11
S001082,M02079,2025-05-21,Account Access,Pending,47
S001083,M00868,2024-07-30,Fraud Complaint,Pending,35
S001084,M01867,2024-01-05,API Integration,Escalated,5
S001085,M00191,2024-09-25,KYC Verification,Resolved,32
S001086,M02573,2024-09-22,API Integration,Escalated,35
S001087,M00296,2024-07-24,Failed Payment,Escalated,24
S001088,M00365,2024-04-04,KYC Verification,Resolved,15
S001089,M00761,2024-12-07,Refund Request,Resolved,21
S001090,M02500,2024-03-13,KYC Verification,Pending,26
S001091,M01189,2024-07-05,Account Access,Escalated,22
S001092,M02643,2024-04-30,KYC Verification,Pending,31
S001093,M00880,2024-03-23,Fraud Complaint,Escalated,22
S001094,M02962,2025-02-27,Fraud Complaint,Pending,18
S001095,M01336,2025-04-09,Failed Payment,Escalated,37
S001096,M01310,2024-09-23,Account Access,Pending,4
S001097,M00835,2025-03-10,KYC Verification,Resolved,22
S001098,M00188,2024-12-16,API Integration,Escalated,34
S001099,M02906,2024-06-15,Refund Request,Pending,24
S001100,M00717,2025-01-25,Account Access,Pending,19
S001101,M01684,2025-01-20,Account Access,Resolved,38
S001102,M02407,2024-12-29,Refund Request,Escalated,27
S001103,M00018,2024-05-24,KYC Verification,Escalated,28
S001104,M01687,2024-04-12,Refund Request,Pending,24
S001105,M02842,2025-06-01,KYC Verification,Pending,34
S001106,M02851,2025-01-19,Failed Payment,Escalated,29
S001107,M01280,2025-02-14,Fraud Complaint,Escalated,25
S001108,M02428,2024-11-12,KYC Verification,Pending,23
S001109,M00679,2024-07-19,KYC Verification,Escalated,14
S001110,M02688,2025-01-11,Refund Request,Pending,16
S001111,M02850,2025-04-06,Account Access,Escalated,31
S001112,M01656,2024-11-18,KYC Verification,Resolved,23
S001113,M02970,2025-06-22,Account Access,Pending,25
S001114,M00360,2024-12-14,KYC Verification,Pending,28
S001115,M01680,2025-01-14,Refund Request,Escalated,3
S001116,M00030,2024-02-06,Fraud Complaint,Pending,15
S001117,M01608,2025-05-28,Account Access,Escalated,1
S001118,M02129,2025-03-08,API Integration,Resolved,27
S001119,M02967,2024-08-23,Fraud Complaint,Resolved,19
S001120,M02072,2024-01-05,Fraud Complaint,Resolved,25
S001121,M00908,2024-09-08,Account Access,Escalated,43
S001122,M01164,2024-02-05,Fraud Complaint,Escalated,20
S001123,M02938,2025-06-26,Account Access,Pending,16
S001124,M01632,2024-03-23,Refund Request,Pending,16
S001125,M01205,2024-09-05,Account Access,Resolved,27
S001126,M00211,2024-07-29,Account Access,Resolved,34
S001127,M02458,2024-07-14,API Integration,Escalated,24
S001128,M01579,2024-03-08,API Integration,Pending,7
S001129,M00769,2024-12-30,Fraud Complaint,Resolved,25
S001130,M01486,2025-04-08,API Integration,Escalated,32
S001131,M01129,2024-12-19,Account Access,Pending,28
S001132,M00799,2024-04-22,Fraud Complaint,Escalated,20
S001133,M01223,2024-11-17,Account Access,Pending,14
S001134,M02987,2025-02-10,Fraud Complaint,Escalated,21
S001135,M00456,2024-04-12,Failed Payment,Pending,22
S001136,M01921,2025-02-03,Refund Request,Resolved,24
S001137,M01376,2024-02-24,Failed Payment,Resolved,22
S001138,M02180,2024-03-01,Refund Request,Escalated,24
S001139,M00195,2025-02-21,Fraud Complaint,Pending,1
S001140,M00714,2024-11-10,Account Access,Pending,18
S001141,M02390,2024-06-27,Fraud Complaint,Pending,52
S001142,M01819,2024-08-29,Account Access,Escalated,41
S001143,M00454,2024-08-25,KYC Verification,Escalated,41
S001144,M02593,2024-11-01,API Integration,Resolved,25
S001145,M01133,2024-01-09,API Integration,Escalated,30
S001146,M01682,2025-05-04,Account Access,Escalated,25
S001147,M02758,2024-06-11,API Integration,Pending,6
S001148,M00125,2025-05-07,KYC Verification,Pending,34
S001149,M00229,2024-04-27,Failed Payment,Pending,28
S001150,M01222,2024-04-17,Account Access,Resolved,31
S001151,M02964,2024-01-12,KYC Verification,Escalated,9
S001152,M02688,2024-03-02,Refund Request,Escalated,16
S001153,M02847,2024-09-13,API Integration,Escalated,27
S001154,M00185,2024-11-23,API Integration,Resolved,23
S001155,M02769,2024-10-09,Failed Payment,Resolved,14
S001156,M00436,2024-05-20,KYC Verification,Pending,21
S001157,M00920,2025-05-31,API Integration,Pending,11
S001158,M01485,2024-01-06,API Integration,Pending,31
S001159,M00146,2025-04-25,API Integration,Pending,13
S001160,M00825,2024-06-27,API Integration,Pending,31
S001161,M02750,2025-04-14,Fraud Complaint,Escalated,26
S001162,M01101,2024-08-23,API Integration,Pending,6
S001163,M00842,2024-01-14,Account Access,Resolved,43
S001164,M01524,2024-11-28,API Integration,Pending,22
S001165,M00552,2025-05-08,KYC Verification,Pending,21
S001166,M00573,2024-10-28,Failed Payment,Resolved,30
S001167,M01517,2024-08-01,Failed Payment,Pending,28
S001168,M02486,2025-03-21,API Integration,Resolved,39
S001169,M00593,2024-04-08,Refund Request,Escalated,33
S001170,M01903,2024-11-30,API Integration,Escalated,10
S001171,M01048,2024-07-27,Failed Payment,Resolved,31
S001172,M00195,2024-01-14,Refund Request,Escalated,34
S001173,M02145,2024-08-18,KYC Verification,Escalated,38
S001174,M01212,2024-01-29,Fraud Complaint,Resolved,22
S001175,M02358,2025-03-25,KYC Verification,Resolved,21
S001176,M02574,2025-04-18,Account Access,Pending,24
S001177,M00345,2024-08-04,Refund Request,Resolved,20
S001178,M01025,2025-05-08,API Integration,Pending,27
S001179,M02142,2024-03-09,API Integration,Resolved,35
S001180,M00099,2025-05-24,KYC Verification,Escalated,20
S001181,M00190,2025-04-28,API Integration,Pending,21
S001182,M01717,2024-09-03,KYC Verification,Pending,19
S001183,M00291,2025-02-05,Account Access,Pending,19
S001184,M01743,2024-05-23,Account Access,Pending,36
S001185,M00061,2025-05-14,Fraud Complaint,Pending,29
S001186,M02617,2024-06-14,Refund Request,Escalated,37
S001187,M02859,2024-08-03,Failed Payment,Escalated,25
S001188,M01980,2025-02-28,Account Access,Resolved,36
S001189,M01905,2025-01-03,Failed Payment,Resolved,25
S001190,M00341,2025-05-09,API Integration,Resolved,21
S001191,M01616,2024-12-26,Fraud Complaint,Escalated,27
S001192,M02971,2025-01-08,KYC Verification,Resolved,27
S001193,M00151,2024-03-10,Failed Payment,Pending,14
S001194,M01667,2024-02-15,Account Access,Escalated,22
S001195,M00243,2024-09-25,Refund Request,Escalated,19
S001196,M01299,2025-01-05,API Integration,Resolved,24
S001197,M02944,2024-07-08,Failed Payment,Escalated,24
S001198,M00494,2024-01-29,Failed Payment,Resolved,33
S001199,M01793,2024-09-22,Fraud Complaint,Resolved,44
S001200,M01016,2024-03-28,Fraud Complaint,Resolved,35
S001201,M01763,2025-02-01,Failed Payment,Escalated,21
S001202,M02329,2024-12-04,KYC Verification,Escalated,25
S001203,M00815,2024-05-01,Fraud Complaint,Resolved,10
S001204,M00279,2024-02-11,API Integration,Pending,24
S001205,M01612,2025-06-05,API Integration,Resolved,33
S001206,M00298,2025-01-06,Refund Request,Pending,30
S001207,M01306,2024-05-19,KYC Verification,Pending,41
S001208,M00757,2024-01-04,API Integration,Escalated,34
S001209,M02530,2024-07-17,API Integration,Resolved,12
S001210,M00952,2024-09-11,API Integration,Resolved,36
S001211,M01057,2024-08-21,Fraud Complaint,Resolved,31
S001212,M00841,2025-04-16,Refund Request,Escalated,20
S001213,M02515,2025-01-07,KYC Verification,Resolved,22
S001214,M01567,2024-01-12,Fraud Complaint,Escalated,40
S001215,M01215,2024-06-03,Failed Payment,Pending,28
S001216,M00482,2024-02-07,Account Access,Pending,39
S001217,M02332,2024-11-01,Refund Request,Pending,20
S001218,M02370,2025-02-15,KYC Verification,Pending,19
S001219,M00465,2025-05-16,Fraud Complaint,Pending,28
S001220,M01627,2024-03-07,KYC Verification,Escalated,35
S001221,M01389,2024-12-31,Fraud Complaint,Pending,21
S001222,M01589,2024-05-28,Fraud Complaint,Escalated,12
S001223,M00293,2024-07-20,Fraud Complaint,Pending,28
S001224,M02513,2024-06-29,Failed Payment,Pending,6
S001225,M02746,2024-08-17,Fraud Complaint,Pending,14
S001226,M00979,2024-02-04,Fraud Complaint,Pending,37
S001227,M00242,2025-05-06,Refund Request,Resolved,11
S001228,M02271,2025-01-01,Fraud Complaint,Escalated,21
S001229,M00424,2025-04-26,API Integration,Pending,27
S001230,M00830,2024-06-30,Fraud Complaint,Escalated,29
S001231,M00795,2024-12-07,Refund Request,Resolved,20
S001232,M00904,2024-06-23,Failed Payment,Escalated,21
S001233,M00043,2025-03-18,Account Access,Escalated,46
S001234,M02237,2025-06-30,Failed Payment,Resolved,40
S001235,M00025,2024-01-02,Account Access,Resolved,22
S001236,M01990,2024-04-28,KYC Verification,Resolved,24
S001237,M00810,2025-01-02,Fraud Complaint,Escalated,38
S001238,M01891,2025-03-28,API Integration,Escalated,16
S001239,M02899,2024-05-03,Failed Payment,Pending,1
S001240,M00079,2024-11-13,Refund Request,Pending,41
S001241,M01569,2025-04-20,API Integration,Resolved,21
S001242,M01872,2024-03-12,Fraud Complaint,Resolved,37
S001243,M01231,2024-01-03,Failed Payment,Resolved,15
S001244,M02655,2024-07-10,Refund Request,Pending,26
S001245,M00541,2024-11-17,Account Access,Escalated,20
S001246,M02696,2024-08-16,Refund Request,Resolved,16
S001247,M01055,2024-10-06,Fraud Complaint,Resolved,17
S001248,M02219,2025-04-12,API Integration,Resolved,13
S001249,M01708,2024-11-01,KYC Verification,Pending,18
S001250,M00113,2024-03-25,KYC Verification,Escalated,19
S001251,M02115,2024-06-29,KYC Verification,Escalated,38
S001252,M02544,2024-08-10,Failed Payment,Escalated,16
S001253,M02723,2025-05-23,Refund Request,Pending,16
S001254,M01261,2025-02-14,Failed Payment,Pending,26
S001255,M00765,2024-05-31,KYC Verification,Pending,11
S001256,M02009,2024-11-08,API Integration,Escalated,3
S001257,M02894,2024-03-24,Refund Request,Resolved,22
S001258,M00141,2024-02-25,Fraud Complaint,Pending,27
S001259,M01881,2025-03-07,KYC Verification,Resolved,29
S001260,M01852,2025-04-25,KYC Verification,Escalated,37
S001261,M01478,2024-03-02,Refund Request,Escalated,35
S001262,M02564,2024-06-10,Failed Payment,Escalated,25
S001263,M00417,2024-02-23,KYC Verification,Resolved,24
S001264,M00796,2024-07-07,Account Access,Pending,29
S001265,M02458,2024-10-18,Account Access,Escalated,29
S001266,M01190,2024-12-08,Failed Payment,Pending,34
S001267,M01856,2024-05-25,KYC Verification,Resolved,24
S001268,M02200,2025-04-08,API Integration,Escalated,19
S001269,M02044,2025-02-27,API Integration,Resolved,10
S001270,M02285,2024-01-05,KYC Verification,Pending,23
S001271,M00963,2024-11-26,API Integration,Pending,33
S001272,M02347,2024-06-07,Failed Payment,Escalated,43
S001273,M01613,2024-05-26,Account Access,Pending,19
S001274,M01472,2025-06-26,Failed Payment,Escalated,24
S001275,M02336,2025-05-24,KYC Verification,Escalated,18
S001276,M00942,2024-03-12,KYC Verification,Resolved,24
S001277,M01650,2024-12-22,Refund Request,Pending,27
S001278,M01630,2024-11-19,Refund Request,Resolved,36
S001279,M01533,2024-03-23,Account Access,Resolved,37
S001280,M02435,2025-02-08,Fraud Complaint,Resolved,29
S001281,M02918,2025-01-29,API Integration,Escalated,23
S001282,M02280,2024-05-01,Refund Request,Pending,26
S001283,M01568,2024-11-11,Account Access,Pending,33
S001284,M00788,2024-03-30,API Integration,Pending,32
S001285,M00927,2024-06-05,API Integration,Resolved,3
S001286,M00884,2024-01-31,Account Access,Pending,3
S001287,M02711,2025-02-05,API Integration,Pending,18
S001288,M01416,2025-02-15,Failed Payment,Resolved,14
S001289,M02057,2025-02-08,Failed Payment,Resolved,30
S001290,M01331,2024-05-22,Fraud Complaint,Resolved,18
S001291,M00230,2024-06-29,API Integration,Pending,22
S001292,M00960,2025-05-29,API Integration,Escalated,31
S001293,M00454,2025-04-24,Account Access,Escalated,17
S001294,M02813,2024-08-10,API Integration,Resolved,25
S001295,M02610,2024-11-24,Failed Payment,Escalated,27
S001296,M00531,2025-01-06,Failed Payment,Escalated,33
S001297,M00225,2025-01-12,Failed Payment,Escalated,21
S001298,M01836,2024-03-25,API Integration,Pending,25
S001299,M02505,2024-03-16,Fraud Complaint,Pending,32
S001300,M00125,2025-04-10,Account Access,Resolved,4
S001301,M00578,2024-02-20,KYC Verification,Escalated,41
S001302,M02388,2024-06-28,Refund Request,Escalated,23
S001303,M01007,2024-12-29,Fraud Complaint,Pending,31
S001304,M02434,2025-05-24,Refund Request,Escalated,23
S001305,M01099,2024-01-01,Account Access,Pending,17
S001306,M00108,2025-06-11,Refund Request,Pending,45
S001307,M01596,2025-06-29,Account Access,Resolved,24
S001308,M02026,2024-05-09,Failed Payment,Pending,31
S001309,M02032,2024-03-30,Fraud Complaint,Escalated,26
S001310,M00748,2024-02-22,Refund Request,Pending,38
S001311,M01494,2024-07-27,KYC Verification,Escalated,43
S001312,M02148,2025-05-19,Refund Request,Pending,39
S001313,M01736,2024-02-05,KYC Verification,Escalated,30
S001314,M02297,2025-03-18,Fraud Complaint,Pending,26
S001315,M02955,2024-01-09,Failed Payment,Pending,28
S001316,M02547,2024-03-23,Failed Payment,Resolved,31
S001317,M00906,2024-03-03,Fraud Complaint,Escalated,22
S001318,M01422,2024-07-27,Account Access,Pending,26
S001319,M02191,2024-04-02,API Integration,Escalated,23
S001320,M01715,2025-05-01,Fraud Complaint,Escalated,18
S001321,M00629,2024-01-04,Account Access,Resolved,46
S001322,M00336,2024-01-23,KYC Verification,Pending,26
S001323,M01787,2024-09-17,Failed Payment,Resolved,22
S001324,M01654,2024-09-07,KYC Verification,Pending,32
S001325,M01047,2024-09-06,API Integration,Resolved,7
S001326,M02893,2024-11-09,Failed Payment,Pending,32
S001327,M02645,2024-09-06,Failed Payment,Escalated,34
S001328,M02005,2024-12-13,Fraud Complaint,Resolved,5
S001329,M00275,2025-05-22,Failed Payment,Escalated,50
S001330,M02279,2025-03-22,KYC Verification,Escalated,31
S001331,M01635,2024-07-28,Refund Request,Pending,28
S001332,M01095,2025-03-21,API Integration,Pending,20
S001333,M00726,2024-05-25,Failed Payment,Pending,10
S001334,M01574,2024-02-22,KYC Verification,Resolved,26
S001335,M02472,2025-07-01,Fraud Complaint,Pending,18
S001336,M02719,2024-09-06,Account Access,Escalated,22
S001337,M00712,2024-05-11,Failed Payment,Resolved,32
S001338,M01415,2024-08-08,Refund Request,Resolved,21
S001339,M00467,2025-03-30,Fraud Complaint,Escalated,18
S001340,M01742,2024-11-16,KYC Verification,Pending,33
S001341,M01683,2024-02-25,KYC Verification,Escalated,18
S001342,M01452,2025-02-14,Fraud Complaint,Resolved,14
S001343,M00943,2025-04-03,Refund Request,Resolved,29
S001344,M01132,2025-06-26,Failed Payment,Resolved,17
S001345,M02021,2024-08-01,KYC Verification,Pending,13
S001346,M01973,2025-01-22,Fraud Complaint,Escalated,21
S001347,M00736,2025-06-08,KYC Verification,Escalated,31
S001348,M00383,2024-12-14,API Integration,Pending,38
S001349,M02488,2025-04-15,Refund Request,Resolved,17
S001350,M02186,2025-02-12,API Integration,Pending,28
S001351,M00976,2024-07-26,Account Access,Pending,7
S001352,M00548,2024-05-22,KYC Verification,Resolved,27
S001353,M01119,2025-02-26,Fraud Complaint,Escalated,23
S001354,M01701,2025-04-16,Refund Request,Escalated,27
S001355,M01969,2025-05-25,Fraud Complaint,Escalated,15
S001356,M00790,2024-09-01,KYC Verification,Pending,26
S001357,M01989,2024-12-10,API Integration,Resolved,1
S001358,M02499,2024-07-26,Account Access,Resolved,22
S001359,M01608,2024-12-31,API Integration,Escalated,8
S001360,M01745,2024-06-11,Failed Payment,Pending,32
S001361,M02720,2024-06-08,Account Access,Pending,32
S001362,M01602,2025-04-06,KYC Verification,Resolved,37
S001363,M00829,2024-09-22,Refund Request,Escalated,17
S001364,M01653,2024-05-10,Account Access,Escalated,26
S001365,M02723,2024-11-30,Account Access,Pending,19
S001366,M00051,2025-04-05,Fraud Complaint,Pending,27
S001367,M00746,2024-10-10,Refund Request,Resolved,16
S001368,M02181,2024-01-13,KYC Verification,Resolved,22
S001369,M02967,2025-01-09,API Integration,Resolved,25
S001370,M00263,2024-07-13,Failed Payment,Resolved,21
S001371,M01327,2024-03-17,KYC Verification,Pending,40
S001372,M02702,2024-11-14,Refund Request,Escalated,35
S001373,M02938,2024-03-01,Failed Payment,Resolved,18
S001374,M00334,2025-03-22,Fraud Complaint,Pending,32
S001375,M02831,2025-03-07,API Integration,Resolved,29
S001376,M01463,2024-02-13,API Integration,Escalated,33
S001377,M02834,2025-04-01,Refund Request,Escalated,15
S001378,M00232,2024-08-22,API Integration,Escalated,29
S001379,M02514,2025-03-24,Refund Request,Escalated,33
S001380,M02915,2025-06-09,API Integration,Escalated,23
S001381,M02822,2024-05-21,Refund Request,Escalated,24
S001382,M02979,2024-09-06,Account Access,Resolved,31
S001383,M00287,2025-05-05,API Integration,Pending,35
S001384,M01781,2024-06-22,Fraud Complaint,Pending,39
S001385,M00374,2025-05-22,KYC Verification,Escalated,28
S001386,M00525,2024-06-18,Fraud Complaint,Escalated,26
S001387,M00776,2024-01-19,Refund Request,Pending,18
S001388,M01436,2025-03-21,Refund Request,Resolved,25
S001389,M01879,2024-07-13,Account Access,Resolved,28
S001390,M01680,2024-06-27,API Integration,Escalated,9
S001391,M00396,2024-12-31,Fraud Complaint,Pending,35
S001392,M01222,2024-09-28,Failed Payment,Escalated,13
S001393,M02338,2025-04-13,API Integration,Escalated,15
S001394,M02596,2024-10-01,Fraud Complaint,Resolved,38
S001395,M02666,2024-03-23,API Integration,Escalated,36
S001396,M00745,2024-02-07,KYC Verification,Escalated,9
S001397,M01756,2024-07-13,KYC Verification,Escalated,7
S001398,M02456,2025-05-04,KYC Verification,Resolved,29
S001399,M00207,2025-04-17,Failed Payment,Resolved,35
S001400,M00716,2024-12-03,KYC Verification,Resolved,21
S001401,M00604,2024-02-28,KYC Verification,Escalated,10
S001402,M02614,2025-01-12,API Integration,Pending,20
S001403,M02632,2024-02-22,Failed Payment,Pending,15
S001404,M00183,2025-04-26,Account Access,Resolved,31
S001405,M00525,2024-02-02,Refund Request,Resolved,15
S001406,M01281,2024-05-29,KYC Verification,Resolved,20
S001407,M00849,2024-06-17,API Integration,Resolved,24
S001408,M00104,2025-04-29,Refund Request,Pending,17
S001409,M00415,2025-02-05,Refund Request,Resolved,32
S001410,M02471,2024-03-11,Refund Request,Resolved,14
S001411,M02248,2024-10-08,Fraud Complaint,Escalated,24
S001412,M02715,2024-05-07,KYC Verification,Resolved,34
S001413,M00522,2024-04-19,Fraud Complaint,Resolved,6
S001414,M01482,2024-01-26,KYC Verification,Escalated,18
S001415,M01631,2024-01-29,Account Access,Escalated,10
S001416,M00278,2024-12-23,Fraud Complaint,Escalated,13
S001417,M00935,2024-12-03,API Integration,Pending,32
S001418,M02470,2024-10-16,Refund Request,Escalated,20
S001419,M01455,2025-03-19,Account Access,Resolved,36
S001420,M02224,2024-02-01,API Integration,Resolved,25
S001421,M02741,2025-03-27,Refund Request,Resolved,31
S001422,M00184,2025-04-19,Account Access,Resolved,42
S001423,M00253,2025-02-22,API Integration,Resolved,28
S001424,M02365,2025-04-09,KYC Verification,Pending,29
S001425,M00257,2024-06-06,Account Access,Resolved,37
S001426,M00806,2024-01-16,Refund Request,Escalated,39
S001427,M01187,2025-03-17,Account Access,Resolved,1
S001428,M01797,2025-01-22,Refund Request,Pending,27
S001429,M02574,2024-12-27,Fraud Complaint,Pending,14
S001430,M01338,2025-04-03,Refund Request,Resolved,31
S001431,M00274,2024-04-12,Refund Request,Resolved,9
S001432,M01360,2024-05-09,Account Access,Pending,25
S001433,M01175,2024-03-04,API Integration,Escalated,25
S001434,M01662,2024-10-17,API Integration,Escalated,25
S001435,M02346,2024-05-09,API Integration,Escalated,1
S001436,M00638,2024-02-11,Account Access,Resolved,26
S001437,M02571,2024-11-22,KYC Verification,Pending,23
S001438,M01029,2025-02-16,Failed Payment,Pending,21
S001439,M02683,2025-05-19,KYC Verification,Pending,12
S001440,M02127,2024-09-26,KYC Verification,Escalated,11
S001441,M02880,2024-08-23,Account Access,Escalated,6
S001442,M01965,2025-06-06,Refund Request,Escalated,14
S001443,M02580,2024-02-20,Fraud Complaint,Escalated,9
S001444,M01585,2024-10-23,Fraud Complaint,Escalated,33
S001445,M01381,2024-02-25,Failed Payment,Escalated,19
S001446,M01000,2025-01-20,Account Access,Pending,29
S001447,M00494,2024-08-11,Failed Payment,Pending,17
S001448,M00473,2025-01-22,Account Access,Resolved,25
S001449,M01288,2024-05-19,Refund Request,Escalated,18
S001450,M01755,2025-02-21,KYC Verification,Resolved,43
S001451,M01769,2024-05-21,Fraud Complaint,Escalated,1
S001452,M01159,2024-11-07,Failed Payment,Escalated,30
S001453,M02573,2024-05-27,Refund Request,Pending,17
S001454,M00035,2024-09-08,Refund Request,Escalated,24
S001455,M00956,2024-06-05,KYC Verification,Resolved,36
S001456,M02034,2024-12-05,KYC Verification,Escalated,16
S001457,M01585,2024-04-02,Account Access,Resolved,16
S001458,M01484,2025-04-29,Fraud Complaint,Escalated,24
S001459,M01443,2024-08-06,Account Access,Escalated,13
S001460,M00978,2024-12-13,Failed Payment,Pending,18
S001461,M00034,2025-02-12,KYC Verification,Pending,8
S001462,M01205,2024-12-11,Refund Request,Resolved,27
S001463,M01054,2024-06-24,Account Access,Resolved,25
S001464,M00295,2024-11-23,API Integration,Pending,27
S001465,M02531,2025-03-29,Fraud Complaint,Pending,40
S001466,M01471,2024-02-06,Failed Payment,Resolved,27
S001467,M00421,2024-04-13,Refund Request,Escalated,22
S001468,M00332,2025-01-17,Fraud Complaint,Escalated,15
S001469,M01799,2024-07-30,Failed Payment,Pending,26
S001470,M02628,2024-02-13,Failed Payment,Escalated,19
S001471,M02536,2024-02-03,KYC Verification,Pending,24
S001472,M00542,2025-01-10,KYC Verification,Pending,35
S001473,M00623,2024-11-22,Account Access,Resolved,14
S001474,M01493,2024-06-09,API Integration,Resolved,34
S001475,M00761,2024-12-29,Fraud Complaint,Pending,21
S001476,M00573,2025-03-18,Fraud Complaint,Resolved,21
S001477,M01273,2024-03-29,Failed Payment,Resolved,30
S001478,M00360,2025-04-10,KYC Verification,Escalated,32
S001479,M00644,2024-04-25,API Integration,Resolved,18
S001480,M01528,2024-01-10,Account Access,Pending,11
S001481,M01421,2024-04-28,API Integration,Resolved,26
S001482,M00032,2024-08-29,KYC Verification,Resolved,34
S001483,M02577,2024-05-15,Fraud Complaint,Resolved,22
S001484,M01486,2025-03-16,Refund Request,Escalated,43
S001485,M02444,2024-01-01,Account Access,Escalated,28
S001486,M02879,2024-02-18,API Integration,Escalated,35
S001487,M01921,2024-05-10,Failed Payment,Pending,20
S001488,M01742,2025-01-20,Refund Request,Escalated,22
S001489,M01852,2024-03-22,API Integration,Resolved,17
S001490,M02677,2024-07-10,Account Access,Escalated,30
S001491,M02530,2024-09-01,Account Access,Escalated,32
S001492,M02353,2025-04-17,Fraud Complaint,Resolved,25
S001493,M00830,2024-11-05,KYC Verification,Escalated,39
S001494,M01363,2025-05-01,Fraud Complaint,Resolved,45
S001495,M01518,2025-03-27,API Integration,Pending,26
S001496,M02004,2024-06-22,Account Access,Resolved,40
S001497,M02417,2024-05-09,Account Access,Pending,21
S001498,M02517,2025-03-19,Failed Payment,Resolved,18
S001499,M01761,2025-04-23,Fraud Complaint,Resolved,30
S001500,M00396,2024-06-14,Account Access,Escalated,18
S001501,M00683,2025-02-21,API Integration,Pending,44
S001502,M00850,2024-08-22,Fraud Complaint,Resolved,34
S001503,M01658,2024-09-22,Fraud Complaint,Escalated,17
S001504,M01534,2024-01-05,Refund Request,Resolved,34
S001505,M01612,2025-04-17,Account Access,Escalated,39
S001506,M02695,2024-09-18,Account Access,Escalated,16
S001507,M01319,2024-04-17,KYC Verification,Resolved,7
S001508,M00898,2025-01-14,Account Access,Pending,48
S001509,M00513,2024-07-14,Refund Request,Resolved,27
S001510,M00149,2024-04-04,Refund Request,Escalated,21
S001511,M01542,2024-05-04,Fraud Complaint,Resolved,29
S001512,M01693,2024-12-03,API Integration,Resolved,22
S001513,M00950,2025-04-15,Failed Payment,Resolved,35
S001514,M02022,2024-12-14,KYC Verification,Resolved,22
S001515,M00699,2024-08-28,Fraud Complaint,Escalated,28
S001516,M00901,2025-04-17,Fraud Complaint,Resolved,22
S001517,M01310,2024-03-29,Fraud Complaint,Pending,23
S001518,M02636,2024-04-24,KYC Verification,Resolved,33
S001519,M01606,2024-09-28,Fraud Complaint,Escalated,21
S001520,M01012,2025-07-01,Refund Request,Escalated,1
S001521,M01776,2024-04-13,API Integration,Resolved,38
S001522,M02615,2025-03-04,API Integration,Pending,35
S001523,M00690,2024-12-15,Fraud Complaint,Escalated,21
S001524,M00922,2024-06-15,KYC Verification,Escalated,31
S001525,M00516,2024-09-25,Account Access,Resolved,22
S001526,M01046,2025-06-30,Refund Request,Resolved,16
S001527,M00229,2024-08-22,Failed Payment,Resolved,28
S001528,M02878,2024-12-29,Refund Request,Resolved,32
S001529,M01036,2025-02-09,KYC Verification,Pending,32
S001530,M01285,2024-08-20,Fraud Complaint,Pending,36
S001531,M00892,2024-11-15,API Integration,Resolved,17
S001532,M01495,2025-04-29,Failed Payment,Pending,31
S001533,M01979,2024-12-15,Refund Request,Escalated,9
S001534,M02560,2024-10-02,Account Access,Pending,31
S001535,M01210,2025-05-16,Account Access,Escalated,34
S001536,M01207,2024-11-27,Fraud Complaint,Escalated,39
S001537,M02436,2024-08-12,KYC Verification,Resolved,35
S001538,M00979,2024-10-16,Account Access,Pending,29
S001539,M02362,2024-09-10,Failed Payment,Pending,15
S001540,M00327,2024-08-12,Account Access,Escalated,42
S001541,M01725,2024-05-22,Fraud Complaint,Resolved,31
S001542,M02831,2025-01-24,API Integration,Resolved,19
S001543,M02304,2024-03-16,Refund Request,Escalated,3
S001544,M02457,2025-05-19,Refund Request,Resolved,14
S001545,M00507,2025-02-06,Account Access,Resolved,20
S001546,M00284,2025-07-04,Fraud Complaint,Resolved,9
S001547,M02522,2024-08-03,Fraud Complaint,Escalated,8
S001548,M01816,2024-11-13,Failed Payment,Resolved,21
S001549,M00260,2024-09-23,Failed Payment,Escalated,25
S001550,M00830,2024-02-10,Refund Request,Resolved,16
S001551,M01573,2024-01-04,API Integration,Pending,37
S001552,M02687,2024-01-29,Refund Request,Resolved,11
S001553,M02585,2025-05-10,API Integration,Escalated,29
S001554,M00049,2024-11-15,Fraud Complaint,Escalated,20
S001555,M02547,2025-07-01,Fraud Complaint,Pending,8
S001556,M00460,2024-08-01,Failed Payment,Resolved,31
S001557,M01978,2025-03-22,API Integration,Pending,21
S001558,M01810,2024-06-11,Failed Payment,Resolved,33
S001559,M01809,2024-12-14,Failed Payment,Resolved,32
S001560,M02253,2024-12-25,Refund Request,Escalated,29
S001561,M02414,2024-09-05,Failed Payment,Escalated,12
S001562,M02795,2025-02-14,KYC Verification,Resolved,13
S001563,M01780,2024-12-24,Refund Request,Pending,17
S001564,M01465,2025-04-18,Failed Payment,Escalated,27
S001565,M02130,2024-09-28,KYC Verification,Resolved,20
S001566,M02540,2025-03-23,Failed Payment,Resolved,10
S001567,M00297,2024-07-11,API Integration,Resolved,23
S001568,M01415,2024-02-14,Refund Request,Pending,22
S001569,M01365,2024-07-19,KYC Verification,Escalated,17
S001570,M02231,2024-03-10,Account Access,Escalated,24
S001571,M01450,2025-01-20,Failed Payment,Resolved,13
S001572,M01799,2025-06-20,Fraud Complaint,Pending,38
S001573,M00902,2024-03-05,Fraud Complaint,Pending,26
S001574,M01523,2025-05-27,Account Access,Escalated,4
S001575,M02757,2024-10-13,Fraud Complaint,Resolved,10
S001576,M02500,2024-10-19,API Integration,Resolved,14
S001577,M01867,2025-01-02,Account Access,Pending,16
S001578,M02607,2024-11-16,KYC Verification,Pending,17
S001579,M01330,2024-03-12,Account Access,Pending,31
S001580,M01369,2025-04-17,KYC Verification,Escalated,36
S001581,M00324,2024-12-18,Fraud Complaint,Resolved,24
S001582,M02977,2024-03-08,Failed Payment,Escalated,15
S001583,M02411,2024-05-23,Failed Payment,Pending,9
S001584,M00724,2024-01-12,API Integration,Resolved,35
S001585,M01144,2025-06-13,Account Access,Resolved,18
S001586,M02980,2024-03-27,Refund Request,Escalated,22
S001587,M02705,2024-11-24,Refund Request,Resolved,51
S001588,M00847,2024-10-29,Account Access,Resolved,12
S001589,M01835,2024-08-12,API Integration,Resolved,11
S001590,M02412,2024-05-02,Refund Request,Escalated,19
S001591,M02811,2024-08-30,API Integration,Escalated,19
S001592,M00883,2025-01-05,Fraud Complaint,Resolved,27
S001593,M01836,2024-07-28,KYC Verification,Escalated,33
S001594,M02740,2024-12-26,Account Access,Pending,37
S001595,M01590,2024-11-14,API Integration,Pending,32
S001596,M02744,2025-05-26,Account Access,Escalated,20
S001597,M01213,2024-06-12,Refund Request,Resolved,11
S001598,M00421,2024-08-16,Fraud Complaint,Escalated,31
S001599,M00273,2025-01-02,Failed Payment,Resolved,24
S001600,M00857,2025-04-28,Account Access,Escalated,40
S001601,M02307,2024-08-02,Account Access,Escalated,1
S001602,M02611,2024-09-15,Fraud Complaint,Resolved,2
S001603,M00510,2024-07-23,API Integration,Resolved,21
S001604,M02958,2024-09-10,Refund Request,Escalated,32
S001605,M00775,2024-03-21,API Integration,Escalated,32
S001606,M01496,2025-03-12,Fraud Complaint,Escalated,10
S001607,M02129,2024-05-29,Account Access,Pending,34
S001608,M02183,2025-05-03,Failed Payment,Escalated,36
S001609,M00498,2025-01-02,KYC Verification,Pending,27
S001610,M02682,2025-06-04,KYC Verification,Resolved,23
S001611,M00564,2025-04-20,Refund Request,Pending,10
S001612,M02941,2024-12-15,KYC Verification,Escalated,28
S001613,M01915,2024-10-15,Account Access,Escalated,37
S001614,M02316,2025-02-08,KYC Verification,Pending,38
S001615,M02257,2024-04-28,API Integration,Escalated,46
S001616,M00657,2024-02-27,Account Access,Pending,27
S001617,M01123,2024-08-07,API Integration,Resolved,25
S001618,M00045,2025-01-09,Fraud Complaint,Escalated,15
S001619,M02577,2024-02-03,Failed Payment,Escalated,15
S001620,M02972,2024-01-03,Account Access,Resolved,27
S001621,M02673,2024-07-11,Fraud Complaint,Pending,20
S001622,M00927,2024-01-15,Failed Payment,Pending,23
S001623,M01282,2024-03-16,Account Access,Resolved,9
S001624,M01181,2025-05-19,Account Access,Escalated,26
S001625,M01427,2024-09-06,Account Access,Pending,33
S001626,M00682,2024-10-06,Fraud Complaint,Resolved,18
S001627,M02172,2024-12-23,Failed Payment,Resolved,27
S001628,M00420,2025-05-19,Account Access,Resolved,19
S001629,M00131,2024-04-20,Refund Request,Resolved,23
S001630,M01609,2024-05-07,API Integration,Resolved,16
S001631,M01106,2024-01-06,API Integration,Pending,21
S001632,M00412,2025-04-01,API Integration,Resolved,23
S001633,M02949,2024-06-26,Failed Payment,Pending,33
S001634,M02817,2024-12-17,Account Access,Escalated,13
S001635,M02443,2024-02-23,KYC Verification,Escalated,19
S001636,M02998,2025-06-02,Refund Request,Escalated,36
S001637,M01503,2024-10-10,KYC Verification,Pending,20
S001638,M00352,2025-02-06,Refund Request,Resolved,15
S001639,M00895,2024-07-07,KYC Verification,Pending,19
S001640,M01543,2024-10-18,Fraud Complaint,Escalated,34
S001641,M02493,2024-09-27,KYC Verification,Pending,29
S001642,M02110,2024-04-04,API Integration,Escalated,55
S001643,M02249,2025-03-14,Refund Request,Escalated,14
S001644,M02045,2025-01-30,Refund Request,Resolved,25
S001645,M02147,2025-04-04,KYC Verification,Resolved,28
S001646,M00886,2024-02-01,Failed Payment,Escalated,24
S001647,M02619,2025-03-12,KYC Verification,Pending,27
S001648,M02896,2024-04-12,Failed Payment,Pending,45
S001649,M01519,2025-03-25,Failed Payment,Resolved,20
S001650,M00275,2024-10-22,Failed Payment,Pending,22
S001651,M02898,2025-02-17,Refund Request,Escalated,21
S001652,M01434,2024-12-12,Refund Request,Escalated,15
S001653,M02219,2025-03-29,Fraud Complaint,Pending,1
S001654,M01353,2025-01-19,Fraud Complaint,Pending,14
S001655,M02798,2025-06-21,Account Access,Resolved,37
S001656,M01823,2025-04-19,KYC Verification,Resolved,12
S001657,M00871,2024-05-24,Failed Payment,Resolved,25
S001658,M01392,2025-04-15,Failed Payment,Pending,24
S001659,M01135,2024-02-23,Refund Request,Resolved,26
S001660,M00162,2024-08-02,Fraud Complaint,Resolved,17
S001661,M00461,2024-07-17,KYC Verification,Escalated,50
S001662,M00535,2025-05-30,API Integration,Resolved,30
S001663,M01470,2025-02-03,API Integration,Resolved,21
S001664,M00284,2024-04-13,API Integration,Resolved,30
S001665,M02272,2025-05-23,Account Access,Resolved,8
S001666,M02534,2024-12-01,API Integration,Resolved,27
S001667,M02537,2024-07-04,Fraud Complaint,Pending,37
S001668,M01952,2024-09-18,API Integration,Escalated,20
S001669,M00159,2025-06-14,Failed Payment,Resolved,32
S001670,M01358,2024-03-24,KYC Verification,Pending,25
S001671,M01061,2024-05-10,KYC Verification,Resolved,44
S001672,M01662,2024-01-09,Failed Payment,Pending,12
S001673,M02245,2024-02-03,Failed Payment,Resolved,42
S001674,M00211,2024-01-22,Failed Payment,Pending,21
S001675,M01010,2024-04-13,KYC Verification,Escalated,25
S001676,M02284,2024-08-26,KYC Verification,Resolved,34
S001677,M00161,2024-08-09,Fraud Complaint,Resolved,24
S001678,M02100,2024-06-01,Fraud Complaint,Resolved,31
S001679,M02485,2024-04-11,API Integration,Escalated,15
S001680,M02335,2024-08-20,Account Access,Pending,20
S001681,M02810,2025-05-12,Account Access,Pending,35
S001682,M02800,2025-05-02,API Integration,Resolved,36
S001683,M02977,2024-07-05,KYC Verification,Resolved,22
S001684,M02105,2024-07-01,Refund Request,Resolved,6
S001685,M00880,2024-05-20,KYC Verification,Escalated,23
S001686,M02694,2025-05-09,API Integration,Pending,26
S001687,M00537,2024-06-15,API Integration,Resolved,36
S001688,M01005,2024-08-26,Failed Payment,Resolved,33
S001689,M00211,2025-05-04,Refund Request,Resolved,35
S001690,M01827,2025-04-21,Account Access,Escalated,19
S001691,M00228,2024-11-24,Failed Payment,Pending,17
S001692,M00529,2024-12-14,Account Access,Escalated,30
S001693,M01637,2024-01-06,KYC Verification,Resolved,28
S001694,M02379,2025-01-10,API Integration,Pending,11
S001695,M02663,2024-03-21,Account Access,Resolved,19
S001696,M00594,2024-07-17,Refund Request,Escalated,13
S001697,M01503,2024-12-11,Account Access,Escalated,36
S001698,M01994,2024-06-16,Fraud Complaint,Resolved,34
S001699,M01960,2024-02-07,Refund Request,Escalated,41
S001700,M01479,2024-08-06,Fraud Complaint,Escalated,33
S001701,M00459,2024-11-21,Account Access,Resolved,34
S001702,M02857,2025-02-03,Fraud Complaint,Escalated,33
S001703,M02896,2025-05-10,API Integration,Pending,15
S001704,M02826,2025-06-29,Account Access,Resolved,23
S001705,M01256,2025-05-30,KYC Verification,Resolved,13
S001706,M01008,2024-07-27,API Integration,Resolved,21
S001707,M01250,2024-10-02,API Integration,Escalated,21
S001708,M00400,2024-08-07,Failed Payment,Pending,11
S001709,M02262,2025-04-18,KYC Verification,Resolved,19
S001710,M02100,2025-02-05,Account Access,Escalated,27
S001711,M01754,2024-11-22,Account Access,Resolved,31
S001712,M01148,2024-08-24,KYC Verification,Escalated,31
S001713,M02904,2024-06-20,Refund Request,Resolved,10
S001714,M02105,2025-07-03,Failed Payment,Pending,21
S001715,M01822,2024-07-09,Refund Request,Resolved,25
S001716,M01650,2024-09-11,KYC Verification,Resolved,22
S001717,M02654,2025-04-02,Account Access,Escalated,26
S001718,M01952,2024-09-25,Account Access,Escalated,17
S001719,M02767,2025-02-12,Account Access,Resolved,22
S001720,M02559,2024-11-25,KYC Verification,Pending,35
S001721,M01265,2025-04-21,KYC Verification,Pending,32
S001722,M01394,2024-07-31,Failed Payment,Pending,18
S001723,M01285,2024-06-20,API Integration,Pending,16
S001724,M02715,2024-12-02,Fraud Complaint,Resolved,31
S001725,M02512,2024-03-19,Fraud Complaint,Escalated,20
S001726,M00268,2024-04-17,KYC Verification,Escalated,31
S001727,M00518,2024-05-03,KYC Verification,Pending,27
S001728,M02860,2025-01-14,Failed Payment,Resolved,8
S001729,M01060,2024-01-19,Account Access,Pending,38
S001730,M02116,2024-09-09,KYC Verification,Pending,24
S001731,M00926,2024-07-08,API Integration,Escalated,31
S001732,M01332,2025-03-31,Failed Payment,Pending,20
S001733,M00581,2024-10-08,API Integration,Escalated,21
S001734,M02199,2024-04-10,KYC Verification,Escalated,38
S001735,M01377,2025-01-16,Account Access,Escalated,16
S001736,M00518,2024-07-08,Fraud Complaint,Resolved,45
S001737,M01500,2024-02-02,Failed Payment,Pending,38
S001738,M01497,2024-05-17,API Integration,Pending,40
S001739,M01895,2024-03-01,Failed Payment,Pending,28
S001740,M01658,2024-07-22,Fraud Complaint,Escalated,35
S001741,M02849,2024-03-31,KYC Verification,Escalated,34
S001742,M00143,2024-11-07,Account Access,Escalated,16
S001743,M02795,2024-12-11,Fraud Complaint,Resolved,27
S001744,M00921,2024-09-17,Fraud Complaint,Escalated,38
S001745,M01551,2024-12-30,API Integration,Escalated,16
S001746,M01377,2025-03-15,Account Access,Pending,18
S001747,M01901,2024-01-28,API Integration,Pending,30
S001748,M02577,2024-05-22,Account Access,Escalated,20
S001749,M02543,2024-06-19,Account Access,Resolved,33
S001750,M00154,2024-03-07,Refund Request,Resolved,28
S001751,M00893,2024-09-08,Account Access,Pending,33
S001752,M01018,2025-03-20,API Integration,Pending,27
S001753,M00155,2024-11-05,Fraud Complaint,Escalated,1
S001754,M01148,2024-02-19,API Integration,Escalated,24
S001755,M02944,2024-02-18,KYC Verification,Escalated,5
S001756,M02689,2024-02-25,KYC Verification,Resolved,26
S001757,M00054,2025-03-03,API Integration,Resolved,18
S001758,M01002,2024-02-19,Fraud Complaint,Escalated,46
S001759,M02741,2024-02-09,Failed Payment,Escalated,14
S001760,M02833,2024-09-01,Refund Request,Escalated,30
S001761,M00966,2024-04-13,Account Access,Escalated,27
S001762,M00167,2024-11-30,Account Access,Escalated,26
S001763,M02218,2024-05-13,KYC Verification,Pending,3
S001764,M02668,2025-07-01,Failed Payment,Resolved,17
S001765,M00496,2025-01-15,Failed Payment,Escalated,36
S001766,M00946,2025-03-02,Account Access,Escalated,25
S001767,M00818,2024-07-26,KYC Verification,Pending,42
S001768,M02553,2024-12-04,Fraud Complaint,Pending,17
S001769,M01897,2024-06-11,KYC Verification,Resolved,25
S001770,M02659,2024-03-23,Account Access,Pending,18
S001771,M01590,2024-11-16,API Integration,Pending,35
S001772,M00807,2024-08-07,API Integration,Pending,17
S001773,M00196,2025-03-26,KYC Verification,Pending,34
S001774,M00949,2024-09-22,KYC Verification,Escalated,42
S001775,M00191,2024-10-22,Fraud Complaint,Escalated,34
S001776,M02247,2025-04-24,API Integration,Resolved,36
S001777,M02675,2025-01-02,Account Access,Pending,16
S001778,M00620,2025-01-16,KYC Verification,Escalated,30
S001779,M01876,2025-06-21,Failed Payment,Resolved,27
S001780,M00390,2025-03-11,KYC Verification,Pending,25
S001781,M00138,2024-02-28,API Integration,Escalated,7
S001782,M02171,2024-02-21,Fraud Complaint,Pending,1
S001783,M01187,2025-04-20,KYC Verification,Resolved,13
S001784,M00611,2024-07-16,Refund Request,Resolved,18
S001785,M02647,2024-01-29,Fraud Complaint,Pending,43
S001786,M01955,2025-01-31,Failed Payment,Resolved,28
S001787,M02312,2025-02-06,Fraud Complaint,Escalated,19
S001788,M01128,2024-04-15,Fraud Complaint,Pending,33
S001789,M00994,2025-01-27,Account Access,Pending,32
S001790,M01941,2025-03-03,API Integration,Resolved,13
S001791,M00603,2025-05-19,API Integration,Resolved,27
S001792,M00715,2024-02-22,KYC Verification,Escalated,24
S001793,M00483,2024-11-20,API Integration,Resolved,23
S001794,M02081,2025-01-02,Failed Payment,Resolved,19
S001795,M01993,2024-03-16,API Integration,Resolved,19
S001796,M00751,2024-09-26,KYC Verification,Escalated,24
S001797,M00572,2024-09-16,KYC Verification,Escalated,29
S001798,M00769,2024-05-26,KYC Verification,Escalated,34
S001799,M02534,2024-07-30,API Integration,Resolved,29
S001800,M01118,2024-07-03,API Integration,Escalated,22
S001801,M02862,2024-09-02,Refund Request,Pending,19
S001802,M02177,2024-04-09,Account Access,Resolved,31
S001803,M01084,2024-12-12,Failed Payment,Resolved,36
S001804,M00600,2025-05-24,Refund Request,Resolved,31
S001805,M02550,2024-09-12,Account Access,Pending,29
S001806,M00171,2024-04-06,API Integration,Pending,26
S001807,M02111,2024-09-11,Account Access,Resolved,1
S001808,M00327,2024-01-24,Fraud Complaint,Resolved,30
S001809,M01922,2024-10-28,Failed Payment,Pending,17
S001810,M02322,2024-06-07,KYC Verification,Resolved,17
S001811,M00910,2024-02-06,API Integration,Escalated,29
S001812,M01370,2025-04-05,KYC Verification,Escalated,40
S001813,M00240,2024-10-03,Fraud Complaint,Escalated,28
S001814,M01714,2025-02-06,Account Access,Escalated,31
S001815,M02951,2024-01-05,Failed Payment,Resolved,38
S001816,M00430,2024-08-07,Account Access,Resolved,16
S001817,M00590,2025-05-12,Failed Payment,Resolved,33
S001818,M02870,2025-06-16,Refund Request,Escalated,28
S001819,M02172,2025-01-07,Refund Request,Resolved,35
S001820,M02622,2025-01-05,Fraud Complaint,Pending,26
S001821,M00714,2024-10-05,Account Access,Pending,36
S001822,M01937,2024-09-10,Failed Payment,Resolved,37
S001823,M01358,2024-04-04,API Integration,Pending,9
S001824,M01277,2024-09-19,Failed Payment,Escalated,25
S001825,M00405,2025-02-07,Account Access,Pending,33
S001826,M02852,2024-09-23,Fraud Complaint,Resolved,26
S001827,M02974,2024-06-18,Refund Request,Escalated,14
S001828,M00281,2024-05-16,Failed Payment,Resolved,38
S001829,M02717,2024-02-17,Account Access,Pending,29
S001830,M00641,2025-01-20,API Integration,Pending,30
S001831,M02726,2025-04-20,API Integration,Resolved,20
S001832,M02403,2025-05-11,Failed Payment,Pending,22
S001833,M00025,2024-11-05,KYC Verification,Escalated,31
S001834,M02273,2024-12-07,API Integration,Escalated,12
S001835,M02722,2024-06-12,Account Access,Resolved,24
S001836,M00976,2024-01-06,Fraud Complaint,Escalated,33
S001837,M02623,2024-07-05,KYC Verification,Escalated,8
S001838,M02805,2024-01-26,KYC Verification,Escalated,16
S001839,M02678,2025-05-24,Refund Request,Pending,24
S001840,M02151,2025-05-20,Fraud Complaint,Resolved,18
S001841,M01562,2025-03-04,API Integration,Pending,17
S001842,M00714,2024-08-22,Refund Request,Escalated,25
S001843,M01407,2024-12-31,KYC Verification,Pending,34
S001844,M01039,2025-04-17,KYC Verification,Escalated,25
S001845,M00064,2025-04-09,Fraud Complaint,Pending,9
S001846,M00131,2024-12-26,Fraud Complaint,Resolved,24
S001847,M01078,2025-05-02,Fraud Complaint,Resolved,7
S001848,M01405,2024-05-07,Fraud Complaint,Escalated,23
S001849,M02810,2024-03-15,Account Access,Resolved,16
S001850,M02069,2025-02-10,API Integration,Pending,23
S001851,M01868,2024-04-20,API Integration,Pending,17
S001852,M00949,2025-06-29,Failed Payment,Escalated,26
S001853,M01373,2024-02-18,Account Access,Pending,25
S001854,M00266,2024-12-05,KYC Verification,Pending,31
S001855,M00891,2025-02-22,Fraud Complaint,Pending,26
S001856,M00314,2025-06-18,Failed Payment,Resolved,35
S001857,M02816,2025-06-28,API Integration,Resolved,14
S001858,M02788,2025-05-17,Failed Payment,Resolved,11
S001859,M02735,2025-06-24,KYC Verification,Escalated,40
S001860,M00521,2024-01-18,KYC Verification,Pending,26
S001861,M02732,2025-04-19,Refund Request,Resolved,23
S001862,M02364,2025-04-25,KYC Verification,Escalated,15
S001863,M01893,2025-02-08,Refund Request,Resolved,34
S001864,M01224,2024-11-17,Account Access,Escalated,22
S001865,M02846,2025-01-12,Account Access,Escalated,36
S001866,M00974,2024-12-02,API Integration,Pending,39
S001867,M00375,2024-03-17,Refund Request,Resolved,21
S001868,M02375,2024-05-31,API Integration,Pending,25
S001869,M00703,2025-02-08,Fraud Complaint,Pending,21
S001870,M00063,2024-09-27,Refund Request,Resolved,11
S001871,M02975,2025-06-14,Account Access,Escalated,36
S001872,M02509,2024-04-29,KYC Verification,Resolved,24
S001873,M01183,2025-06-23,Failed Payment,Escalated,42
S001874,M01381,2024-09-22,KYC Verification,Escalated,16
S001875,M00496,2024-12-02,API Integration,Pending,30
S001876,M02843,2025-06-14,KYC Verification,Resolved,23
S001877,M02098,2024-10-17,Failed Payment,Resolved,25
S001878,M01475,2024-11-30,KYC Verification,Escalated,30
S001879,M00159,2025-04-19,Account Access,Pending,31
S001880,M02004,2024-10-10,Account Access,Pending,15
S001881,M02342,2024-01-29,Refund Request,Pending,28
S001882,M00208,2024-05-18,KYC Verification,Escalated,11
S001883,M01422,2025-02-07,Refund Request,Resolved,13
S001884,M02861,2024-12-11,Fraud Complaint,Escalated,18
S001885,M00633,2025-03-05,Account Access,Escalated,19
S001886,M00997,2024-11-05,Fraud Complaint,Pending,19
S001887,M00353,2024-11-27,KYC Verification,Escalated,18
S001888,M00302,2024-07-22,KYC Verification,Pending,23
S001889,M00383,2025-06-05,Failed Payment,Pending,28
S001890,M01703,2024-03-23,API Integration,Pending,20
S001891,M02445,2025-03-02,Fraud Complaint,Escalated,32
S001892,M00156,2024-03-02,Failed Payment,Resolved,26
S001893,M01400,2024-06-04,Refund Request,Resolved,35
S001894,M01774,2025-02-22,KYC Verification,Escalated,31
S001895,M02006,2025-06-05,API Integration,Escalated,5
S001896,M01262,2024-06-02,KYC Verification,Pending,42
S001897,M01314,2025-03-05,KYC Verification,Pending,35
S001898,M01703,2024-02-18,Failed Payment,Resolved,20
S001899,M01310,2025-01-01,Fraud Complaint,Resolved,14
S001900,M01510,2024-11-21,API Integration,Resolved,42
S001901,M00166,2025-05-03,Fraud Complaint,Resolved,36
S001902,M01789,2025-02-17,Fraud Complaint,Escalated,28
S001903,M02900,2025-01-24,Account Access,Escalated,12
S001904,M01465,2025-03-30,Account Access,Escalated,34
S001905,M00660,2025-01-02,Failed Payment,Resolved,28
S001906,M00900,2024-09-22,Fraud Complaint,Resolved,43
S001907,M01696,2025-07-04,KYC Verification,Resolved,18
S001908,M02223,2024-05-29,Fraud Complaint,Resolved,19
S001909,M02108,2024-06-25,Failed Payment,Pending,27
S001910,M00489,2025-03-20,Fraud Complaint,Escalated,13
S001911,M02634,2025-01-06,Fraud Complaint,Escalated,23
S001912,M00924,2025-04-04,API Integration,Resolved,21
S001913,M01670,2025-04-11,Refund Request,Escalated,21
S001914,M00983,2024-11-20,Refund Request,Resolved,30
S001915,M01989,2024-06-08,Failed Payment,Escalated,14
S001916,M02593,2024-08-29,Failed Payment,Resolved,14
S001917,M00033,2025-04-05,API Integration,Resolved,21
S001918,M00329,2024-08-31,Fraud Complaint,Resolved,17
S001919,M00255,2024-03-10,Refund Request,Pending,41
S001920,M02789,2024-05-27,Account Access,Pending,34
S001921,M02165,2024-09-17,API Integration,Resolved,37
S001922,M00759,2024-07-24,Fraud Complaint,Resolved,27
S001923,M01045,2024-11-20,Refund Request,Escalated,14
S001924,M00552,2024-08-21,API Integration,Escalated,29
S001925,M01769,2024-01-11,Account Access,Escalated,20
S001926,M02724,2024-02-25,KYC Verification,Escalated,23
S001927,M01453,2024-12-05,KYC Verification,Escalated,32
S001928,M00817,2025-05-05,Account Access,Escalated,32
S001929,M02779,2024-11-12,Fraud Complaint,Escalated,30
S001930,M02539,2025-03-23,Fraud Complaint,Escalated,19
S001931,M00937,2024-01-05,KYC Verification,Pending,27
S001932,M02168,2025-06-06,Refund Request,Resolved,19
S001933,M01779,2025-06-13,Failed Payment,Escalated,19
S001934,M00402,2024-10-21,API Integration,Escalated,30
S001935,M01330,2024-03-13,Failed Payment,Resolved,22
S001936,M01677,2025-04-21,Fraud Complaint,Resolved,52
S001937,M00646,2024-05-31,Fraud Complaint,Pending,12
S001938,M00776,2025-04-23,Refund Request,Pending,18
S001939,M01993,2024-10-24,Refund Request,Escalated,28
S001940,M01665,2025-01-30,KYC Verification,Resolved,20
S001941,M00765,2024-05-14,KYC Verification,Resolved,12
S001942,M01654,2025-03-04,Fraud Complaint,Escalated,26
S001943,M01174,2024-09-19,KYC Verification,Pending,17
S001944,M01020,2024-09-20,KYC Verification,Escalated,25
S001945,M02767,2024-10-19,Refund Request,Resolved,27
S001946,M00829,2025-02-10,API Integration,Resolved,27
S001947,M01964,2024-01-27,Failed Payment,Escalated,37
S001948,M02580,2024-09-12,API Integration,Pending,19
S001949,M01552,2025-01-29,Account Access,Resolved,4
S001950,M02804,2025-03-09,Fraud Complaint,Resolved,38
S001951,M02957,2024-02-20,Failed Payment,Pending,30
S001952,M02716,2025-05-20,Failed Payment,Pending,33
S001953,M02901,2025-07-01,Fraud Complaint,Resolved,22
S001954,M02482,2024-02-17,Refund Request,Resolved,20
S001955,M00169,2024-07-13,API Integration,Pending,28
S001956,M02800,2024-07-22,KYC Verification,Resolved,26
S001957,M02549,2024-10-14,Fraud Complaint,Resolved,23
S001958,M02794,2024-09-17,API Integration,Pending,30
S001959,M01856,2025-05-22,Refund Request,Escalated,25
S001960,M00532,2025-04-16,API Integration,Pending,29
S001961,M00489,2024-07-26,Account Access,Pending,15
S001962,M00768,2025-01-04,Account Access,Pending,30
S001963,M00862,2024-11-20,Fraud Complaint,Pending,17
S001964,M00018,2024-04-07,Failed Payment,Escalated,49
S001965,M02497,2024-05-12,Fraud Complaint,Pending,26
S001966,M00459,2024-05-09,Fraud Complaint,Escalated,23
S001967,M02684,2024-01-02,Fraud Complaint,Escalated,26
S001968,M01149,2024-12-20,KYC Verification,Resolved,36
S001969,M02047,2024-07-04,Refund Request,Pending,13
S001970,M00921,2025-05-12,Account Access,Resolved,30
S001971,M02527,2024-09-14,KYC Verification,Pending,10
S001972,M00671,2024-12-23,Refund Request,Escalated,27
S001973,M02900,2024-06-22,Fraud Complaint,Pending,20
S001974,M02793,2025-05-19,Account Access,Escalated,23
S001975,M02867,2024-09-12,Account Access,Escalated,36
S001976,M02199,2024-10-14,Account Access,Pending,29
S001977,M01131,2024-07-22,Fraud Complaint,Resolved,39
S001978,M01174,2024-12-30,Refund Request,Pending,33
S001979,M00256,2025-05-11,Failed Payment,Pending,22
S001980,M02407,2025-05-10,Fraud Complaint,Resolved,20
S001981,M02296,2024-04-18,Account Access,Resolved,8
S001982,M02958,2024-07-07,Failed Payment,Pending,23
S001983,M01285,2024-05-23,Account Access,Pending,36
S001984,M00966,2025-03-02,Failed Payment,Resolved,9
S001985,M02355,2024-12-02,API Integration,Escalated,22
S001986,M00308,2024-12-12,Account Access,Escalated,21
S001987,M02349,2024-11-30,Fraud Complaint,Resolved,42
S001988,M02256,2024-10-04,Account Access,Resolved,28
S001989,M02074,2024-12-25,Refund Request,Escalated,17
S001990,M01852,2024-02-02,KYC Verification,Pending,21
S001991,M02994,2025-05-29,KYC Verification,Escalated,18
S001992,M00526,2025-02-27,Refund Request,Pending,17
S001993,M00113,2024-11-10,Refund Request,Resolved,29
S001994,M01193,2025-04-10,KYC Verification,Escalated,27
S001995,M00998,2025-06-03,Account Access,Escalated,40
S001996,M02366,2024-02-05,KYC Verification,Escalated,15
S001997,M02611,2025-02-10,API Integration,Escalated,36
S001998,M00545,2025-05-11,Failed Payment,Pending,25
S001999,M01967,2025-02-08,Failed Payment,Resolved,45
S002000,M02186,2024-03-17,API Integration,Pending,13
S002001,M01429,2024-10-20,Refund Request,Resolved,24
S002002,M02672,2025-05-14,API Integration,Pending,31
S002003,M02308,2024-07-29,API Integration,Pending,11
S002004,M00458,2024-09-16,Account Access,Pending,5
S002005,M02088,2024-06-05,Refund Request,Resolved,26
S002006,M01325,2024-01-24,KYC Verification,Resolved,22
S002007,M01137,2024-06-15,Account Access,Pending,18
S002008,M02700,2024-08-20,Account Access,Pending,11
S002009,M00286,2025-07-02,Failed Payment,Pending,41
S002010,M02520,2024-11-15,KYC Verification,Pending,21
S002011,M02373,2024-12-11,Refund Request,Escalated,6
S002012,M00945,2024-11-08,Fraud Complaint,Pending,1
S002013,M01677,2025-01-03,Fraud Complaint,Pending,21
S002014,M00169,2024-03-09,KYC Verification,Resolved,29
S002015,M00830,2024-09-19,Failed Payment,Resolved,19
S002016,M02636,2025-03-22,Failed Payment,Escalated,36
S002017,M00701,2025-02-25,API Integration,Pending,21
S002018,M02716,2025-02-23,Fraud Complaint,Escalated,10
S002019,M00161,2025-04-07,KYC Verification,Escalated,30
S002020,M00438,2024-02-28,API Integration,Resolved,29
S002021,M02118,2024-12-06,API Integration,Pending,20
S002022,M01867,2025-01-09,Fraud Complaint,Pending,23
S002023,M02585,2024-02-21,KYC Verification,Resolved,36
S002024,M00633,2024-12-21,Refund Request,Pending,25
S002025,M00245,2024-05-10,Refund Request,Resolved,24
S002026,M01293,2024-05-23,Refund Request,Pending,32
S002027,M00700,2024-07-21,Account Access,Resolved,21
S002028,M01559,2025-05-09,KYC Verification,Resolved,6
S002029,M02914,2025-01-01,Account Access,Pending,24
S002030,M01540,2024-06-27,Failed Payment,Resolved,36
S002031,M00976,2024-05-07,Account Access,Escalated,22
S002032,M00042,2024-04-07,API Integration,Pending,28
S002033,M01764,2025-01-19,Fraud Complaint,Pending,13
S002034,M01817,2025-02-21,KYC Verification,Escalated,29
S002035,M02014,2024-03-31,Account Access,Resolved,6
S002036,M02957,2024-06-05,KYC Verification,Resolved,10
S002037,M02715,2024-01-01,KYC Verification,Pending,17
S002038,M00948,2024-05-16,KYC Verification,Pending,31
S002039,M02976,2024-06-06,Fraud Complaint,Resolved,26
S002040,M00761,2024-12-13,Fraud Complaint,Pending,29
S002041,M01500,2024-12-29,Failed Payment,Resolved,13
S002042,M00331,2024-01-07,Account Access,Escalated,1
S002043,M02208,2024-10-20,KYC Verification,Pending,13
S002044,M00860,2024-05-20,Fraud Complaint,Pending,25
S002045,M00513,2024-11-23,Failed Payment,Escalated,12
S002046,M00168,2025-03-20,API Integration,Resolved,23
S002047,M00518,2024-03-17,Refund Request,Escalated,13
S002048,M02643,2024-02-21,Fraud Complaint,Pending,38
S002049,M01903,2025-03-03,Refund Request,Resolved,35
S002050,M00882,2024-01-21,Account Access,Pending,13
S002051,M02369,2024-10-30,Failed Payment,Escalated,18
S002052,M02226,2025-04-11,Fraud Complaint,Pending,39
S002053,M01846,2024-09-29,API Integration,Escalated,35
S002054,M02009,2024-01-11,Fraud Complaint,Pending,26
S002055,M00468,2024-08-19,Account Access,Resolved,26
S002056,M01668,2025-06-01,Failed Payment,Escalated,20
S002057,M02720,2024-09-09,Refund Request,Pending,42
S002058,M01590,2024-12-27,Account Access,Pending,31
S002059,M01583,2024-11-09,Fraud Complaint,Escalated,28
S002060,M02348,2025-04-03,Failed Payment,Resolved,19
S002061,M00773,2025-03-17,Account Access,Pending,34
S002062,M00989,2025-04-19,Refund Request,Escalated,11
S002063,M00593,2024-03-07,Fraud Complaint,Pending,23
S002064,M01319,2025-01-21,Refund Request,Escalated,26
S002065,M01160,2024-11-17,KYC Verification,Resolved,12
S002066,M02332,2025-06-23,Account Access,Pending,22
S002067,M01436,2025-06-16,API Integration,Pending,23
S002068,M01859,2025-01-23,Fraud Complaint,Pending,3
S002069,M02557,2025-05-13,KYC Verification,Escalated,31
S002070,M01664,2024-12-08,KYC Verification,Escalated,25
S002071,M01873,2025-03-20,Account Access,Pending,35
S002072,M01362,2025-06-22,Failed Payment,Pending,1
S002073,M00314,2025-03-19,Failed Payment,Resolved,27
S002074,M00642,2024-11-04,Account Access,Escalated,15
S002075,M00981,2025-01-15,Refund Request,Pending,27
S002076,M00159,2024-02-06,Account Access,Pending,7
S002077,M01171,2024-10-09,Fraud Complaint,Pending,31
S002078,M02602,2024-08-17,KYC Verification,Resolved,23
S002079,M02001,2024-10-15,API Integration,Resolved,27
S002080,M02467,2025-03-24,API Integration,Escalated,15
S002081,M01605,2024-07-16,Failed Payment,Resolved,10
S002082,M01416,2024-02-09,Refund Request,Pending,19
S002083,M02195,2025-02-06,Account Access,Pending,15
S002084,M00506,2024-09-16,Failed Payment,Resolved,16
S002085,M02753,2024-03-23,KYC Verification,Pending,39
S002086,M02281,2024-08-08,Refund Request,Escalated,29
S002087,M00730,2025-07-02,Account Access,Escalated,17
S002088,M02855,2025-06-23,Failed Payment,Resolved,17
S002089,M02903,2025-06-06,Refund Request,Pending,20
S002090,M02953,2024-08-30,KYC Verification,Resolved,29
S002091,M01778,2024-07-18,Fraud Complaint,Resolved,21
S002092,M01691,2024-11-28,Fraud Complaint,Escalated,13
S002093,M02148,2024-02-18,KYC Verification,Resolved,1
S002094,M01802,2024-08-18,API Integration,Pending,21
S002095,M02375,2024-03-31,Fraud Complaint,Escalated,25
S002096,M02866,2024-04-18,Failed Payment,Resolved,30
S002097,M00119,2024-04-30,Account Access,Pending,17
S002098,M02942,2025-06-05,KYC Verification,Escalated,32
S002099,M02120,2025-06-16,KYC Verification,Pending,20
S002100,M01877,2025-02-25,Refund Request,Escalated,33
S002101,M01625,2024-01-19,API Integration,Escalated,39
S002102,M01386,2025-06-23,API Integration,Escalated,33
S002103,M02271,2025-02-10,Failed Payment,Escalated,25
S002104,M02764,2024-03-27,KYC Verification,Pending,44
S002105,M01561,2024-08-22,Account Access,Resolved,16
S002106,M02469,2024-07-26,Refund Request,Pending,17
S002107,M02125,2025-06-21,KYC Verification,Pending,21
S002108,M01618,2024-02-03,API Integration,Escalated,4
S002109,M02586,2025-07-04,Account Access,Escalated,26
S002110,M02715,2024-07-27,API Integration,Pending,29
S002111,M01516,2025-04-26,Account Access,Pending,25
S002112,M01573,2025-06-02,Refund Request,Resolved,12
S002113,M00981,2025-01-27,Fraud Complaint,Escalated,26
S002114,M00645,2025-05-30,KYC Verification,Resolved,20
S002115,M00352,2024-01-22,Failed Payment,Pending,11
S002116,M02845,2024-07-04,KYC Verification,Pending,21
S002117,M01179,2024-03-16,KYC Verification,Resolved,22
S002118,M02171,2024-03-17,Failed Payment,Pending,39
S002119,M02229,2024-06-28,Refund Request,Escalated,20
S002120,M01194,2024-02-21,API Integration,Resolved,21
S002121,M00381,2024-08-10,Refund Request,Pending,12
S002122,M02349,2025-03-23,Failed Payment,Pending,18
S002123,M00290,2024-12-28,Refund Request,Pending,23
S002124,M00845,2025-06-08,KYC Verification,Escalated,36
S002125,M00638,2025-01-03,Refund Request,Resolved,27
S002126,M00447,2024-01-09,KYC Verification,Escalated,29
S002127,M00081,2025-04-08,Fraud Complaint,Escalated,27
S002128,M01079,2024-07-27,Refund Request,Resolved,53
S002129,M02743,2025-02-16,API Integration,Resolved,18
S002130,M02854,2024-02-02,KYC Verification,Resolved,36
S002131,M00075,2025-01-08,Refund Request,Escalated,23
S002132,M02353,2025-03-26,Failed Payment,Escalated,15
S002133,M01939,2025-03-27,Fraud Complaint,Pending,21
S002134,M02291,2025-04-09,KYC Verification,Resolved,25
S002135,M00930,2024-10-01,API Integration,Escalated,27
S002136,M01871,2025-05-14,Account Access,Resolved,27
S002137,M01257,2025-04-03,Fraud Complaint,Escalated,15
S002138,M02068,2024-01-08,Fraud Complaint,Escalated,12
S002139,M02154,2024-08-12,Account Access,Pending,21
S002140,M02261,2024-05-16,Failed Payment,Escalated,30
S002141,M02808,2025-03-26,Refund Request,Resolved,22
S002142,M01219,2025-04-27,API Integration,Pending,13
S002143,M01878,2024-10-27,KYC Verification,Escalated,32
S002144,M00039,2024-07-26,Refund Request,Pending,30
S002145,M01461,2025-03-29,Refund Request,Pending,22
S002146,M00884,2024-07-07,API Integration,Pending,16
S002147,M01853,2024-10-07,API Integration,Resolved,23
S002148,M00738,2024-02-10,Failed Payment,Resolved,32
S002149,M00658,2024-02-28,Fraud Complaint,Pending,25
S002150,M01263,2025-02-24,API Integration,Escalated,30
S002151,M02506,2024-12-22,Failed Payment,Resolved,38
S002152,M00711,2025-06-26,Fraud Complaint,Resolved,27
S002153,M00878,2024-07-16,KYC Verification,Pending,28
S002154,M01212,2024-04-24,API Integration,Pending,42
S002155,M00646,2024-11-25,API Integration,Escalated,31
S002156,M01918,2024-07-11,API Integration,Resolved,28
S002157,M00340,2024-07-13,KYC Verification,Escalated,40
S002158,M00957,2025-02-01,Account Access,Resolved,25
S002159,M00226,2025-02-23,Account Access,Resolved,14
S002160,M01068,2024-03-13,KYC Verification,Resolved,29
S002161,M00201,2024-05-29,KYC Verification,Resolved,19
S002162,M00972,2025-01-13,Failed Payment,Pending,21
S002163,M01624,2024-05-05,Failed Payment,Escalated,23
S002164,M00383,2024-09-03,API Integration,Resolved,42
S002165,M02078,2024-03-10,Account Access,Resolved,10
S002166,M01572,2024-05-31,API Integration,Resolved,16
S002167,M02585,2024-01-21,Failed Payment,Pending,55
S002168,M01691,2025-04-21,Refund Request,Escalated,8
S002169,M02698,2024-06-14,Refund Request,Pending,36
S002170,M02561,2024-07-31,Failed Payment,Pending,22
S002171,M01473,2024-11-25,Refund Request,Escalated,26
S002172,M01238,2024-02-21,KYC Verification,Escalated,3
S002173,M02246,2024-10-18,Failed Payment,Pending,33
S002174,M02025,2024-07-12,API Integration,Resolved,43
S002175,M00309,2025-04-17,Account Access,Pending,39
S002176,M00091,2024-09-08,Account Access,Pending,10
S002177,M01235,2025-06-18,Failed Payment,Resolved,25
S002178,M00446,2024-01-13,Refund Request,Resolved,45
S002179,M01400,2025-06-14,Failed Payment,Resolved,32
S002180,M00895,2024-06-30,Refund Request,Pending,30
S002181,M02943,2025-01-26,Failed Payment,Resolved,21
S002182,M01306,2025-02-25,Fraud Complaint,Resolved,14
S002183,M01507,2024-12-08,Fraud Complaint,Resolved,19
S002184,M02915,2025-06-09,Fraud Complaint,Escalated,18
S002185,M01397,2024-08-15,Fraud Complaint,Escalated,32
S002186,M00749,2024-08-22,Refund Request,Escalated,25
S002187,M01901,2025-05-06,Failed Payment,Pending,28
S002188,M01060,2024-07-28,Account Access,Pending,9
S002189,M01358,2024-03-17,Refund Request,Pending,31
S002190,M00517,2024-03-22,Failed Payment,Resolved,28
S002191,M01003,2024-11-25,Refund Request,Escalated,13
S002192,M02664,2025-06-25,Account Access,Escalated,24
S002193,M01126,2025-06-02,API Integration,Pending,1
S002194,M02852,2024-06-24,Failed Payment,Resolved,22
S002195,M02818,2024-01-30,Fraud Complaint,Pending,37
S002196,M00730,2024-03-06,Refund Request,Pending,12
S002197,M02796,2025-06-19,Refund Request,Escalated,30
S002198,M01486,2024-01-21,KYC Verification,Resolved,11
S002199,M02953,2025-03-22,Account Access,Pending,15
S002200,M02981,2025-06-11,KYC Verification,Pending,20
S002201,M00989,2025-02-17,Failed Payment,Resolved,32
S002202,M02252,2024-05-26,Refund Request,Escalated,22
S002203,M01977,2024-09-12,Refund Request,Escalated,22
S002204,M00906,2024-04-30,Failed Payment,Resolved,24
S002205,M00714,2025-01-05,API Integration,Escalated,17
S002206,M02061,2024-03-29,API Integration,Escalated,23
S002207,M02980,2024-11-10,Refund Request,Pending,3
S002208,M02395,2025-03-13,Refund Request,Resolved,14
S002209,M00794,2024-07-24,API Integration,Resolved,32
S002210,M01222,2024-12-14,Refund Request,Resolved,23
S002211,M00838,2024-10-02,Fraud Complaint,Escalated,32
S002212,M00914,2025-02-19,API Integration,Escalated,18
S002213,M00744,2025-01-02,Fraud Complaint,Pending,23
S002214,M02401,2025-01-07,API Integration,Escalated,34
S002215,M00679,2024-12-21,Refund Request,Escalated,26
S002216,M02538,2024-10-29,Account Access,Resolved,5
S002217,M02960,2025-01-26,API Integration,Escalated,36
S002218,M00624,2024-10-03,Fraud Complaint,Resolved,35
S002219,M02144,2024-06-04,Failed Payment,Resolved,27
S002220,M00005,2024-08-08,Failed Payment,Escalated,26
S002221,M01443,2025-03-27,Failed Payment,Escalated,23
S002222,M02198,2024-07-05,Failed Payment,Resolved,5
S002223,M01935,2025-06-23,Refund Request,Resolved,27
S002224,M02201,2024-03-30,Account Access,Escalated,5
S002225,M01716,2024-09-06,Failed Payment,Resolved,29
S002226,M01526,2024-01-21,Fraud Complaint,Resolved,13
S002227,M02167,2024-04-18,Failed Payment,Escalated,26
S002228,M01531,2025-02-27,Refund Request,Escalated,13
S002229,M01723,2025-02-27,Refund Request,Resolved,44
S002230,M00047,2025-04-24,Fraud Complaint,Resolved,23
S002231,M01918,2024-08-20,KYC Verification,Escalated,31
S002232,M00637,2024-03-21,Failed Payment,Resolved,46
S002233,M00661,2024-01-09,Refund Request,Pending,31
S002234,M00415,2024-12-05,Failed Payment,Pending,18
S002235,M01209,2024-07-31,Refund Request,Escalated,8
S002236,M00429,2024-07-20,Failed Payment,Escalated,22
S002237,M02103,2024-01-28,Account Access,Pending,28
S002238,M00751,2025-04-01,Refund Request,Escalated,1
S002239,M01053,2025-04-10,Refund Request,Escalated,39
S002240,M01330,2024-06-13,Refund Request,Resolved,8
S002241,M01761,2025-03-25,API Integration,Resolved,30
S002242,M00703,2025-03-05,Fraud Complaint,Resolved,8
S002243,M01854,2025-02-17,Account Access,Escalated,24
S002244,M02966,2025-02-26,Refund Request,Resolved,15
S002245,M01906,2024-12-04,Account Access,Resolved,14
S002246,M00270,2024-05-18,KYC Verification,Resolved,16
S002247,M00572,2024-09-16,Fraud Complaint,Escalated,6
S002248,M00506,2024-08-31,Account Access,Pending,27
S002249,M02511,2025-05-16,Fraud Complaint,Pending,20
S002250,M02321,2025-04-23,Fraud Complaint,Resolved,23
S002251,M02232,2025-02-18,Refund Request,Resolved,23
S002252,M02273,2025-05-16,Fraud Complaint,Pending,42
S002253,M00245,2024-11-04,API Integration,Escalated,1
S002254,M00195,2025-05-20,Fraud Complaint,Resolved,28
S002255,M00171,2025-02-26,Refund Request,Escalated,16
S002256,M01580,2024-09-03,Fraud Complaint,Pending,14
S002257,M02206,2024-11-13,Failed Payment,Pending,7
S002258,M02607,2025-02-19,Failed Payment,Escalated,40
S002259,M02354,2024-01-20,Fraud Complaint,Escalated,32
S002260,M00976,2024-09-26,Account Access,Resolved,13
S002261,M00300,2025-06-28,Failed Payment,Pending,38
S002262,M02908,2024-06-05,KYC Verification,Escalated,42
S002263,M00183,2024-08-23,KYC Verification,Escalated,21
S002264,M00978,2024-04-27,KYC Verification,Escalated,21
S002265,M00298,2024-11-05,Refund Request,Pending,16
S002266,M00086,2024-10-14,Failed Payment,Escalated,30
S002267,M02294,2024-11-06,Refund Request,Pending,13
S002268,M02011,2025-06-29,Failed Payment,Pending,24
S002269,M02758,2024-02-28,KYC Verification,Escalated,25
S002270,M00405,2024-02-15,Refund Request,Escalated,38
S002271,M00525,2025-02-14,Failed Payment,Escalated,38
S002272,M02531,2024-07-25,Fraud Complaint,Pending,11
S002273,M00865,2024-03-09,Account Access,Pending,35
S002274,M01081,2025-05-02,Refund Request,Pending,17
S002275,M00009,2025-02-08,KYC Verification,Resolved,35
S002276,M01933,2025-07-04,Refund Request,Escalated,21
S002277,M02070,2024-11-25,Failed Payment,Escalated,20
S002278,M00203,2024-02-02,API Integration,Pending,10
S002279,M02851,2025-01-15,Refund Request,Pending,28
S002280,M01247,2024-09-19,Fraud Complaint,Resolved,17
S002281,M01637,2024-08-07,Fraud Complaint,Resolved,39
S002282,M01436,2024-08-03,Failed Payment,Escalated,30
S002283,M02578,2025-06-20,KYC Verification,Pending,36
S002284,M00418,2024-06-11,Account Access,Resolved,45
S002285,M00371,2024-10-16,API Integration,Escalated,16
S002286,M02506,2025-04-27,Refund Request,Escalated,1
S002287,M00797,2024-07-12,API Integration,Pending,18
S002288,M01844,2024-11-27,Account Access,Pending,23
S002289,M00590,2024-06-11,Fraud Complaint,Resolved,44
S002290,M01420,2024-06-19,Fraud Complaint,Escalated,19
S002291,M02576,2025-06-12,Account Access,Escalated,32
S002292,M01555,2025-06-18,Refund Request,Resolved,20
S002293,M02420,2024-07-13,Refund Request,Escalated,8
S002294,M00891,2024-12-06,Fraud Complaint,Resolved,21
S002295,M02361,2025-05-05,Fraud Complaint,Resolved,23
S002296,M00909,2025-05-09,KYC Verification,Resolved,29
S002297,M02757,2024-07-19,Account Access,Pending,26
S002298,M01787,2024-01-02,Refund Request,Escalated,26
S002299,M02189,2025-03-11,API Integration,Resolved,43
S002300,M01179,2024-12-11,KYC Verification,Resolved,13
S002301,M02102,2025-02-11,KYC Verification,Resolved,30
S002302,M01047,2024-08-11,Failed Payment,Pending,30
S002303,M02094,2024-02-19,Account Access,Resolved,33
S002304,M00137,2024-09-02,Fraud Complaint,Pending,15
S002305,M02276,2025-06-03,API Integration,Escalated,37
S002306,M02332,2024-10-20,API Integration,Resolved,13
S002307,M02542,2024-12-19,API Integration,Escalated,18
S002308,M01959,2024-08-11,API Integration,Resolved,20
S002309,M02854,2025-03-27,Account Access,Pending,32
S002310,M00827,2025-01-09,Account Access,Resolved,33
S002311,M02792,2024-05-16,KYC Verification,Pending,16
S002312,M02940,2024-09-04,Failed Payment,Escalated,32
S002313,M02302,2024-08-10,Failed Payment,Pending,24
S002314,M01124,2024-01-05,Fraud Complaint,Pending,25
S002315,M00092,2025-05-30,API Integration,Escalated,23
S002316,M02793,2024-11-11,Fraud Complaint,Escalated,51
S002317,M02786,2024-04-08,KYC Verification,Escalated,33
S002318,M00304,2024-09-03,KYC Verification,Escalated,34
S002319,M00860,2024-10-28,KYC Verification,Pending,27
S002320,M01247,2024-05-06,Account Access,Pending,18
S002321,M00320,2024-03-12,KYC Verification,Resolved,27
S002322,M01957,2024-09-21,KYC Verification,Pending,37
S002323,M00867,2024-08-09,Refund Request,Resolved,37
S002324,M02691,2024-05-04,Failed Payment,Resolved,31
S002325,M01144,2024-07-13,API Integration,Pending,21
S002326,M01395,2025-05-01,Failed Payment,Pending,35
S002327,M01500,2025-05-03,Account Access,Escalated,18
S002328,M01819,2024-05-18,Refund Request,Resolved,17
S002329,M02609,2025-01-14,Account Access,Escalated,20
S002330,M02093,2025-05-16,API Integration,Pending,12
S002331,M00892,2024-01-20,API Integration,Resolved,31
S002332,M01704,2024-03-19,Failed Payment,Escalated,40
S002333,M01912,2024-01-09,Refund Request,Pending,21
S002334,M00866,2024-03-16,Account Access,Pending,40
S002335,M01677,2025-01-07,API Integration,Pending,16
S002336,M01272,2024-07-02,Failed Payment,Escalated,21
S002337,M00721,2025-03-23,KYC Verification,Pending,18
S002338,M02915,2024-08-18,Fraud Complaint,Escalated,40
S002339,M01865,2024-10-24,API Integration,Resolved,21
S002340,M02401,2024-07-05,Failed Payment,Resolved,11
S002341,M00316,2025-04-18,Account Access,Pending,38
S002342,M00827,2024-02-14,Failed Payment,Pending,18
S002343,M00443,2024-05-24,Refund Request,Escalated,30
S002344,M01507,2024-04-26,Failed Payment,Pending,16
S002345,M01310,2024-01-09,Fraud Complaint,Pending,36
S002346,M00230,2024-09-14,KYC Verification,Escalated,34
S002347,M02625,2025-07-03,Fraud Complaint,Escalated,16
S002348,M01587,2024-03-17,Refund Request,Escalated,38
S002349,M00815,2024-04-21,Fraud Complaint,Pending,12
S002350,M02248,2024-03-19,Refund Request,Pending,35
S002351,M02245,2024-08-27,KYC Verification,Escalated,34
S002352,M02192,2024-10-16,Fraud Complaint,Resolved,32
S002353,M00811,2024-02-02,KYC Verification,Escalated,28
S002354,M00144,2024-09-03,Account Access,Pending,17
S002355,M02489,2025-02-20,Account Access,Pending,27
S002356,M00014,2024-11-21,Failed Payment,Pending,28
S002357,M02304,2024-09-19,KYC Verification,Escalated,7
S002358,M02448,2024-11-30,Fraud Complaint,Pending,31
S002359,M01275,2025-02-13,Fraud Complaint,Escalated,16
S002360,M00336,2024-03-15,API Integration,Escalated,9
S002361,M02562,2024-01-16,API Integration,Pending,9
S002362,M01965,2024-03-28,API Integration,Pending,30
S002363,M02647,2025-03-02,Account Access,Pending,14
S002364,M01701,2025-03-22,Account Access,Resolved,21
S002365,M02605,2024-02-25,Account Access,Resolved,12
S002366,M00032,2025-01-31,Fraud Complaint,Resolved,37
S002367,M02288,2024-06-16,Failed Payment,Resolved,22
S002368,M01445,2024-09-15,KYC Verification,Pending,20
S002369,M02327,2024-07-15,Fraud Complaint,Escalated,24
S002370,M02165,2024-11-22,KYC Verification,Pending,17
S002371,M01799,2024-02-24,Account Access,Resolved,19
S002372,M01165,2024-06-08,Account Access,Pending,28
S002373,M02629,2024-11-20,KYC Verification,Escalated,46
S002374,M00527,2024-09-04,Account Access,Resolved,49
S002375,M00353,2024-08-14,KYC Verification,Pending,36
S002376,M01387,2025-01-13,Account Access,Escalated,19
S002377,M02043,2024-11-16,API Integration,Escalated,19
S002378,M02133,2025-06-16,API Integration,Escalated,18
S002379,M01217,2024-09-19,API Integration,Resolved,25
S002380,M00113,2025-05-05,Fraud Complaint,Pending,26
S002381,M02314,2025-05-24,Failed Payment,Pending,23
S002382,M01607,2024-06-03,Account Access,Resolved,41
S002383,M01345,2025-02-28,Fraud Complaint,Resolved,11
S002384,M00733,2024-04-27,KYC Verification,Pending,28
S002385,M02646,2025-01-18,API Integration,Escalated,39
S002386,M02052,2024-10-21,Fraud Complaint,Pending,19
S002387,M00130,2024-05-13,KYC Verification,Pending,26
S002388,M00033,2024-05-26,Fraud Complaint,Escalated,25
S002389,M00016,2024-03-12,API Integration,Escalated,16
S002390,M01375,2024-05-08,Fraud Complaint,Escalated,24
S002391,M02735,2024-03-24,Fraud Complaint,Pending,1
S002392,M00762,2024-07-09,API Integration,Escalated,31
S002393,M02251,2025-05-22,Account Access,Escalated,15
S002394,M00630,2024-08-06,Failed Payment,Resolved,30
S002395,M01940,2024-07-29,Account Access,Pending,20
S002396,M01384,2024-08-30,Failed Payment,Pending,21
S002397,M02782,2025-02-11,Account Access,Escalated,27
S002398,M00456,2025-06-26,Failed Payment,Resolved,27
S002399,M02736,2025-05-14,API Integration,Pending,29
S002400,M01885,2025-06-05,Refund Request,Escalated,42
S002401,M01175,2024-06-16,API Integration,Escalated,17
S002402,M00055,2024-08-05,API Integration,Pending,47
S002403,M01223,2025-03-08,Failed Payment,Escalated,21
S002404,M02286,2024-08-28,Account Access,Pending,40
S002405,M01024,2025-04-20,API Integration,Pending,48
S002406,M01967,2024-07-13,KYC Verification,Pending,1
S002407,M00847,2025-01-07,Failed Payment,Pending,25
S002408,M01770,2024-05-22,API Integration,Escalated,23
S002409,M01567,2024-05-15,Refund Request,Escalated,19
S002410,M01321,2024-05-05,KYC Verification,Resolved,10
S002411,M02874,2025-03-19,Account Access,Pending,20
S002412,M02686,2025-01-25,Account Access,Resolved,29
S002413,M00790,2024-07-25,Refund Request,Escalated,25
S002414,M02253,2025-05-09,Failed Payment,Escalated,6
S002415,M02864,2024-12-12,KYC Verification,Pending,35
S002416,M02671,2024-05-01,Account Access,Pending,26
S002417,M01489,2024-02-04,API Integration,Pending,48
S002418,M01936,2025-06-12,Account Access,Resolved,17
S002419,M01717,2024-05-28,Refund Request,Resolved,6
S002420,M02011,2024-11-14,API Integration,Pending,13
S002421,M00699,2024-12-22,Account Access,Escalated,20
S002422,M01738,2024-05-13,Fraud Complaint,Pending,23
S002423,M02335,2025-02-16,Refund Request,Pending,25
S002424,M00782,2024-06-27,Failed Payment,Pending,32
S002425,M00636,2025-04-20,KYC Verification,Pending,29
S002426,M01431,2024-07-05,Account Access,Resolved,26
S002427,M01849,2024-05-23,Refund Request,Pending,29
S002428,M01650,2024-05-18,Refund Request,Escalated,9
S002429,M02529,2024-10-29,Refund Request,Escalated,8
S002430,M01893,2025-05-12,Fraud Complaint,Escalated,23
S002431,M02890,2024-12-11,Fraud Complaint,Resolved,31
S002432,M00052,2024-03-11,Refund Request,Pending,9
S002433,M00534,2025-01-29,Failed Payment,Pending,17
S002434,M02460,2024-06-28,API Integration,Resolved,23
S002435,M00008,2025-02-06,Account Access,Pending,42
S002436,M01919,2024-04-23,Failed Payment,Resolved,22
S002437,M02985,2024-02-26,Account Access,Resolved,14
S002438,M00394,2024-07-24,KYC Verification,Escalated,11
S002439,M02377,2024-03-05,API Integration,Escalated,5
S002440,M02815,2024-01-21,Account Access,Pending,8
S002441,M02875,2024-05-11,Fraud Complaint,Escalated,36
S002442,M01366,2024-03-21,API Integration,Pending,18
S002443,M00571,2025-02-28,Refund Request,Escalated,25
S002444,M02007,2025-02-02,Failed Payment,Escalated,41
S002445,M01828,2024-07-29,API Integration,Resolved,25
S002446,M01696,2025-06-27,KYC Verification,Resolved,19
S002447,M02116,2025-03-12,KYC Verification,Pending,28
S002448,M01825,2025-06-01,Failed Payment,Resolved,33
S002449,M02208,2025-03-16,Account Access,Resolved,27
S002450,M00540,2024-03-10,Account Access,Resolved,33
S002451,M02279,2025-06-05,Failed Payment,Escalated,32
S002452,M01642,2025-06-18,API Integration,Pending,30
S002453,M00074,2024-06-07,Refund Request,Escalated,26
S002454,M00889,2024-11-17,Failed Payment,Resolved,20
S002455,M01198,2024-02-09,Failed Payment,Resolved,18
S002456,M02048,2024-08-01,Failed Payment,Resolved,25
S002457,M02398,2025-03-10,Failed Payment,Escalated,16
S002458,M02749,2024-03-09,Refund Request,Escalated,25
S002459,M01481,2025-02-08,Account Access,Pending,32
S002460,M02107,2025-03-03,KYC Verification,Pending,37
S002461,M02048,2024-04-14,Failed Payment,Pending,19
S002462,M00904,2024-12-01,Refund Request,Pending,24
S002463,M01628,2025-06-01,Failed Payment,Pending,21
S002464,M00160,2025-01-30,Account Access,Pending,22
S002465,M02825,2025-04-08,Failed Payment,Pending,35
S002466,M00330,2024-05-28,API Integration,Resolved,30
S002467,M00680,2024-06-24,Fraud Complaint,Resolved,23
S002468,M01476,2024-01-30,KYC Verification,Pending,28
S002469,M01965,2025-05-04,Fraud Complaint,Pending,1
S002470,M00038,2024-05-02,Account Access,Pending,21
S002471,M00762,2024-09-12,Fraud Complaint,Resolved,32
S002472,M01988,2024-01-01,Refund Request,Pending,18
S002473,M02901,2024-10-29,API Integration,Pending,18
S002474,M01134,2024-05-02,Account Access,Escalated,11
S002475,M00368,2025-02-24,KYC Verification,Resolved,28
S002476,M02921,2024-10-25,Failed Payment,Pending,10
S002477,M00752,2024-04-26,Fraud Complaint,Resolved,17
S002478,M02122,2025-01-09,Fraud Complaint,Escalated,28
S002479,M01293,2024-05-03,KYC Verification,Pending,21
S002480,M02529,2024-01-05,Refund Request,Resolved,32
S002481,M00778,2024-05-30,Failed Payment,Resolved,23
S002482,M00789,2025-07-03,Account Access,Resolved,20
S002483,M00221,2024-08-04,Refund Request,Resolved,42
S002484,M01156,2025-03-16,Account Access,Pending,19
S002485,M02811,2025-04-23,Account Access,Escalated,29
S002486,M02073,2024-05-03,KYC Verification,Resolved,13
S002487,M02422,2024-04-04,Failed Payment,Pending,31
S002488,M02287,2024-01-22,API Integration,Escalated,24
S002489,M01102,2024-11-30,KYC Verification,Escalated,26
S002490,M01683,2025-06-03,Fraud Complaint,Resolved,24
S002491,M00556,2024-11-14,Fraud Complaint,Resolved,13
S002492,M02852,2024-10-02,API Integration,Resolved,1
S002493,M00120,2024-10-11,Refund Request,Pending,40
S002494,M01053,2024-04-10,Account Access,Escalated,15
S002495,M02616,2025-01-28,API Integration,Escalated,9
S002496,M02296,2024-09-07,Refund Request,Resolved,20
S002497,M01789,2024-03-27,Fraud Complaint,Escalated,26
S002498,M01582,2025-03-23,KYC Verification,Resolved,30
S002499,M01461,2024-04-29,Failed Payment,Pending,12
S002500,M00165,2024-08-27,Account Access,Resolved,35
S002501,M01731,2025-06-21,Refund Request,Escalated,28
S002502,M00334,2024-06-12,API Integration,Escalated,25
S002503,M00567,2024-11-02,KYC Verification,Escalated,21
S002504,M00462,2025-04-19,Failed Payment,Escalated,24
S002505,M01393,2024-09-15,API Integration,Pending,22
S002506,M00908,2024-09-20,Refund Request,Escalated,28
S002507,M01424,2024-06-24,Refund Request,Escalated,26
S002508,M00039,2025-04-26,Account Access,Escalated,24
S002509,M00839,2024-04-24,Failed Payment,Escalated,14
S002510,M01545,2024-11-14,Fraud Complaint,Escalated,24
S002511,M00219,2024-04-12,API Integration,Pending,31
S002512,M02343,2025-05-31,KYC Verification,Resolved,23
S002513,M01953,2025-04-24,Failed Payment,Pending,29
S002514,M00734,2024-05-22,Refund Request,Resolved,26
S002515,M02732,2024-07-31,Failed Payment,Resolved,33
S002516,M02896,2024-09-01,Refund Request,Resolved,25
S002517,M02195,2024-04-07,Account Access,Escalated,22
S002518,M00321,2024-03-14,Account Access,Resolved,13
S002519,M02071,2025-05-11,Refund Request,Pending,25
S002520,M01897,2024-03-06,Failed Payment,Escalated,26
S002521,M01691,2024-10-30,KYC Verification,Escalated,16
S002522,M00824,2024-09-24,Account Access,Resolved,12
S002523,M00213,2024-02-22,Fraud Complaint,Resolved,42
S002524,M01749,2024-02-28,Fraud Complaint,Pending,22
S002525,M01383,2024-09-03,API Integration,Resolved,29
S002526,M01000,2024-10-29,Refund Request,Resolved,27
S002527,M02169,2024-08-11,Failed Payment,Escalated,13
S002528,M00352,2024-09-16,Fraud Complaint,Escalated,18
S002529,M01456,2024-01-27,API Integration,Pending,18
S002530,M02247,2025-02-25,Failed Payment,Resolved,18
S002531,M02934,2024-11-12,Fraud Complaint,Escalated,4
S002532,M02502,2025-02-15,Fraud Complaint,Resolved,31
S002533,M01166,2024-10-03,KYC Verification,Pending,17
S002534,M01153,2024-01-13,Refund Request,Pending,15
S002535,M01193,2024-01-28,API Integration,Escalated,28
S002536,M02171,2024-03-15,Failed Payment,Resolved,35
S002537,M02539,2024-06-15,Account Access,Pending,37
S002538,M02547,2024-05-15,Failed Payment,Resolved,25
S002539,M00995,2025-04-25,Failed Payment,Resolved,30
S002540,M02694,2025-04-24,KYC Verification,Pending,31
S002541,M02600,2025-02-20,Refund Request,Resolved,26
S002542,M00982,2025-05-16,Failed Payment,Escalated,21
S002543,M00195,2024-04-13,KYC Verification,Escalated,27
S002544,M00566,2024-03-06,Failed Payment,Escalated,17
S002545,M01993,2024-09-18,Fraud Complaint,Escalated,31
S002546,M00734,2024-01-27,Refund Request,Escalated,21
S002547,M00082,2025-06-13,Refund Request,Resolved,20
S002548,M01951,2025-05-14,Account Access,Escalated,34
S002549,M01164,2024-08-10,Account Access,Resolved,24
S002550,M02287,2024-03-13,API Integration,Pending,20
S002551,M01869,2024-12-16,Refund Request,Resolved,29
S002552,M02238,2024-07-28,Fraud Complaint,Escalated,18
S002553,M00381,2025-04-23,Account Access,Escalated,19
S002554,M01466,2024-08-27,API Integration,Pending,19
S002555,M01593,2024-07-19,Failed Payment,Escalated,32
S002556,M01128,2024-06-14,Fraud Complaint,Escalated,39
S002557,M01880,2024-12-24,Fraud Complaint,Pending,21
S002558,M01506,2024-08-14,Failed Payment,Escalated,47
S002559,M00648,2024-07-04,API Integration,Resolved,26
S002560,M02750,2024-06-08,Failed Payment,Resolved,18
S002561,M00780,2024-10-29,Failed Payment,Resolved,27
S002562,M00617,2024-09-13,Fraud Complaint,Escalated,16
S002563,M02694,2024-11-21,KYC Verification,Pending,27
S002564,M01380,2024-03-14,API Integration,Resolved,15
S002565,M02019,2024-08-26,Refund Request,Pending,24
S002566,M00371,2024-06-26,Failed Payment,Resolved,28
S002567,M02586,2025-05-17,API Integration,Pending,15
S002568,M01803,2025-03-28,KYC Verification,Resolved,16
S002569,M00798,2024-02-06,KYC Verification,Escalated,6
S002570,M01185,2024-04-25,Refund Request,Escalated,13
S002571,M00784,2024-01-23,Account Access,Pending,24
S002572,M02198,2024-12-17,Refund Request,Resolved,23
S002573,M02188,2024-11-29,Refund Request,Escalated,16
S002574,M02580,2024-12-25,KYC Verification,Pending,33
S002575,M02803,2024-02-01,Fraud Complaint,Escalated,20
S002576,M02896,2025-01-26,Account Access,Pending,13
S002577,M01736,2024-12-16,KYC Verification,Escalated,40
S002578,M01591,2024-06-26,API Integration,Resolved,1
S002579,M00362,2025-06-04,API Integration,Resolved,25
S002580,M00395,2024-06-16,Refund Request,Escalated,30
S002581,M00787,2025-05-23,Failed Payment,Escalated,25
S002582,M01868,2024-11-10,KYC Verification,Pending,16
S002583,M01712,2024-07-02,API Integration,Escalated,27
S002584,M02326,2024-12-28,Failed Payment,Escalated,26
S002585,M01442,2024-10-07,Account Access,Pending,25
S002586,M02188,2024-03-25,Refund Request,Pending,23
S002587,M02699,2024-08-02,KYC Verification,Pending,32
S002588,M02290,2024-12-18,API Integration,Resolved,18
S002589,M02258,2025-01-05,API Integration,Resolved,12
S002590,M00508,2025-01-12,Failed Payment,Escalated,28
S002591,M02868,2024-12-12,API Integration,Resolved,20
S002592,M00857,2025-06-30,Failed Payment,Pending,17
S002593,M00470,2025-01-14,Account Access,Pending,34
S002594,M02255,2024-09-05,API Integration,Pending,25
S002595,M01996,2024-10-15,KYC Verification,Resolved,28
S002596,M02656,2024-03-31,KYC Verification,Escalated,28
S002597,M02321,2024-12-10,Account Access,Escalated,25
S002598,M02483,2024-12-17,Account Access,Pending,20
S002599,M01108,2025-06-17,Failed Payment,Escalated,14
S002600,M00505,2024-01-17,Refund Request,Pending,19
S002601,M00700,2024-04-11,Failed Payment,Resolved,22
S002602,M01684,2024-12-04,Failed Payment,Pending,16
S002603,M00160,2024-12-31,Account Access,Escalated,40
S002604,M02074,2024-08-21,KYC Verification,Pending,16
S002605,M01688,2024-11-11,Fraud Complaint,Resolved,30
S002606,M00292,2024-04-09,Failed Payment,Escalated,35
S002607,M01063,2024-05-21,Account Access,Resolved,19
S002608,M01263,2024-11-30,Account Access,Pending,25
S002609,M02560,2024-07-03,Fraud Complaint,Pending,8
S002610,M02842,2024-11-09,Fraud Complaint,Escalated,40
S002611,M00858,2025-04-14,Failed Payment,Resolved,22
S002612,M02723,2025-03-19,API Integration,Escalated,43
S002613,M02117,2024-03-29,API Integration,Pending,28
S002614,M00715,2024-11-10,API Integration,Resolved,31
S002615,M01533,2025-06-17,Refund Request,Escalated,22
S002616,M00983,2024-05-13,API Integration,Escalated,29
S002617,M02851,2024-10-07,KYC Verification,Escalated,18
S002618,M01898,2025-05-01,Failed Payment,Resolved,28
S002619,M00620,2024-06-07,Fraud Complaint,Resolved,32
S002620,M02074,2024-07-29,KYC Verification,Resolved,31
S002621,M02778,2024-05-05,Refund Request,Resolved,21
S002622,M02868,2024-09-03,API Integration,Pending,40
S002623,M00433,2025-03-24,Account Access,Escalated,15
S002624,M02752,2024-09-02,Refund Request,Resolved,37
S002625,M00057,2025-05-08,Refund Request,Resolved,30
S002626,M00656,2024-04-11,Fraud Complaint,Resolved,13
S002627,M03000,2024-01-04,API Integration,Resolved,34
S002628,M02102,2025-06-03,KYC Verification,Resolved,6
S002629,M01171,2025-04-17,Refund Request,Resolved,42
S002630,M02268,2024-06-03,Account Access,Resolved,23
S002631,M02612,2024-05-23,Failed Payment,Pending,16
S002632,M00646,2025-05-01,Fraud Complaint,Escalated,24
S002633,M00322,2025-05-07,Refund Request,Resolved,23
S002634,M02931,2025-03-26,Refund Request,Pending,31
S002635,M02188,2025-03-05,Failed Payment,Escalated,31
S002636,M00342,2025-01-28,Account Access,Escalated,33
S002637,M01580,2025-03-29,Fraud Complaint,Escalated,37
S002638,M02078,2024-01-20,Account Access,Escalated,46
S002639,M00706,2024-11-02,Refund Request,Escalated,21
S002640,M00647,2025-06-11,Refund Request,Escalated,30
S002641,M02928,2024-11-28,Failed Payment,Pending,33
S002642,M00951,2025-01-09,Account Access,Resolved,32
S002643,M00747,2025-01-31,KYC Verification,Pending,37
S002644,M01839,2024-10-22,Fraud Complaint,Escalated,12
S002645,M00797,2024-06-27,KYC Verification,Resolved,28
S002646,M01305,2024-06-24,Account Access,Resolved,33
S002647,M02128,2024-08-28,Fraud Complaint,Pending,34
S002648,M00663,2024-12-16,KYC Verification,Pending,25
S002649,M01016,2024-11-02,Account Access,Pending,30
S002650,M02415,2024-01-30,Refund Request,Escalated,30
S002651,M01133,2024-02-29,Fraud Complaint,Pending,13
S002652,M01083,2024-06-30,Refund Request,Escalated,39
S002653,M00520,2025-05-07,API Integration,Escalated,18
S002654,M00854,2024-05-20,Account Access,Resolved,15
S002655,M00889,2024-10-19,Refund Request,Pending,33
S002656,M00377,2024-11-26,API Integration,Escalated,20
S002657,M01395,2024-06-02,Refund Request,Escalated,16
S002658,M00111,2024-04-07,API Integration,Pending,31
S002659,M02187,2024-01-02,Failed Payment,Escalated,23
S002660,M00946,2025-01-27,KYC Verification,Resolved,34
S002661,M01730,2025-06-29,Account Access,Resolved,28
S002662,M01512,2025-03-22,Account Access,Resolved,37
S002663,M00501,2024-10-30,KYC Verification,Escalated,16
S002664,M02824,2025-03-26,Refund Request,Pending,40
S002665,M00298,2025-03-10,Failed Payment,Resolved,16
S002666,M02095,2024-06-16,Account Access,Pending,17
S002667,M02284,2025-04-01,Failed Payment,Escalated,29
S002668,M02101,2025-04-03,Refund Request,Resolved,14
S002669,M02577,2024-01-29,Fraud Complaint,Escalated,21
S002670,M02178,2024-08-23,Fraud Complaint,Pending,28
S002671,M02057,2024-05-13,Fraud Complaint,Pending,7
S002672,M02505,2025-02-20,API Integration,Escalated,19
S002673,M02498,2024-06-08,Account Access,Resolved,40
S002674,M02836,2025-02-11,Account Access,Pending,32
S002675,M00017,2025-04-11,KYC Verification,Escalated,30
S002676,M01404,2024-07-08,Failed Payment,Escalated,8
S002677,M00146,2024-03-14,Failed Payment,Escalated,34
S002678,M01601,2025-04-23,Refund Request,Escalated,24
S002679,M02929,2024-04-08,KYC Verification,Resolved,20
S002680,M02196,2025-03-04,Refund Request,Pending,6
S002681,M01209,2024-07-03,Account Access,Resolved,22
S002682,M02152,2025-04-16,Failed Payment,Pending,35
S002683,M01621,2024-09-26,API Integration,Resolved,17
S002684,M01403,2024-02-10,Refund Request,Resolved,37
S002685,M01841,2024-05-18,Refund Request,Resolved,32
S002686,M02171,2024-10-13,Failed Payment,Pending,27
S002687,M00501,2024-01-10,Fraud Complaint,Resolved,34
S002688,M02183,2025-04-29,Refund Request,Resolved,25
S002689,M02799,2024-11-30,Account Access,Escalated,36
S002690,M00850,2024-11-21,KYC Verification,Pending,30
S002691,M01217,2024-09-19,Account Access,Pending,34
S002692,M01241,2025-02-12,API Integration,Escalated,24
S002693,M01102,2024-12-14,API Integration,Resolved,14
S002694,M00116,2024-01-11,KYC Verification,Escalated,31
S002695,M02968,2024-05-30,Failed Payment,Pending,22
S002696,M02034,2025-05-05,Refund Request,Escalated,14
S002697,M01232,2025-04-27,Account Access,Pending,12
S002698,M01979,2024-07-29,Account Access,Pending,25
S002699,M02819,2025-03-29,Fraud Complaint,Resolved,40
S002700,M02201,2024-10-14,Failed Payment,Pending,22
S002701,M00096,2024-11-09,Failed Payment,Pending,22
S002702,M01262,2024-03-27,Failed Payment,Resolved,39
S002703,M02750,2024-12-03,Account Access,Escalated,40
S002704,M01787,2024-06-24,Failed Payment,Escalated,28
S002705,M01414,2025-01-01,Failed Payment,Resolved,22
S002706,M02631,2024-12-23,Refund Request,Pending,27
S002707,M00393,2025-06-14,Account Access,Resolved,29
S002708,M02385,2024-09-22,KYC Verification,Resolved,20
S002709,M01988,2024-02-12,Fraud Complaint,Resolved,35
S002710,M00525,2024-04-14,KYC Verification,Pending,35
S002711,M00270,2025-06-27,KYC Verification,Escalated,20
S002712,M02328,2024-01-15,Account Access,Escalated,29
S002713,M01349,2024-08-24,Fraud Complaint,Pending,28
S002714,M00355,2025-03-09,API Integration,Resolved,43
S002715,M01563,2024-12-30,Failed Payment,Resolved,38
S002716,M02111,2024-01-02,Refund Request,Pending,41
S002717,M02603,2025-06-14,Account Access,Escalated,6
S002718,M00724,2024-03-28,KYC Verification,Pending,44
S002719,M00868,2024-07-26,API Integration,Pending,21
S002720,M01869,2024-06-26,API Integration,Escalated,21
S002721,M02376,2025-06-08,Fraud Complaint,Resolved,20
S002722,M01543,2024-12-12,Failed Payment,Resolved,22
S002723,M00022,2024-09-08,Account Access,Escalated,37
S002724,M02794,2024-09-12,Failed Payment,Escalated,41
S002725,M00848,2024-06-08,Refund Request,Resolved,41
S002726,M01243,2024-08-06,KYC Verification,Escalated,35
S002727,M01032,2024-05-30,Fraud Complaint,Pending,33
S002728,M01797,2024-06-30,Refund Request,Escalated,19
S002729,M02543,2024-10-31,Failed Payment,Pending,38
S002730,M01949,2024-11-01,Fraud Complaint,Escalated,27
S002731,M02413,2025-02-22,API Integration,Resolved,24
S002732,M00854,2024-08-22,Refund Request,Pending,23
S002733,M01132,2024-12-08,Fraud Complaint,Resolved,30
S002734,M00821,2025-06-08,Fraud Complaint,Escalated,25
S002735,M02851,2024-11-08,Failed Payment,Escalated,17
S002736,M01438,2024-08-25,Failed Payment,Escalated,25
S002737,M02511,2024-05-28,API Integration,Pending,24
S002738,M02840,2024-06-12,KYC Verification,Escalated,8
S002739,M01639,2024-03-04,Fraud Complaint,Resolved,20
S002740,M01228,2024-11-24,Fraud Complaint,Pending,13
S002741,M00926,2024-09-15,Fraud Complaint,Pending,16
S002742,M00453,2024-10-16,API Integration,Pending,20
S002743,M02867,2024-03-15,Fraud Complaint,Escalated,3
S002744,M00223,2024-10-20,Failed Payment,Escalated,27
S002745,M01969,2025-06-30,KYC Verification,Escalated,40
S002746,M00100,2024-02-06,Account Access,Escalated,15
S002747,M02993,2024-06-25,Account Access,Escalated,9
S002748,M02655,2024-06-05,Fraud Complaint,Escalated,8
S002749,M01309,2024-04-21,KYC Verification,Resolved,32
S002750,M00185,2024-09-17,Failed Payment,Escalated,17
S002751,M01169,2025-06-24,API Integration,Resolved,14
S002752,M00123,2024-05-24,Failed Payment,Resolved,26
S002753,M01705,2024-07-18,API Integration,Escalated,19
S002754,M00421,2025-05-16,API Integration,Escalated,12
S002755,M00597,2025-03-20,API Integration,Escalated,23
S002756,M02975,2024-07-01,Failed Payment,Escalated,27
S002757,M00860,2025-01-20,Refund Request,Escalated,32
S002758,M01747,2024-05-22,API Integration,Escalated,22
S002759,M02542,2024-03-22,Account Access,Escalated,4
S002760,M02332,2024-12-31,API Integration,Escalated,33
S002761,M00113,2024-05-02,Fraud Complaint,Resolved,19
S002762,M01071,2025-04-23,API Integration,Pending,36
S002763,M01808,2024-09-28,Failed Payment,Pending,14
S002764,M01841,2025-05-27,Failed Payment,Resolved,30
S002765,M00505,2024-02-01,API Integration,Resolved,17
S002766,M01699,2024-07-14,Refund Request,Escalated,21
S002767,M00752,2024-12-20,KYC Verification,Escalated,27
S002768,M01115,2024-12-22,Failed Payment,Resolved,16
S002769,M01528,2024-06-10,Fraud Complaint,Resolved,41
S002770,M00750,2025-01-12,Fraud Complaint,Pending,17
S002771,M01000,2024-12-10,Refund Request,Resolved,24
S002772,M02206,2024-02-05,Refund Request,Pending,14
S002773,M02696,2024-10-12,Fraud Complaint,Resolved,23
S002774,M01628,2025-06-30,KYC Verification,Pending,34
S002775,M00899,2024-02-08,Fraud Complaint,Escalated,41
S002776,M01461,2025-04-23,API Integration,Pending,21
S002777,M01047,2024-08-14,Fraud Complaint,Escalated,27
S002778,M00461,2025-05-11,Fraud Complaint,Resolved,29
S002779,M02522,2025-05-22,Account Access,Pending,24
S002780,M00811,2025-04-11,KYC Verification,Pending,17
S002781,M00899,2025-04-01,Fraud Complaint,Resolved,1
S002782,M00619,2025-04-27,Account Access,Resolved,35
S002783,M02371,2025-01-30,API Integration,Resolved,22
S002784,M01739,2024-06-16,Fraud Complaint,Pending,20
S002785,M01840,2025-04-29,KYC Verification,Resolved,39
S002786,M01128,2025-01-27,API Integration,Pending,18
S002787,M02538,2024-10-26,KYC Verification,Resolved,34
S002788,M01922,2024-11-30,KYC Verification,Resolved,25
S002789,M02432,2024-08-13,Account Access,Pending,8
S002790,M01600,2024-02-27,Failed Payment,Resolved,18
S002791,M00854,2024-02-28,Fraud Complaint,Escalated,33
S002792,M01908,2024-06-12,Fraud Complaint,Resolved,19
S002793,M02638,2024-07-24,API Integration,Resolved,26
S002794,M02984,2025-05-30,API Integration,Escalated,14
S002795,M01682,2024-11-18,Failed Payment,Escalated,45
S002796,M00918,2025-06-02,Fraud Complaint,Resolved,32
S002797,M00296,2025-01-06,KYC Verification,Resolved,24
S002798,M02719,2024-07-26,Refund Request,Escalated,10
S002799,M00892,2025-06-25,Account Access,Pending,42
S002800,M02988,2024-07-12,Account Access,Pending,31
S002801,M00571,2024-11-30,KYC Verification,Resolved,26
S002802,M01115,2024-01-20,Refund Request,Resolved,33
S002803,M01619,2025-05-20,Refund Request,Resolved,12
S002804,M01557,2025-01-30,API Integration,Resolved,44
S002805,M01424,2024-05-04,Failed Payment,Pending,46
S002806,M00390,2024-05-21,Account Access,Pending,33
S002807,M00245,2024-12-19,KYC Verification,Escalated,7
S002808,M02764,2024-08-03,KYC Verification,Pending,18
S002809,M01980,2025-05-25,Account Access,Resolved,23
S002810,M02813,2025-05-29,Account Access,Pending,34
S002811,M01180,2025-04-06,Refund Request,Resolved,6
S002812,M01041,2024-08-28,Failed Payment,Escalated,26
S002813,M00747,2024-04-27,Account Access,Pending,34
S002814,M00240,2024-08-29,Refund Request,Resolved,13
S002815,M02394,2024-12-05,API Integration,Pending,23
S002816,M01718,2024-03-07,Failed Payment,Escalated,35
S002817,M00087,2025-02-05,Fraud Complaint,Escalated,27
S002818,M01606,2025-05-15,Failed Payment,Resolved,24
S002819,M02653,2024-09-11,API Integration,Pending,17
S002820,M00276,2025-01-09,KYC Verification,Pending,25
S002821,M00595,2024-09-23,Failed Payment,Escalated,38
S002822,M01582,2025-03-29,Refund Request,Escalated,37
S002823,M00304,2025-04-19,API Integration,Resolved,16
S002824,M01895,2024-10-13,API Integration,Escalated,31
S002825,M02068,2024-07-01,Account Access,Resolved,21
S002826,M02437,2024-11-09,API Integration,Pending,21
S002827,M00516,2024-01-23,Refund Request,Escalated,10
S002828,M00338,2024-01-19,Failed Payment,Resolved,31
S002829,M02107,2024-03-05,Failed Payment,Escalated,19
S002830,M01654,2025-04-26,Fraud Complaint,Resolved,34
S002831,M01855,2024-05-14,Refund Request,Escalated,14
S002832,M02227,2024-06-29,Fraud Complaint,Escalated,22
S002833,M02565,2024-03-30,Failed Payment,Resolved,4
S002834,M01080,2025-02-19,Fraud Complaint,Resolved,1
S002835,M01533,2024-05-03,Account Access,Pending,22
S002836,M02152,2025-01-13,Refund Request,Resolved,18
S002837,M00057,2024-11-20,API Integration,Pending,3
S002838,M01530,2024-08-16,API Integration,Resolved,14
S002839,M02226,2024-05-06,Refund Request,Escalated,33
S002840,M00573,2025-03-04,Refund Request,Resolved,21
S002841,M00441,2025-01-07,KYC Verification,Escalated,30
S002842,M02447,2025-04-28,Refund Request,Resolved,31
S002843,M00916,2025-01-14,Account Access,Pending,27
S002844,M00616,2025-02-22,KYC Verification,Resolved,24
S002845,M02761,2025-04-19,Failed Payment,Resolved,11
S002846,M01273,2024-03-30,API Integration,Pending,21
S002847,M02839,2024-02-19,Fraud Complaint,Resolved,23
S002848,M00604,2024-12-16,Account Access,Resolved,37
S002849,M00342,2024-07-21,Refund Request,Escalated,17
S002850,M02840,2024-04-06,Refund Request,Resolved,29
S002851,M01133,2024-07-23,Failed Payment,Escalated,30
S002852,M01457,2024-05-08,Failed Payment,Resolved,20
S002853,M02547,2024-11-06,Account Access,Resolved,11
S002854,M02219,2024-05-07,Account Access,Resolved,21
S002855,M02727,2025-02-13,Refund Request,Pending,28
S002856,M00274,2024-09-20,Account Access,Resolved,24
S002857,M00873,2024-08-25,Failed Payment,Resolved,35
S002858,M00450,2024-04-04,API Integration,Resolved,33
S002859,M02236,2024-06-20,API Integration,Resolved,22
S002860,M00651,2024-04-09,Refund Request,Pending,14
S002861,M02195,2024-09-25,Failed Payment,Resolved,17
S002862,M02823,2024-03-20,Failed Payment,Escalated,18
S002863,M00684,2024-12-03,Fraud Complaint,Escalated,12
S002864,M00932,2025-01-15,Failed Payment,Escalated,24
S002865,M01297,2024-03-02,Failed Payment,Resolved,32
S002866,M02298,2024-07-06,API Integration,Escalated,25
S002867,M02658,2025-04-30,KYC Verification,Resolved,20
S002868,M01759,2024-02-24,API Integration,Pending,38
S002869,M01499,2024-10-28,Fraud Complaint,Pending,28
S002870,M02209,2025-04-29,Refund Request,Escalated,23
S002871,M00273,2024-09-17,Account Access,Pending,28
S002872,M02919,2024-07-23,Fraud Complaint,Pending,23
S002873,M02268,2024-07-19,Failed Payment,Escalated,10
S002874,M00297,2025-06-09,Refund Request,Resolved,12
S002875,M02101,2025-04-03,Refund Request,Resolved,21
S002876,M02263,2025-04-11,Refund Request,Pending,25
S002877,M02509,2024-06-17,Failed Payment,Resolved,30
S002878,M00748,2024-06-20,Account Access,Escalated,15
S002879,M02337,2024-07-04,Account Access,Escalated,26
S002880,M01171,2024-02-22,API Integration,Resolved,39
S002881,M00061,2024-03-11,API Integration,Pending,18
S002882,M01005,2024-07-04,Fraud Complaint,Escalated,29
S002883,M01464,2024-10-15,Fraud Complaint,Resolved,37
S002884,M00924,2024-07-01,Failed Payment,Resolved,33
S002885,M00654,2024-10-15,Fraud Complaint,Escalated,15
S002886,M00637,2025-02-08,Account Access,Resolved,18
S002887,M02170,2024-12-12,KYC Verification,Escalated,24
S002888,M00809,2025-06-05,Failed Payment,Escalated,22
S002889,M00348,2024-03-07,API Integration,Pending,18
S002890,M02008,2024-12-28,Refund Request,Pending,31
S002891,M01228,2025-01-26,API Integration,Escalated,1
S002892,M01405,2024-11-13,Account Access,Pending,17
S002893,M01152,2024-07-02,KYC Verification,Pending,23
S002894,M02164,2025-01-25,KYC Verification,Escalated,17
S002895,M01895,2025-05-13,KYC Verification,Escalated,23
S002896,M02915,2024-11-18,Failed Payment,Resolved,24
S002897,M00585,2025-04-02,API Integration,Pending,41
S002898,M02462,2024-05-25,Fraud Complaint,Resolved,9
S002899,M01926,2024-02-09,API Integration,Resolved,26
S002900,M00738,2024-02-25,Refund Request,Resolved,10
S002901,M01282,2024-01-26,Fraud Complaint,Resolved,16
S002902,M00187,2024-10-22,Fraud Complaint,Resolved,24
S002903,M00059,2024-03-07,Refund Request,Pending,24
S002904,M01728,2025-01-25,Failed Payment,Pending,37
S002905,M02356,2024-06-28,API Integration,Escalated,14
S002906,M02879,2025-03-29,API Integration,Resolved,21
S002907,M02057,2024-03-19,API Integration,Resolved,36
S002908,M00733,2024-03-13,Account Access,Resolved,41
S002909,M01155,2024-05-10,API Integration,Escalated,17
S002910,M01661,2025-03-18,KYC Verification,Escalated,27
S002911,M01900,2025-06-15,API Integration,Pending,30
S002912,M01576,2024-10-12,Refund Request,Resolved,6
S002913,M01617,2024-04-12,Fraud Complaint,Escalated,18
S002914,M00381,2024-02-22,Refund Request,Escalated,12
S002915,M00602,2024-09-01,Account Access,Escalated,24
S002916,M02231,2024-10-24,API Integration,Escalated,11
S002917,M00833,2024-07-07,Account Access,Pending,17
S002918,M00423,2025-01-17,Account Access,Pending,16
S002919,M02210,2024-08-12,Fraud Complaint,Resolved,11
S002920,M00130,2025-01-28,API Integration,Escalated,27
S002921,M01818,2024-11-23,KYC Verification,Escalated,21
S002922,M02808,2025-02-06,API Integration,Resolved,24
S002923,M02896,2024-11-18,KYC Verification,Escalated,43
S002924,M01926,2024-05-05,KYC Verification,Escalated,30
S002925,M02229,2024-10-19,Fraud Complaint,Escalated,15
S002926,M00779,2024-08-05,KYC Verification,Escalated,25
S002927,M02330,2025-04-07,API Integration,Pending,20
S002928,M02494,2024-03-24,KYC Verification,Pending,6
S002929,M01101,2025-01-25,KYC Verification,Pending,28
S002930,M01650,2024-08-20,Fraud Complaint,Resolved,32
S002931,M02072,2024-12-16,KYC Verification,Resolved,25
S002932,M00340,2024-05-13,API Integration,Resolved,4
S002933,M02288,2025-05-13,Fraud Complaint,Escalated,24
S002934,M01663,2024-10-25,Account Access,Pending,41
S002935,M01378,2025-07-01,API Integration,Resolved,27
S002936,M00675,2024-10-17,Failed Payment,Escalated,24
S002937,M02651,2024-02-15,Fraud Complaint,Escalated,26
S002938,M01876,2024-12-01,API Integration,Pending,21
S002939,M01253,2025-02-15,Refund Request,Escalated,19
S002940,M02860,2024-04-16,Account Access,Pending,34
S002941,M02871,2024-02-12,Account Access,Resolved,26
S002942,M01644,2025-01-29,Account Access,Pending,34
S002943,M00679,2024-08-04,KYC Verification,Resolved,10
S002944,M02889,2024-05-14,Failed Payment,Escalated,26
S002945,M02563,2025-01-25,API Integration,Escalated,19
S002946,M02725,2025-06-21,KYC Verification,Escalated,12
S002947,M02162,2024-06-05,KYC Verification,Escalated,30
S002948,M02054,2024-04-03,Account Access,Resolved,20
S002949,M01097,2024-02-23,Refund Request,Resolved,22
S002950,M00494,2025-02-13,KYC Verification,Pending,21
S002951,M01229,2024-07-11,API Integration,Pending,10
S002952,M00990,2024-03-27,Account Access,Pending,15
S002953,M00385,2024-09-30,Refund Request,Escalated,23
S002954,M01260,2024-04-14,API Integration,Resolved,20
S002955,M00212,2024-04-19,Refund Request,Pending,27
S002956,M00899,2024-06-27,KYC Verification,Resolved,4
S002957,M00870,2024-08-30,Fraud Complaint,Resolved,37
S002958,M01366,2024-10-03,API Integration,Escalated,26
S002959,M00935,2025-03-23,API Integration,Pending,30
S002960,M02574,2024-10-10,API Integration,Pending,16
S002961,M00222,2025-07-02,KYC Verification,Resolved,27
S002962,M02637,2025-06-26,KYC Verification,Pending,10
S002963,M02143,2025-02-07,KYC Verification,Resolved,17
S002964,M02106,2024-06-18,API Integration,Pending,11
S002965,M01227,2025-03-26,Account Access,Pending,21
S002966,M02019,2025-04-27,API Integration,Resolved,27
S002967,M00853,2024-12-20,API Integration,Pending,19
S002968,M00489,2025-02-19,API Integration,Pending,29
S002969,M01876,2024-03-05,Refund Request,Pending,29
S002970,M02885,2024-09-08,Fraud Complaint,Pending,20
S002971,M00137,2024-10-26,KYC Verification,Escalated,22
S002972,M01315,2025-04-10,API Integration,Resolved,25
S002973,M01955,2024-09-02,Account Access,Pending,32
S002974,M00879,2025-01-01,API Integration,Pending,15
S002975,M02785,2024-01-20,Account Access,Escalated,35
S002976,M00638,2024-12-05,API Integration,Escalated,19
S002977,M02020,2024-08-29,KYC Verification,Escalated,25
S002978,M02342,2024-08-19,API Integration,Pending,12
S002979,M02360,2025-05-01,Account Access,Resolved,9
S002980,M00677,2024-01-16,Fraud Complaint,Escalated,18
S002981,M00323,2024-08-03,API Integration,Pending,12
S002982,M01053,2025-01-27,Fraud Complaint,Escalated,16
S002983,M02613,2024-10-16,KYC Verification,Resolved,24
S002984,M02161,2024-11-11,API Integration,Escalated,26
S002985,M00266,2025-02-28,Refund Request,Escalated,47
S002986,M00375,2025-05-18,Refund Request,Escalated,28
S002987,M00353,2025-02-23,Refund Request,Escalated,36
S002988,M01527,2024-04-07,Failed Payment,Pending,21
S002989,M00268,2024-11-25,API Integration,Resolved,30
S002990,M01123,2024-04-11,Fraud Complaint,Escalated,24
S002991,M01076,2024-12-05,Failed Payment,Resolved,27
S002992,M02687,2024-01-05,KYC Verification,Resolved,25
S002993,M01135,2024-08-10,Refund Request,Escalated,26
S002994,M02207,2024-04-21,KYC Verification,Resolved,37
S002995,M02180,2024-05-10,Refund Request,Pending,57
S002996,M01938,2025-06-11,Account Access,Escalated,26
S002997,M02039,2024-06-13,Failed Payment,Pending,25
S002998,M00187,2024-03-23,Account Access,Escalated,15
S002999,M00321,2024-03-10,Account Access,Pending,27
S003000,M00118,2025-01-18,Refund Request,Resolved,37
S003001,M01706,2025-06-22,Fraud Complaint,Resolved,24
S003002,M02840,2024-12-28,Failed Payment,Pending,24
S003003,M01048,2024-10-05,Refund Request,Resolved,18
S003004,M00375,2025-04-14,Fraud Complaint,Escalated,36
S003005,M00713,2025-05-20,Failed Payment,Escalated,20
S003006,M01013,2025-07-02,API Integration,Pending,23
S003007,M02847,2024-12-06,Refund Request,Resolved,28
S003008,M00709,2024-03-12,KYC Verification,Pending,17
S003009,M00064,2025-05-18,Account Access,Pending,15
S003010,M02448,2025-04-22,Fraud Complaint,Resolved,31
S003011,M00483,2024-11-29,Fraud Complaint,Resolved,14
S003012,M00978,2024-02-15,Refund Request,Pending,1
S003013,M01516,2024-08-12,Refund Request,Resolved,10
S003014,M02087,2025-07-02,Account Access,Escalated,19
S003015,M00442,2024-09-03,Account Access,Pending,9
S003016,M02335,2024-08-08,Refund Request,Pending,9
S003017,M02769,2025-04-10,Refund Request,Pending,23
S003018,M02204,2025-04-18,Failed Payment,Resolved,29
S003019,M00407,2024-11-28,Account Access,Escalated,14
S003020,M02288,2024-07-15,API Integration,Resolved,22
S003021,M02600,2024-02-25,KYC Verification,Pending,20
S003022,M00898,2025-06-17,Failed Payment,Pending,26
S003023,M00570,2024-01-29,Refund Request,Pending,29
S003024,M01475,2024-03-21,Failed Payment,Resolved,14
S003025,M01391,2024-10-12,Fraud Complaint,Pending,8
S003026,M02656,2024-09-04,KYC Verification,Resolved,12
S003027,M01683,2025-01-05,API Integration,Pending,34
S003028,M00186,2024-01-06,Refund Request,Escalated,39
S003029,M02075,2024-07-25,API Integration,Resolved,8
S003030,M00777,2025-05-12,KYC Verification,Escalated,27
S003031,M00555,2024-08-25,Refund Request,Escalated,10
S003032,M02186,2024-08-04,Failed Payment,Escalated,37
S003033,M01248,2024-09-08,KYC Verification,Escalated,21
S003034,M00696,2025-04-09,API Integration,Escalated,39
S003035,M02624,2024-03-25,Failed Payment,Pending,33
S003036,M01623,2024-05-21,Refund Request,Pending,21
S003037,M00106,2025-06-30,Refund Request,Pending,33
S003038,M00915,2025-07-04,API Integration,Pending,19
S003039,M01320,2024-06-12,Failed Payment,Escalated,20
S003040,M01874,2024-05-30,Failed Payment,Pending,28
S003041,M02937,2024-07-26,KYC Verification,Pending,19
S003042,M00714,2024-10-28,Refund Request,Escalated,1
S003043,M00779,2024-10-23,Fraud Complaint,Resolved,13
S003044,M00459,2024-01-21,Failed Payment,Pending,18
S003045,M01474,2025-01-04,Refund Request,Escalated,12
S003046,M00488,2024-03-02,Fraud Complaint,Pending,32
S003047,M02663,2024-05-21,Refund Request,Pending,10
S003048,M00735,2025-05-16,Refund Request,Pending,16
S003049,M02056,2024-05-07,Failed Payment,Pending,20
S003050,M01926,2024-05-15,KYC Verification,Escalated,17
S003051,M02850,2025-01-24,KYC Verification,Escalated,9
S003052,M00722,2024-05-14,Fraud Complaint,Resolved,28
S003053,M01126,2024-09-21,Account Access,Pending,20
S003054,M00114,2025-01-16,Failed Payment,Escalated,38
S003055,M01256,2024-01-07,Failed Payment,Resolved,28
S003056,M00720,2024-11-24,Refund Request,Pending,35
S003057,M01744,2024-12-01,API Integration,Pending,18
S003058,M01166,2024-09-04,Refund Request,Escalated,31
S003059,M02798,2024-12-07,KYC Verification,Pending,42
S003060,M01342,2025-03-09,Account Access,Escalated,23
S003061,M01945,2024-05-28,KYC Verification,Escalated,14
S003062,M01030,2025-03-01,Fraud Complaint,Resolved,16
S003063,M00409,2024-05-25,KYC Verification,Resolved,21
S003064,M01801,2024-03-04,API Integration,Escalated,32
S003065,M00922,2024-11-28,API Integration,Resolved,4
S003066,M00545,2024-02-15,Refund Request,Pending,15
S003067,M02417,2024-12-02,Refund Request,Resolved,16
S003068,M00206,2025-01-02,Account Access,Pending,30
S003069,M01657,2025-05-03,Refund Request,Escalated,27
S003070,M00712,2025-04-11,KYC Verification,Resolved,22
S003071,M02804,2024-01-20,Fraud Complaint,Pending,24
S003072,M01412,2025-05-07,Fraud Complaint,Resolved,29
S003073,M00422,2024-04-30,Account Access,Escalated,25
S003074,M00758,2024-03-14,Refund Request,Pending,35
S003075,M00178,2024-03-27,Account Access,Resolved,27
S003076,M00156,2025-05-09,API Integration,Escalated,22
S003077,M01603,2025-06-16,Refund Request,Escalated,21
S003078,M01181,2025-05-21,Refund Request,Pending,22
S003079,M02726,2024-07-22,Account Access,Pending,15
S003080,M02187,2024-05-24,Refund Request,Pending,24
S003081,M02358,2025-03-02,Refund Request,Pending,27
S003082,M02116,2025-04-12,Account Access,Resolved,29
S003083,M00140,2024-04-09,Failed Payment,Pending,20
S003084,M00006,2025-03-05,Fraud Complaint,Resolved,21
S003085,M00568,2024-02-05,Account Access,Pending,16
S003086,M01958,2024-05-22,API Integration,Resolved,14
S003087,M00104,2024-07-27,Refund Request,Escalated,14
S003088,M00549,2024-08-10,Failed Payment,Escalated,20
S003089,M00279,2024-04-29,API Integration,Pending,30
S003090,M02440,2025-01-05,Refund Request,Resolved,20
S003091,M02774,2024-08-12,Refund Request,Resolved,8
S003092,M01978,2024-05-21,KYC Verification,Pending,20
S003093,M02992,2025-02-11,KYC Verification,Pending,14
S003094,M02106,2024-04-16,API Integration,Escalated,23
S003095,M00638,2024-02-13,Failed Payment,Pending,26
S003096,M02576,2024-03-29,KYC Verification,Escalated,23
S003097,M00691,2025-03-25,Failed Payment,Resolved,14
S003098,M01493,2024-07-18,Fraud Complaint,Pending,10
S003099,M01515,2025-04-22,Fraud Complaint,Resolved,19
S003100,M00016,2025-05-25,Failed Payment,Resolved,25
S003101,M01441,2024-04-16,Failed Payment,Resolved,43
S003102,M00400,2024-08-03,Fraud Complaint,Pending,24
S003103,M02548,2024-01-20,Account Access,Pending,11
S003104,M01138,2024-07-04,API Integration,Resolved,17
S003105,M01503,2024-03-30,KYC Verification,Pending,27
S003106,M01226,2025-06-01,KYC Verification,Pending,37
S003107,M00866,2025-02-17,API Integration,Escalated,19
S003108,M01825,2025-06-27,Fraud Complaint,Pending,21
S003109,M00475,2024-02-10,Account Access,Pending,34
S003110,M00653,2024-04-29,Account Access,Pending,41
S003111,M01243,2025-06-17,Account Access,Escalated,34
S003112,M01967,2025-03-03,Account Access,Resolved,8
S003113,M01349,2024-05-14,Failed Payment,Escalated,29
S003114,M01019,2024-06-06,Account Access,Resolved,14
S003115,M01981,2024-03-06,Refund Request,Resolved,26
S003116,M01766,2024-10-19,Account Access,Pending,27
S003117,M02927,2024-08-03,Fraud Complaint,Resolved,14
S003118,M01362,2024-01-20,Refund Request,Escalated,18
S003119,M00407,2025-03-29,Account Access,Pending,8
S003120,M01791,2024-05-08,Fraud Complaint,Resolved,18
S003121,M01399,2024-10-15,Failed Payment,Pending,17
S003122,M00006,2025-02-06,API Integration,Pending,20
S003123,M00487,2024-12-17,Account Access,Resolved,30
S003124,M01493,2024-01-24,Account Access,Escalated,33
S003125,M00186,2024-12-19,API Integration,Pending,14
S003126,M00679,2024-08-24,Refund Request,Resolved,22
S003127,M02612,2024-01-13,Fraud Complaint,Escalated,21
S003128,M01256,2025-05-24,Failed Payment,Resolved,36
S003129,M02069,2024-06-29,Refund Request,Pending,14
S003130,M01640,2025-04-14,Refund Request,Resolved,21
S003131,M02978,2025-06-17,KYC Verification,Resolved,30
S003132,M02529,2025-03-21,API Integration,Escalated,21
S003133,M02829,2024-05-31,Failed Payment,Escalated,20
S003134,M00290,2024-01-17,API Integration,Escalated,5
S003135,M01847,2024-03-02,Fraud Complaint,Escalated,21
S003136,M00124,2024-02-08,Fraud Complaint,Resolved,45
S003137,M00783,2024-10-17,API Integration,Pending,23
S003138,M01022,2024-12-27,Refund Request,Escalated,19
S003139,M00121,2024-05-04,Account Access,Pending,19
S003140,M01632,2024-05-19,Fraud Complaint,Escalated,39
S003141,M00833,2024-01-09,Failed Payment,Escalated,26
S003142,M00287,2025-01-04,Failed Payment,Pending,32
S003143,M00393,2025-04-19,Fraud Complaint,Escalated,21
S003144,M02323,2024-04-30,Refund Request,Escalated,24
S003145,M01016,2024-01-26,Failed Payment,Resolved,1
S003146,M00109,2024-12-31,API Integration,Escalated,20
S003147,M00095,2024-10-10,Fraud Complaint,Pending,29
S003148,M02837,2024-10-12,Fraud Complaint,Escalated,26
S003149,M02949,2024-09-07,Failed Payment,Escalated,26
S003150,M01934,2024-10-02,Account Access,Pending,24
S003151,M00054,2025-03-19,Refund Request,Resolved,33
S003152,M02623,2025-01-26,API Integration,Resolved,2
S003153,M01487,2024-07-20,Failed Payment,Escalated,22
S003154,M02184,2024-01-21,Fraud Complaint,Escalated,42
S003155,M01278,2024-09-26,Refund Request,Pending,10
S003156,M00409,2024-12-10,Refund Request,Resolved,41
S003157,M01023,2024-03-03,Refund Request,Resolved,27
S003158,M02340,2025-05-27,Account Access,Pending,22
S003159,M01994,2025-05-05,Account Access,Escalated,25
S003160,M00878,2024-01-29,Failed Payment,Escalated,20
S003161,M02227,2025-06-18,KYC Verification,Escalated,24
S003162,M00860,2024-04-30,Account Access,Escalated,30
S003163,M02168,2025-02-07,API Integration,Resolved,16
S003164,M00809,2024-05-10,KYC Verification,Pending,15
S003165,M02239,2024-09-10,Account Access,Pending,13
S003166,M01124,2024-10-15,Fraud Complaint,Resolved,26
S003167,M02816,2025-05-10,KYC Verification,Pending,1
S003168,M00859,2024-09-26,Refund Request,Pending,18
S003169,M02718,2024-06-11,Refund Request,Pending,42
S003170,M02293,2024-02-15,Failed Payment,Resolved,35
S003171,M00613,2024-03-30,Fraud Complaint,Resolved,13
S003172,M02527,2024-03-03,KYC Verification,Pending,29
S003173,M01563,2024-04-09,API Integration,Resolved,25
S003174,M02623,2024-02-04,Failed Payment,Escalated,44
S003175,M01867,2024-07-23,API Integration,Escalated,22
S003176,M02493,2024-09-18,Fraud Complaint,Escalated,3
S003177,M02597,2024-12-12,Account Access,Escalated,7
S003178,M00728,2024-04-23,API Integration,Escalated,40
S003179,M00273,2024-02-21,KYC Verification,Resolved,10
S003180,M01839,2024-10-30,Refund Request,Escalated,9
S003181,M00690,2024-02-28,KYC Verification,Pending,39
S003182,M02997,2025-04-06,Failed Payment,Pending,32
S003183,M00750,2025-05-24,API Integration,Escalated,26
S003184,M02250,2024-08-19,Fraud Complaint,Resolved,23
S003185,M02369,2024-02-28,Account Access,Escalated,22
S003186,M00573,2025-05-27,Failed Payment,Resolved,30
S003187,M00126,2025-06-23,Fraud Complaint,Resolved,28
S003188,M00160,2024-09-13,KYC Verification,Resolved,39
S003189,M00529,2024-08-03,Fraud Complaint,Resolved,14
S003190,M02180,2025-06-13,KYC Verification,Resolved,35
S003191,M01107,2024-03-22,Account Access,Resolved,16
S003192,M02870,2024-05-20,API Integration,Resolved,31
S003193,M01075,2024-04-09,KYC Verification,Pending,26
S003194,M02785,2024-02-07,Account Access,Escalated,19
S003195,M00035,2025-02-11,Account Access,Escalated,17
S003196,M00440,2024-01-24,Fraud Complaint,Pending,42
S003197,M02131,2024-01-22,Refund Request,Pending,43
S003198,M00028,2024-08-20,Refund Request,Pending,13
S003199,M02879,2024-09-25,API Integration,Resolved,21
S003200,M01496,2024-06-26,Account Access,Escalated,43
S003201,M00422,2024-10-12,API Integration,Pending,14
S003202,M02386,2024-08-30,Refund Request,Resolved,22
S003203,M02062,2024-05-11,Failed Payment,Resolved,28
S003204,M02041,2025-01-03,API Integration,Pending,36
S003205,M02448,2024-02-11,Refund Request,Pending,28
S003206,M00212,2024-09-18,Account Access,Resolved,3
S003207,M01592,2024-08-06,Account Access,Resolved,21
S003208,M01201,2024-04-21,Refund Request,Escalated,26
S003209,M02022,2025-05-22,KYC Verification,Escalated,17
S003210,M01801,2024-08-29,Account Access,Escalated,30
S003211,M01560,2025-04-02,Fraud Complaint,Resolved,36
S003212,M00284,2024-12-23,Fraud Complaint,Escalated,25
S003213,M02784,2024-04-10,Fraud Complaint,Escalated,22
S003214,M00501,2024-05-03,KYC Verification,Pending,11
S003215,M00912,2024-12-09,Refund Request,Resolved,30
S003216,M02462,2024-10-01,KYC Verification,Pending,11
S003217,M02707,2024-10-13,KYC Verification,Escalated,54
S003218,M01716,2024-06-17,Fraud Complaint,Resolved,7
S003219,M01111,2025-04-27,Failed Payment,Pending,34
S003220,M00239,2024-09-04,KYC Verification,Resolved,13
S003221,M02447,2024-02-18,Refund Request,Pending,17
S003222,M02988,2025-06-07,KYC Verification,Resolved,23
S003223,M02219,2024-06-26,Fraud Complaint,Pending,23
S003224,M02706,2025-05-28,Refund Request,Escalated,24
S003225,M00529,2024-05-03,Fraud Complaint,Escalated,28
S003226,M00380,2024-08-23,Account Access,Escalated,27
S003227,M01341,2024-11-04,Refund Request,Pending,31
S003228,M02821,2024-10-04,API Integration,Pending,21
S003229,M00903,2025-02-26,Account Access,Escalated,29
S003230,M01116,2025-06-26,Account Access,Resolved,30
S003231,M01465,2025-04-23,Fraud Complaint,Resolved,20
S003232,M01420,2024-01-14,KYC Verification,Resolved,38
S003233,M00390,2025-04-21,Account Access,Resolved,14
S003234,M02675,2024-07-21,Fraud Complaint,Resolved,2
S003235,M01749,2024-11-14,Fraud Complaint,Pending,14
S003236,M00679,2024-11-06,Fraud Complaint,Resolved,32
S003237,M02165,2025-06-16,API Integration,Escalated,1
S003238,M01467,2025-04-09,Fraud Complaint,Pending,35
S003239,M00870,2024-02-08,Refund Request,Resolved,46
S003240,M02663,2024-07-29,API Integration,Resolved,16
S003241,M01186,2025-03-31,Account Access,Resolved,30
S003242,M02886,2024-11-22,KYC Verification,Escalated,49
S003243,M02736,2025-03-09,Refund Request,Resolved,27
S003244,M00818,2025-06-20,Fraud Complaint,Resolved,31
S003245,M01640,2025-05-02,KYC Verification,Pending,42
S003246,M00292,2024-10-10,KYC Verification,Escalated,27
S003247,M01338,2024-08-27,API Integration,Pending,20
S003248,M02358,2024-05-23,Fraud Complaint,Escalated,33
S003249,M00199,2025-06-05,Fraud Complaint,Resolved,37
S003250,M00295,2024-03-16,KYC Verification,Pending,15
S003251,M00255,2024-08-21,KYC Verification,Pending,15
S003252,M01291,2024-09-22,Failed Payment,Escalated,40
S003253,M02174,2025-01-23,Refund Request,Resolved,20
S003254,M00856,2024-11-17,Account Access,Pending,9
S003255,M02724,2024-11-10,API Integration,Resolved,28
S003256,M00270,2024-11-13,API Integration,Escalated,7
S003257,M01888,2024-02-22,API Integration,Escalated,1
S003258,M01632,2024-01-08,Fraud Complaint,Escalated,20
S003259,M00341,2025-02-11,Failed Payment,Pending,22
S003260,M02091,2024-03-24,KYC Verification,Escalated,28
S003261,M00844,2024-03-17,API Integration,Escalated,36
S003262,M01538,2024-10-22,Failed Payment,Resolved,20
S003263,M01960,2024-08-26,Failed Payment,Pending,26
S003264,M00527,2024-06-24,Refund Request,Escalated,25
S003265,M00955,2024-12-04,Refund Request,Escalated,29
S003266,M00023,2025-04-06,Refund Request,Pending,24
S003267,M00758,2024-08-14,KYC Verification,Resolved,25
S003268,M00481,2024-05-16,Refund Request,Escalated,28
S003269,M02642,2024-11-15,Fraud Complaint,Escalated,24
S003270,M01501,2024-07-17,Fraud Complaint,Resolved,14
S003271,M01348,2024-04-18,Account Access,Resolved,25
S003272,M01652,2024-08-10,Fraud Complaint,Escalated,29
S003273,M02124,2024-01-31,KYC Verification,Escalated,4
S003274,M01336,2024-11-26,Failed Payment,Escalated,37
S003275,M00601,2024-01-15,Account Access,Resolved,33
S003276,M02999,2024-05-27,API Integration,Escalated,31
S003277,M02933,2025-03-25,Refund Request,Escalated,24
S003278,M00921,2024-08-27,Fraud Complaint,Pending,20
S003279,M00365,2025-04-19,Refund Request,Pending,23
S003280,M01078,2024-10-07,KYC Verification,Resolved,25
S003281,M01920,2024-07-04,Refund Request,Resolved,8
S003282,M02987,2024-05-04,Account Access,Resolved,19
S003283,M01520,2025-01-05,API Integration,Resolved,13
S003284,M02349,2024-10-23,KYC Verification,Pending,14
S003285,M01967,2025-06-19,Refund Request,Escalated,19
S003286,M01998,2024-12-06,Fraud Complaint,Escalated,27
S003287,M02081,2025-02-12,Failed Payment,Escalated,30
S003288,M01625,2025-06-02,Account Access,Escalated,14
S003289,M02751,2024-07-27,Failed Payment,Resolved,20
S003290,M02966,2025-05-19,Account Access,Resolved,28
S003291,M02235,2025-05-01,Refund Request,Resolved,22
S003292,M02979,2024-08-29,API Integration,Pending,27
S003293,M00236,2024-07-01,Fraud Complaint,Resolved,5
S003294,M01172,2025-06-12,Refund Request,Pending,41
S003295,M00619,2024-01-04,Failed Payment,Resolved,28
S003296,M02878,2024-12-27,API Integration,Pending,28
S003297,M01509,2024-08-19,Fraud Complaint,Pending,23
S003298,M01804,2024-11-19,Failed Payment,Pending,32
S003299,M00730,2024-03-12,Fraud Complaint,Pending,5
S003300,M02337,2024-12-17,KYC Verification,Escalated,24
S003301,M01349,2024-10-12,API Integration,Resolved,29
S003302,M02272,2024-03-11,API Integration,Resolved,33
S003303,M01569,2024-05-16,Fraud Complaint,Pending,18
S003304,M02079,2025-06-19,API Integration,Pending,26
S003305,M01391,2025-02-11,Account Access,Pending,26
S003306,M00322,2025-04-04,Refund Request,Escalated,27
S003307,M01276,2024-09-07,Failed Payment,Resolved,20
S003308,M00672,2024-02-19,Failed Payment,Pending,25
S003309,M00836,2024-09-09,API Integration,Escalated,29
S003310,M02954,2025-06-02,Account Access,Escalated,30
S003311,M02662,2024-03-11,KYC Verification,Resolved,24
S003312,M01624,2025-05-17,Account Access,Pending,14
S003313,M01897,2024-12-20,API Integration,Resolved,25
S003314,M02163,2024-10-30,KYC Verification,Resolved,26
S003315,M02434,2024-06-25,API Integration,Pending,4
S003316,M01580,2024-10-12,KYC Verification,Resolved,22
S003317,M00858,2024-02-16,API Integration,Escalated,22
S003318,M00643,2025-01-24,Fraud Complaint,Pending,1
S003319,M02926,2024-08-17,Account Access,Resolved,30
S003320,M01860,2024-09-21,API Integration,Resolved,18
S003321,M01529,2024-06-22,Failed Payment,Resolved,11
S003322,M00545,2024-04-21,API Integration,Escalated,22
S003323,M02082,2024-11-04,API Integration,Escalated,33
S003324,M00223,2024-02-08,Account Access,Escalated,1
S003325,M02266,2025-06-15,API Integration,Pending,29
S003326,M01810,2024-08-28,Fraud Complaint,Escalated,9
S003327,M02051,2024-05-06,API Integration,Pending,22
S003328,M02655,2024-04-10,KYC Verification,Escalated,5
S003329,M01561,2025-03-08,API Integration,Resolved,18
S003330,M01712,2025-02-24,Failed Payment,Escalated,29
S003331,M01941,2024-12-26,Fraud Complaint,Escalated,27
S003332,M01235,2024-10-27,Refund Request,Pending,7
S003333,M02746,2024-08-04,Refund Request,Escalated,12
S003334,M02754,2024-03-05,Refund Request,Pending,9
S003335,M01680,2024-08-13,Fraud Complaint,Resolved,1
S003336,M02624,2024-01-17,Fraud Complaint,Pending,30
S003337,M01178,2024-08-31,KYC Verification,Escalated,23
S003338,M02561,2025-06-05,Account Access,Escalated,44
S003339,M01387,2024-03-21,KYC Verification,Escalated,29
S003340,M00554,2024-03-16,API Integration,Pending,36
S003341,M00071,2024-01-04,Account Access,Escalated,19
S003342,M02592,2024-07-08,API Integration,Escalated,30
S003343,M02302,2024-08-16,Failed Payment,Resolved,28
S003344,M01306,2025-01-21,KYC Verification,Resolved,22
S003345,M00520,2024-09-06,Fraud Complaint,Escalated,40
S003346,M00730,2025-06-13,Fraud Complaint,Resolved,23
S003347,M02383,2024-04-30,KYC Verification,Escalated,43
S003348,M02896,2025-02-15,API Integration,Pending,35
S003349,M02579,2024-09-19,API Integration,Pending,20
S003350,M01374,2024-12-05,Refund Request,Escalated,27
S003351,M00902,2024-03-18,Refund Request,Resolved,11
S003352,M01473,2024-09-28,Fraud Complaint,Pending,35
S003353,M02795,2025-02-08,Account Access,Escalated,50
S003354,M01495,2024-06-18,Account Access,Resolved,23
S003355,M00301,2024-08-28,API Integration,Escalated,24
S003356,M02909,2024-07-06,Account Access,Escalated,22
S003357,M02707,2025-06-17,Account Access,Resolved,21
S003358,M01173,2024-03-16,KYC Verification,Escalated,17
S003359,M02656,2024-08-31,Failed Payment,Pending,18
S003360,M00859,2024-01-20,Fraud Complaint,Escalated,20
S003361,M02540,2024-03-11,API Integration,Pending,25
S003362,M00292,2024-04-06,KYC Verification,Escalated,31
S003363,M02125,2025-03-14,Refund Request,Pending,17
S003364,M02076,2024-07-25,Failed Payment,Escalated,21
S003365,M02696,2025-02-14,Fraud Complaint,Pending,39
S003366,M02328,2025-03-20,Refund Request,Resolved,23
S003367,M02836,2024-12-29,Failed Payment,Pending,9
S003368,M02321,2024-03-18,KYC Verification,Pending,28
S003369,M01625,2024-08-16,API Integration,Resolved,29
S003370,M02167,2024-01-18,Refund Request,Pending,16
S003371,M02239,2024-07-06,KYC Verification,Pending,25
S003372,M00656,2024-03-17,Account Access,Resolved,3
S003373,M02251,2025-02-28,Refund Request,Resolved,16
S003374,M02780,2025-03-25,Failed Payment,Escalated,14
S003375,M02579,2024-02-04,Fraud Complaint,Pending,9
S003376,M00225,2024-11-04,Account Access,Resolved,30
S003377,M01012,2024-12-31,Fraud Complaint,Escalated,22
S003378,M01720,2024-12-25,Account Access,Pending,24
S003379,M01698,2024-06-23,KYC Verification,Escalated,23
S003380,M02319,2024-02-13,Account Access,Pending,18
S003381,M02942,2024-07-31,API Integration,Pending,18
S003382,M02383,2024-01-19,Fraud Complaint,Resolved,23
S003383,M00102,2024-01-11,Refund Request,Escalated,21
S003384,M00429,2024-01-26,API Integration,Resolved,32
S003385,M00780,2024-08-16,Fraud Complaint,Escalated,35
S003386,M00792,2025-07-04,Account Access,Resolved,8
S003387,M02224,2025-03-07,Fraud Complaint,Pending,29
S003388,M02818,2024-04-07,API Integration,Escalated,28
S003389,M01129,2024-11-09,Failed Payment,Pending,39
S003390,M01509,2024-12-29,Fraud Complaint,Resolved,26
S003391,M00542,2024-10-02,API Integration,Pending,24
S003392,M02885,2024-07-17,Fraud Complaint,Pending,8
S003393,M00987,2025-04-08,Account Access,Resolved,28
S003394,M00020,2024-02-17,Refund Request,Pending,1
S003395,M01104,2024-03-03,Failed Payment,Pending,16
S003396,M01181,2024-08-14,API Integration,Resolved,25
S003397,M02741,2024-08-14,KYC Verification,Pending,21
S003398,M01116,2024-04-09,KYC Verification,Pending,14
S003399,M01526,2024-07-03,KYC Verification,Escalated,37
S003400,M02600,2025-02-17,Fraud Complaint,Pending,13
S003401,M02614,2025-01-19,Fraud Complaint,Resolved,29
S003402,M00818,2025-05-30,Account Access,Resolved,25
S003403,M01030,2025-04-15,KYC Verification,Escalated,31
S003404,M00979,2025-06-14,KYC Verification,Pending,33
S003405,M02015,2025-05-31,Fraud Complaint,Pending,22
S003406,M02834,2025-03-30,KYC Verification,Escalated,16
S003407,M01219,2025-02-13,API Integration,Pending,39
S003408,M00980,2025-01-11,Account Access,Escalated,44
S003409,M02589,2024-11-25,Failed Payment,Resolved,23
S003410,M02486,2025-05-13,Account Access,Escalated,16
S003411,M00597,2024-08-29,KYC Verification,Escalated,7
S003412,M01258,2025-02-25,KYC Verification,Pending,36
S003413,M00821,2025-03-19,Failed Payment,Pending,7
S003414,M00782,2024-08-20,Fraud Complaint,Resolved,33
S003415,M00515,2024-10-21,Fraud Complaint,Escalated,5
S003416,M01101,2024-10-25,Refund Request,Pending,1
S003417,M00713,2024-12-23,Refund Request,Resolved,42
S003418,M01411,2025-06-29,Failed Payment,Pending,22
S003419,M01103,2024-01-16,Refund Request,Escalated,2
S003420,M00339,2025-03-08,API Integration,Escalated,31
S003421,M01418,2024-03-24,Refund Request,Escalated,36
S003422,M01871,2024-09-27,API Integration,Pending,25
S003423,M00895,2024-09-27,Account Access,Escalated,33
S003424,M02585,2024-12-13,Account Access,Resolved,14
S003425,M02931,2024-05-05,KYC Verification,Escalated,23
S003426,M02188,2024-01-29,Fraud Complaint,Resolved,19
S003427,M02196,2025-01-05,Failed Payment,Escalated,19
S003428,M01368,2024-09-13,Fraud Complaint,Resolved,27
S003429,M02041,2025-02-09,Account Access,Escalated,22
S003430,M00090,2024-07-08,KYC Verification,Resolved,32
S003431,M02197,2024-03-16,Failed Payment,Pending,27
S003432,M02527,2025-04-22,Account Access,Resolved,24
S003433,M02116,2024-11-27,API Integration,Escalated,17
S003434,M02742,2024-05-13,Refund Request,Pending,14
S003435,M02101,2025-03-29,API Integration,Pending,32
S003436,M02237,2024-12-05,Account Access,Escalated,26
S003437,M01620,2024-02-23,Failed Payment,Pending,25
S003438,M02324,2024-04-10,Account Access,Pending,8
S003439,M02733,2024-01-13,Refund Request,Escalated,23
S003440,M02168,2024-05-28,Fraud Complaint,Escalated,31
S003441,M00132,2025-05-22,Account Access,Resolved,35
S003442,M00739,2024-03-31,Failed Payment,Pending,44
S003443,M00413,2024-02-16,API Integration,Resolved,22
S003444,M01468,2024-06-24,Refund Request,Resolved,19
S003445,M02503,2025-03-31,API Integration,Escalated,42
S003446,M01030,2024-10-23,Account Access,Escalated,25
S003447,M02360,2024-03-16,Fraud Complaint,Pending,42
S003448,M02186,2025-04-30,Account Access,Pending,22
S003449,M02804,2024-12-02,KYC Verification,Resolved,32
S003450,M01498,2024-12-28,Failed Payment,Resolved,32
S003451,M01548,2025-04-15,API Integration,Resolved,9
S003452,M01747,2024-05-06,Refund Request,Resolved,39
S003453,M02511,2024-05-06,API Integration,Resolved,19
S003454,M01920,2025-02-28,Failed Payment,Pending,29
S003455,M01923,2025-03-21,KYC Verification,Pending,32
S003456,M01980,2025-05-18,API Integration,Pending,18
S003457,M00223,2025-05-23,Refund Request,Pending,13
S003458,M01262,2025-06-06,Failed Payment,Resolved,9
S003459,M01913,2024-02-15,Fraud Complaint,Pending,25
S003460,M01622,2025-06-07,API Integration,Resolved,28
S003461,M02186,2024-08-26,Fraud Complaint,Escalated,38
S003462,M00360,2024-02-05,Account Access,Pending,6
S003463,M00811,2024-09-02,Failed Payment,Resolved,39
S003464,M00489,2025-05-15,API Integration,Resolved,30
S003465,M02787,2024-02-08,Refund Request,Resolved,34
S003466,M02213,2024-08-03,Fraud Complaint,Pending,31
S003467,M02571,2024-08-07,Fraud Complaint,Pending,18
S003468,M00613,2024-08-25,KYC Verification,Escalated,15
S003469,M00907,2025-01-14,API Integration,Escalated,20
S003470,M00520,2025-01-19,Fraud Complaint,Escalated,37
S003471,M01620,2024-07-28,KYC Verification,Pending,33
S003472,M00365,2024-09-17,KYC Verification,Resolved,25
S003473,M02812,2024-02-18,Refund Request,Resolved,32
S003474,M01265,2024-12-26,API Integration,Pending,15
S003475,M01091,2025-05-23,API Integration,Pending,19
S003476,M00710,2024-09-21,Account Access,Pending,33
S003477,M00131,2025-02-14,Fraud Complaint,Pending,48
S003478,M00308,2025-05-12,Failed Payment,Escalated,21
S003479,M00428,2024-06-30,Refund Request,Pending,32
S003480,M00918,2024-04-30,Fraud Complaint,Pending,9
S003481,M00505,2024-03-22,Failed Payment,Escalated,13
S003482,M01470,2024-10-02,Fraud Complaint,Resolved,17
S003483,M00338,2024-06-22,Refund Request,Escalated,16
S003484,M01835,2025-05-06,Fraud Complaint,Escalated,16
S003485,M00292,2025-01-17,Account Access,Escalated,34
S003486,M02326,2024-01-16,Fraud Complaint,Pending,14
S003487,M00887,2024-08-24,Account Access,Escalated,22
S003488,M02133,2025-01-14,Fraud Complaint,Escalated,28
S003489,M01423,2024-09-03,Fraud Complaint,Resolved,29
S003490,M01430,2024-08-31,Failed Payment,Resolved,25
S003491,M00804,2024-09-28,Failed Payment,Pending,27
S003492,M01788,2024-03-17,Failed Payment,Escalated,19
S003493,M02159,2024-10-01,Refund Request,Escalated,20
S003494,M00802,2024-07-07,Fraud Complaint,Pending,11
S003495,M00878,2024-01-22,API Integration,Escalated,18
S003496,M01004,2024-09-18,Account Access,Escalated,41
S003497,M00860,2024-12-23,Refund Request,Resolved,28
S003498,M02772,2024-01-28,Refund Request,Resolved,11
S003499,M01313,2025-03-17,Fraud Complaint,Pending,16
S003500,M00478,2025-02-02,KYC Verification,Escalated,21
S003501,M01130,2025-01-04,Failed Payment,Escalated,10
S003502,M00259,2024-04-25,API Integration,Resolved,23
S003503,M01860,2024-12-30,Fraud Complaint,Pending,16
S003504,M00527,2025-06-12,Failed Payment,Escalated,27
S003505,M00321,2024-10-18,Failed Payment,Resolved,24
S003506,M00914,2024-10-26,KYC Verification,Resolved,30
S003507,M02198,2025-02-08,Failed Payment,Pending,16
S003508,M02910,2024-10-23,Fraud Complaint,Pending,19
S003509,M00931,2025-03-02,Account Access,Pending,5
S003510,M00555,2024-10-04,Failed Payment,Resolved,29
S003511,M01476,2024-08-18,Refund Request,Resolved,33
S003512,M00724,2024-12-18,Account Access,Resolved,8
S003513,M02841,2024-08-08,Account Access,Escalated,10
S003514,M00046,2024-08-16,KYC Verification,Resolved,29
S003515,M00661,2024-02-28,Refund Request,Pending,27
S003516,M01164,2025-01-15,Refund Request,Pending,15
S003517,M00334,2024-06-23,Failed Payment,Resolved,20
S003518,M00991,2024-10-23,Account Access,Escalated,21
S003519,M00017,2024-10-16,Account Access,Pending,39
S003520,M01396,2025-04-12,KYC Verification,Pending,33
S003521,M01925,2024-06-08,Refund Request,Resolved,33
S003522,M02381,2025-05-18,API Integration,Resolved,27
S003523,M00689,2024-12-23,KYC Verification,Pending,39
S003524,M00199,2024-01-13,Account Access,Pending,12
S003525,M00663,2024-07-17,KYC Verification,Resolved,34
S003526,M00371,2025-06-19,API Integration,Pending,24
S003527,M00500,2025-02-14,Refund Request,Pending,18
S003528,M02610,2025-04-24,Failed Payment,Escalated,19
S003529,M00845,2024-10-10,API Integration,Escalated,14
S003530,M02753,2024-10-16,KYC Verification,Escalated,35
S003531,M02966,2024-10-08,Fraud Complaint,Pending,29
S003532,M00340,2025-04-07,API Integration,Resolved,10
S003533,M00045,2024-10-27,Refund Request,Resolved,5
S003534,M01335,2024-08-29,Account Access,Resolved,31
S003535,M00843,2024-11-08,Refund Request,Pending,23
S003536,M01603,2024-03-06,Refund Request,Pending,16
S003537,M01821,2024-04-20,API Integration,Escalated,22
S003538,M02620,2024-01-30,API Integration,Resolved,29
S003539,M02554,2024-01-28,Account Access,Resolved,28
S003540,M02146,2025-05-28,KYC Verification,Resolved,18
S003541,M02557,2025-05-24,Account Access,Pending,10
S003542,M02747,2025-01-22,Refund Request,Pending,24
S003543,M00152,2024-06-25,API Integration,Resolved,33
S003544,M00368,2025-02-11,API Integration,Escalated,35
S003545,M02618,2024-02-11,API Integration,Pending,36
S003546,M02173,2025-01-12,Failed Payment,Resolved,26
S003547,M01519,2024-01-23,Refund Request,Escalated,28
S003548,M01094,2024-09-28,Refund Request,Escalated,32
S003549,M02347,2025-04-11,Fraud Complaint,Pending,22
S003550,M02218,2024-06-05,KYC Verification,Resolved,20
S003551,M00012,2024-05-25,Account Access,Resolved,29
S003552,M01224,2025-02-03,API Integration,Escalated,18
S003553,M02783,2024-09-04,Failed Payment,Resolved,25
S003554,M01043,2025-04-16,Account Access,Escalated,20
S003555,M01743,2024-12-28,KYC Verification,Pending,24
S003556,M01212,2025-05-28,Failed Payment,Pending,25
S003557,M02390,2025-02-20,Refund Request,Escalated,14
S003558,M01469,2024-02-27,Refund Request,Resolved,19
S003559,M02804,2024-09-17,Account Access,Resolved,25
S003560,M00102,2025-06-18,Account Access,Resolved,4
S003561,M01020,2024-11-22,Failed Payment,Pending,23
S003562,M02913,2024-01-15,Failed Payment,Escalated,12
S003563,M02953,2024-08-14,Failed Payment,Pending,26
S003564,M00009,2024-10-23,API Integration,Escalated,23
S003565,M01870,2024-06-26,API Integration,Escalated,23
S003566,M01257,2024-06-17,Fraud Complaint,Resolved,19
S003567,M00322,2024-05-07,Account Access,Resolved,9
S003568,M00111,2024-04-19,API Integration,Escalated,35
S003569,M00769,2025-04-16,Fraud Complaint,Resolved,26
S003570,M02106,2024-01-10,Failed Payment,Resolved,27
S003571,M00270,2024-10-20,API Integration,Escalated,22
S003572,M01171,2025-01-25,Refund Request,Pending,29
S003573,M00130,2024-08-03,Fraud Complaint,Pending,23
S003574,M01649,2025-05-18,KYC Verification,Escalated,26
S003575,M00552,2024-09-29,Account Access,Resolved,1
S003576,M00314,2024-03-07,KYC Verification,Resolved,24
S003577,M00328,2024-04-06,Fraud Complaint,Escalated,13
S003578,M01370,2025-03-20,Refund Request,Pending,34
S003579,M01593,2024-05-15,API Integration,Pending,27
S003580,M02842,2024-03-01,Fraud Complaint,Pending,24
S003581,M00443,2025-03-15,Failed Payment,Escalated,20
S003582,M00071,2024-05-17,Fraud Complaint,Resolved,15
S003583,M02012,2025-06-02,Account Access,Resolved,28
S003584,M02339,2025-04-29,Fraud Complaint,Escalated,9
S003585,M00205,2024-01-24,KYC Verification,Escalated,40
S003586,M00752,2024-05-20,API Integration,Pending,31
S003587,M02864,2024-09-09,Account Access,Escalated,15
S003588,M01811,2024-10-07,Account Access,Pending,6
S003589,M02603,2024-05-12,KYC Verification,Escalated,32
S003590,M02474,2024-12-01,Refund Request,Resolved,41
S003591,M02235,2024-02-24,Refund Request,Pending,12
S003592,M02019,2024-04-19,KYC Verification,Escalated,5
S003593,M01658,2025-04-24,Account Access,Escalated,24
S003594,M02800,2024-11-30,API Integration,Escalated,1
S003595,M00407,2024-10-08,Fraud Complaint,Escalated,30
S003596,M00895,2025-03-19,Refund Request,Pending,5
S003597,M00443,2025-04-23,Refund Request,Escalated,25
S003598,M02967,2024-06-24,API Integration,Pending,26
S003599,M00977,2024-05-12,Refund Request,Escalated,25
S003600,M00242,2025-02-14,Account Access,Pending,35
S003601,M00572,2024-10-22,Account Access,Resolved,24
S003602,M02216,2024-01-25,KYC Verification,Escalated,30
S003603,M00600,2024-02-13,API Integration,Escalated,15
S003604,M00403,2024-04-21,Failed Payment,Pending,17
S003605,M00816,2024-08-10,Account Access,Resolved,28
S003606,M00780,2024-12-31,API Integration,Escalated,33
S003607,M02466,2024-07-24,Account Access,Escalated,33
S003608,M00452,2024-12-25,KYC Verification,Escalated,22
S003609,M01983,2024-07-05,KYC Verification,Escalated,19
S003610,M02321,2024-05-11,API Integration,Pending,38
S003611,M00211,2024-06-03,API Integration,Pending,13
S003612,M02593,2024-07-03,Fraud Complaint,Escalated,21
S003613,M02034,2025-04-28,API Integration,Resolved,35
S003614,M02424,2024-11-17,Refund Request,Escalated,21
S003615,M02082,2024-06-24,Failed Payment,Escalated,20
S003616,M01636,2024-07-29,Account Access,Pending,10
S003617,M00763,2025-01-04,API Integration,Resolved,17
S003618,M00068,2024-08-01,Refund Request,Pending,23
S003619,M01458,2024-04-02,KYC Verification,Resolved,22
S003620,M00213,2024-02-12,API Integration,Resolved,32
S003621,M02820,2024-06-23,KYC Verification,Escalated,26
S003622,M00586,2024-05-01,Account Access,Resolved,13
S003623,M00292,2024-11-28,Failed Payment,Pending,16
S003624,M02860,2024-11-03,Account Access,Pending,47
S003625,M02361,2025-03-07,Account Access,Pending,26
S003626,M01467,2025-04-13,Failed Payment,Resolved,51
S003627,M01288,2024-11-21,Refund Request,Resolved,33
S003628,M01423,2024-03-20,Refund Request,Escalated,11
S003629,M01307,2024-02-03,KYC Verification,Escalated,1
S003630,M01751,2025-01-06,Failed Payment,Resolved,24
S003631,M02986,2024-06-08,Failed Payment,Escalated,26
S003632,M01822,2025-01-30,KYC Verification,Escalated,34
S003633,M00796,2024-03-06,Refund Request,Resolved,23
S003634,M02943,2025-03-19,Failed Payment,Resolved,44
S003635,M01977,2024-12-16,Refund Request,Escalated,31
S003636,M01583,2024-09-01,KYC Verification,Resolved,24
S003637,M00378,2024-02-23,Fraud Complaint,Pending,38
S003638,M01577,2024-11-27,Account Access,Resolved,18
S003639,M01165,2024-05-24,Fraud Complaint,Escalated,52
S003640,M02046,2024-12-26,Account Access,Pending,17
S003641,M01033,2024-05-08,KYC Verification,Pending,31
S003642,M01552,2024-08-02,Refund Request,Escalated,35
S003643,M01828,2025-01-06,Account Access,Pending,12
S003644,M00568,2024-05-31,Account Access,Escalated,23
S003645,M02182,2025-04-11,API Integration,Escalated,25
S003646,M01028,2024-06-12,Refund Request,Pending,13
S003647,M00881,2024-08-25,Failed Payment,Escalated,25
S003648,M01163,2024-12-16,Refund Request,Pending,17
S003649,M00698,2024-05-11,API Integration,Resolved,33
S003650,M02552,2024-01-03,Fraud Complaint,Pending,19
S003651,M01569,2024-12-11,Failed Payment,Resolved,14
S003652,M00583,2025-03-24,Refund Request,Pending,6
S003653,M00741,2024-12-01,Account Access,Escalated,42
S003654,M02195,2024-07-10,Fraud Complaint,Pending,1
S003655,M01463,2024-06-14,Fraud Complaint,Pending,28
S003656,M00752,2024-09-09,Refund Request,Resolved,35
S003657,M02022,2025-02-26,KYC Verification,Pending,40
S003658,M00682,2024-07-06,KYC Verification,Pending,24
S003659,M02306,2025-05-12,Refund Request,Pending,22
S003660,M00113,2025-05-17,API Integration,Escalated,19
S003661,M01322,2025-03-16,Account Access,Resolved,26
S003662,M01321,2024-11-19,API Integration,Pending,18
S003663,M01517,2025-05-09,API Integration,Pending,29
S003664,M00053,2025-03-12,KYC Verification,Pending,12
S003665,M00503,2024-06-28,Fraud Complaint,Pending,25
S003666,M02642,2024-10-23,Refund Request,Pending,23
S003667,M00078,2024-09-02,Account Access,Pending,17
S003668,M00012,2024-02-17,KYC Verification,Pending,17
S003669,M01533,2024-06-01,KYC Verification,Pending,30
S003670,M01615,2024-09-27,KYC Verification,Escalated,24
S003671,M01861,2024-02-02,KYC Verification,Resolved,27
S003672,M02457,2024-11-09,Fraud Complaint,Escalated,23
S003673,M02229,2024-12-17,KYC Verification,Resolved,24
S003674,M00281,2024-06-12,Refund Request,Pending,32
S003675,M01772,2025-02-27,Account Access,Pending,23
S003676,M01090,2025-05-07,API Integration,Resolved,21
S003677,M02065,2024-11-07,Failed Payment,Pending,15
S003678,M01290,2025-04-24,KYC Verification,Pending,23
S003679,M02478,2024-04-29,Failed Payment,Escalated,19
S003680,M00419,2025-01-13,API Integration,Escalated,34
S003681,M00095,2024-12-01,Failed Payment,Escalated,21
S003682,M00664,2025-03-03,Fraud Complaint,Pending,31
S003683,M02411,2025-04-02,Account Access,Resolved,8
S003684,M01740,2025-05-07,Account Access,Pending,24
S003685,M02029,2025-01-10,KYC Verification,Escalated,27
S003686,M02534,2025-03-21,KYC Verification,Escalated,22
S003687,M02588,2024-07-09,Fraud Complaint,Escalated,39
S003688,M02907,2025-05-29,Fraud Complaint,Escalated,1
S003689,M00071,2025-05-28,Fraud Complaint,Escalated,26
S003690,M01138,2024-06-02,API Integration,Resolved,27
S003691,M00100,2024-01-23,Account Access,Resolved,42
S003692,M02717,2024-06-08,KYC Verification,Escalated,32
S003693,M02350,2025-03-01,API Integration,Resolved,20
S003694,M02038,2024-05-25,Fraud Complaint,Resolved,35
S003695,M02521,2024-04-28,Failed Payment,Resolved,22
S003696,M00801,2025-05-02,Failed Payment,Pending,9
S003697,M02670,2024-01-01,KYC Verification,Pending,16
S003698,M01239,2024-01-03,KYC Verification,Pending,11
S003699,M02820,2025-04-03,Fraud Complaint,Escalated,10
S003700,M00812,2025-06-14,Failed Payment,Pending,8
S003701,M02991,2024-01-07,API Integration,Resolved,28
S003702,M02003,2025-07-01,KYC Verification,Resolved,44
S003703,M01063,2024-04-10,KYC Verification,Resolved,20
S003704,M02861,2025-01-27,Failed Payment,Escalated,4
S003705,M01849,2024-03-30,KYC Verification,Resolved,15
S003706,M02776,2024-12-31,Account Access,Pending,37
S003707,M02860,2025-06-27,Account Access,Pending,23
S003708,M00604,2025-05-05,Refund Request,Pending,27
S003709,M02609,2024-06-16,KYC Verification,Resolved,19
S003710,M01079,2025-04-18,Refund Request,Escalated,27
S003711,M00011,2025-02-05,Fraud Complaint,Pending,33
S003712,M00881,2024-09-15,KYC Verification,Resolved,24
S003713,M02792,2024-12-26,Account Access,Resolved,37
S003714,M02822,2024-12-19,Fraud Complaint,Resolved,21
S003715,M02822,2024-02-24,Account Access,Pending,37
S003716,M00790,2025-04-30,KYC Verification,Pending,24
S003717,M00514,2024-12-26,API Integration,Resolved,8
S003718,M02626,2024-08-23,API Integration,Escalated,34
S003719,M01257,2025-05-05,API Integration,Resolved,16
S003720,M01433,2024-11-27,Refund Request,Escalated,19
S003721,M00019,2024-10-05,Fraud Complaint,Resolved,32
S003722,M00662,2024-05-20,Refund Request,Resolved,29
S003723,M02104,2024-04-17,API Integration,Resolved,19
S003724,M02898,2024-04-29,Fraud Complaint,Escalated,37
S003725,M02665,2024-10-18,API Integration,Pending,29
S003726,M00944,2025-05-16,KYC Verification,Resolved,25
S003727,M00447,2024-11-14,API Integration,Resolved,26
S003728,M00013,2024-08-17,KYC Verification,Pending,16
S003729,M00868,2024-04-16,Fraud Complaint,Resolved,24
S003730,M01838,2024-05-04,Fraud Complaint,Resolved,23
S003731,M00774,2024-12-07,API Integration,Resolved,23
S003732,M01379,2024-08-16,Fraud Complaint,Pending,19
S003733,M00468,2024-07-29,Account Access,Resolved,28
S003734,M00832,2024-05-21,API Integration,Pending,37
S003735,M01755,2024-11-30,Account Access,Pending,15
S003736,M00142,2024-02-19,Account Access,Pending,43
S003737,M00368,2024-09-11,Account Access,Resolved,12
S003738,M01257,2024-12-05,API Integration,Pending,30
S003739,M01896,2025-01-12,Failed Payment,Escalated,1
S003740,M00036,2024-09-12,Refund Request,Resolved,20
S003741,M02426,2025-03-31,Account Access,Pending,27
S003742,M00383,2024-02-14,Account Access,Pending,25
S003743,M00563,2024-11-29,KYC Verification,Escalated,33
S003744,M02666,2024-02-22,Refund Request,Escalated,14
S003745,M00886,2025-03-17,Failed Payment,Pending,26
S003746,M01901,2024-06-10,Failed Payment,Pending,2
S003747,M02369,2024-05-04,Failed Payment,Resolved,41
S003748,M02915,2024-11-12,Account Access,Resolved,1
S003749,M01369,2024-10-25,Account Access,Pending,40
S003750,M01972,2025-02-23,Failed Payment,Resolved,22
S003751,M00738,2025-03-25,Failed Payment,Pending,13
S003752,M02671,2024-06-04,Failed Payment,Escalated,27
S003753,M02439,2024-01-07,Account Access,Pending,18
S003754,M02326,2024-08-03,Fraud Complaint,Pending,28
S003755,M01289,2024-04-11,API Integration,Escalated,20
S003756,M00048,2024-08-25,Account Access,Pending,12
S003757,M01756,2025-05-30,KYC Verification,Pending,22
S003758,M02617,2024-08-15,KYC Verification,Resolved,41
S003759,M00414,2024-05-13,API Integration,Escalated,24
S003760,M01835,2025-01-12,Refund Request,Pending,25
S003761,M02571,2024-12-07,Failed Payment,Resolved,11
S003762,M00023,2024-03-06,KYC Verification,Escalated,17
S003763,M00983,2024-02-16,Failed Payment,Escalated,31
S003764,M00807,2025-04-30,Failed Payment,Resolved,20
S003765,M02030,2025-01-26,Refund Request,Pending,37
S003766,M02013,2024-01-09,Refund Request,Escalated,33
S003767,M01649,2024-05-05,API Integration,Escalated,12
S003768,M02531,2024-08-15,Failed Payment,Escalated,13
S003769,M01593,2025-06-12,API Integration,Escalated,8
S003770,M02017,2025-04-15,Failed Payment,Escalated,18
S003771,M00058,2025-04-03,Account Access,Resolved,33
S003772,M00390,2024-03-15,KYC Verification,Pending,35
S003773,M02759,2025-03-30,API Integration,Pending,15
S003774,M01581,2024-02-27,API Integration,Resolved,29
S003775,M01745,2024-04-09,KYC Verification,Pending,30
S003776,M01944,2024-07-11,Fraud Complaint,Resolved,20
S003777,M01553,2024-12-16,Refund Request,Escalated,42
S003778,M00489,2025-04-07,KYC Verification,Resolved,45
S003779,M00239,2024-11-05,Refund Request,Pending,31
S003780,M01553,2024-07-13,Fraud Complaint,Pending,41
S003781,M02665,2024-12-08,Account Access,Resolved,38
S003782,M00339,2025-03-05,Fraud Complaint,Escalated,13
S003783,M01447,2024-01-17,Fraud Complaint,Resolved,20
S003784,M02853,2024-08-03,Failed Payment,Escalated,31
S003785,M00320,2025-02-05,Account Access,Pending,31
S003786,M00493,2025-01-26,Refund Request,Escalated,25
S003787,M00200,2025-05-17,Fraud Complaint,Escalated,16
S003788,M00592,2024-08-27,Fraud Complaint,Pending,31
S003789,M01975,2024-08-27,Fraud Complaint,Pending,33
S003790,M00552,2025-07-01,KYC Verification,Resolved,18
S003791,M01462,2025-02-21,Fraud Complaint,Escalated,21
S003792,M01587,2024-07-12,Account Access,Escalated,24
S003793,M02501,2024-10-20,Failed Payment,Escalated,16
S003794,M00443,2025-03-05,KYC Verification,Resolved,14
S003795,M01802,2024-11-22,Refund Request,Escalated,11
S003796,M01886,2025-02-25,Failed Payment,Pending,40
S003797,M01343,2024-01-06,Fraud Complaint,Escalated,19
S003798,M01001,2024-03-29,KYC Verification,Escalated,26
S003799,M01976,2024-05-28,Account Access,Pending,21
S003800,M00771,2024-04-23,KYC Verification,Pending,25
S003801,M02933,2025-02-16,API Integration,Pending,22
S003802,M01472,2024-05-15,Account Access,Pending,25
S003803,M02349,2025-06-03,Failed Payment,Resolved,25
S003804,M00973,2024-07-21,Account Access,Escalated,30
S003805,M02417,2025-01-26,Refund Request,Resolved,13
S003806,M00594,2025-01-15,Failed Payment,Escalated,9
S003807,M02980,2025-04-29,Refund Request,Pending,29
S003808,M01597,2025-04-16,Refund Request,Pending,27
S003809,M02135,2024-05-18,API Integration,Resolved,40
S003810,M01837,2024-03-05,Account Access,Pending,27
S003811,M02507,2024-05-14,Failed Payment,Escalated,37
S003812,M01919,2024-11-10,KYC Verification,Resolved,18
S003813,M00743,2025-04-07,Fraud Complaint,Pending,20
S003814,M00586,2025-02-26,Refund Request,Escalated,28
S003815,M00849,2025-03-14,KYC Verification,Pending,1
S003816,M02697,2024-12-08,API Integration,Pending,22
S003817,M01644,2024-09-07,Account Access,Escalated,10
S003818,M02401,2024-06-03,Refund Request,Escalated,12
S003819,M02327,2024-05-05,API Integration,Pending,18
S003820,M02164,2025-05-01,Account Access,Pending,25
S003821,M00447,2024-04-26,Fraud Complaint,Resolved,11
S003822,M01523,2025-05-19,Refund Request,Pending,16
S003823,M02084,2024-06-05,Failed Payment,Escalated,9
S003824,M01075,2024-07-29,API Integration,Escalated,12
S003825,M02097,2024-04-22,KYC Verification,Resolved,26
S003826,M00955,2024-05-01,Refund Request,Resolved,24
S003827,M00040,2024-12-11,API Integration,Escalated,18
S003828,M02664,2025-06-25,API Integration,Pending,2
S003829,M01473,2025-05-24,Failed Payment,Escalated,34
S003830,M02358,2024-08-24,API Integration,Resolved,29
S003831,M00740,2024-01-09,Account Access,Escalated,30
S003832,M00160,2024-02-07,Account Access,Resolved,24
S003833,M00478,2025-02-25,KYC Verification,Resolved,22
S003834,M00123,2025-06-14,Refund Request,Escalated,30
S003835,M01123,2024-02-09,Fraud Complaint,Resolved,35
S003836,M01590,2024-05-15,Fraud Complaint,Escalated,25
S003837,M01565,2024-01-11,API Integration,Escalated,24
S003838,M01495,2024-03-04,API Integration,Pending,26
S003839,M00687,2024-07-27,Fraud Complaint,Pending,21
S003840,M01345,2024-09-17,Failed Payment,Escalated,13
S003841,M02839,2025-03-21,Failed Payment,Escalated,21
S003842,M00277,2025-02-16,Failed Payment,Escalated,18
S003843,M01648,2024-11-23,KYC Verification,Pending,27
S003844,M01982,2025-06-17,Fraud Complaint,Pending,19
S003845,M01988,2024-05-14,API Integration,Pending,24
S003846,M00548,2024-12-17,API Integration,Escalated,21
S003847,M02497,2024-06-22,API Integration,Pending,23
S003848,M00504,2025-06-21,API Integration,Resolved,23
S003849,M00096,2024-10-31,API Integration,Pending,33
S003850,M02556,2024-10-20,Fraud Complaint,Pending,1
S003851,M02535,2024-01-28,Refund Request,Escalated,26
S003852,M01577,2024-11-03,Failed Payment,Pending,17
S003853,M02844,2024-08-13,Failed Payment,Resolved,27
S003854,M02957,2025-03-10,KYC Verification,Pending,20
S003855,M02682,2024-08-20,Fraud Complaint,Escalated,17
S003856,M01436,2024-10-24,API Integration,Escalated,20
S003857,M00622,2024-06-27,Failed Payment,Escalated,2
S003858,M02354,2025-03-02,API Integration,Escalated,50
S003859,M01231,2024-02-01,Fraud Complaint,Pending,33
S003860,M01852,2024-05-02,Account Access,Resolved,14
S003861,M01345,2024-05-10,KYC Verification,Resolved,6
S003862,M00934,2024-08-10,API Integration,Resolved,17
S003863,M00600,2024-01-27,Fraud Complaint,Pending,14
S003864,M00640,2024-06-25,API Integration,Resolved,26
S003865,M01569,2024-05-13,Fraud Complaint,Pending,37
S003866,M01604,2025-06-30,Refund Request,Pending,28
S003867,M01172,2024-11-07,Refund Request,Escalated,27
S003868,M01035,2025-03-28,Refund Request,Resolved,44
S003869,M00397,2024-12-12,KYC Verification,Resolved,16
S003870,M00743,2024-09-09,KYC Verification,Escalated,7
S003871,M00464,2025-03-12,KYC Verification,Escalated,10
S003872,M00484,2025-01-04,KYC Verification,Resolved,2
S003873,M02442,2024-07-04,Failed Payment,Pending,29
S003874,M01887,2024-11-12,Refund Request,Pending,17
S003875,M02252,2024-10-05,Fraud Complaint,Escalated,14
S003876,M02671,2024-12-25,API Integration,Escalated,23
S003877,M01057,2024-08-04,Failed Payment,Resolved,38
S003878,M02147,2024-07-09,Fraud Complaint,Escalated,11
S003879,M01091,2025-04-22,Fraud Complaint,Resolved,21
S003880,M00004,2024-02-24,API Integration,Resolved,12
S003881,M00787,2024-06-09,KYC Verification,Escalated,19
S003882,M02904,2024-09-02,API Integration,Resolved,15
S003883,M02325,2024-10-24,KYC Verification,Escalated,13
S003884,M00284,2025-03-28,Failed Payment,Escalated,45
S003885,M02152,2024-01-08,Refund Request,Resolved,41
S003886,M01347,2025-02-14,Failed Payment,Escalated,26
S003887,M00286,2025-05-01,Refund Request,Resolved,8
S003888,M02775,2025-03-11,KYC Verification,Resolved,31
S003889,M02830,2025-01-02,Refund Request,Resolved,19
S003890,M00449,2024-02-24,Refund Request,Resolved,27
S003891,M02003,2024-08-23,Failed Payment,Resolved,19
S003892,M01015,2024-05-21,Fraud Complaint,Resolved,11
S003893,M01682,2024-04-04,KYC Verification,Escalated,22
S003894,M02622,2024-03-17,API Integration,Escalated,10
S003895,M02876,2024-06-19,API Integration,Escalated,28
S003896,M01316,2024-02-22,KYC Verification,Resolved,29
S003897,M02102,2024-07-01,KYC Verification,Resolved,36
S003898,M01018,2024-12-23,Refund Request,Resolved,8
S003899,M02094,2024-09-26,Fraud Complaint,Resolved,11
S003900,M00239,2024-05-07,Failed Payment,Escalated,10
S003901,M01035,2025-01-10,API Integration,Resolved,20
S003902,M00860,2025-03-20,Account Access,Resolved,32
S003903,M01225,2025-05-06,Failed Payment,Escalated,14
S003904,M01298,2025-05-24,Failed Payment,Resolved,17
S003905,M02112,2025-06-09,API Integration,Resolved,22
S003906,M00669,2025-03-18,Refund Request,Escalated,25
S003907,M02205,2024-11-20,Account Access,Pending,10
S003908,M00668,2025-01-21,KYC Verification,Pending,35
S003909,M00780,2024-08-15,KYC Verification,Resolved,16
S003910,M00507,2024-04-26,Refund Request,Escalated,18
S003911,M00075,2025-07-02,Account Access,Pending,19
S003912,M02769,2024-11-12,API Integration,Resolved,13
S003913,M01825,2024-12-11,Refund Request,Resolved,36
S003914,M00368,2025-03-15,Fraud Complaint,Resolved,36
S003915,M02411,2025-06-07,KYC Verification,Escalated,27
S003916,M00504,2024-09-12,Failed Payment,Pending,23
S003917,M02204,2024-04-25,Account Access,Pending,23
S003918,M02217,2024-10-04,Fraud Complaint,Pending,22
S003919,M00444,2025-03-22,Failed Payment,Escalated,22
S003920,M00851,2025-03-06,Account Access,Escalated,19
S003921,M00646,2024-01-09,Refund Request,Escalated,16
S003922,M01766,2025-02-02,Account Access,Resolved,13
S003923,M01254,2024-12-12,Refund Request,Escalated,28
S003924,M00493,2025-03-07,Refund Request,Resolved,39
S003925,M00286,2024-04-24,Refund Request,Pending,27
S003926,M01315,2025-06-28,Refund Request,Escalated,25
S003927,M00641,2025-06-25,Fraud Complaint,Pending,44
S003928,M01143,2024-12-04,Account Access,Pending,15
S003929,M01079,2024-08-29,KYC Verification,Resolved,17
S003930,M01673,2025-06-21,Account Access,Resolved,24
S003931,M01622,2025-05-25,API Integration,Escalated,29
S003932,M02305,2024-06-18,Account Access,Escalated,24
S003933,M01526,2024-04-02,API Integration,Escalated,21
S003934,M01130,2025-06-28,API Integration,Resolved,34
S003935,M02751,2024-12-23,Account Access,Pending,23
S003936,M02210,2024-01-13,Account Access,Escalated,16
S003937,M01005,2024-04-18,KYC Verification,Escalated,18
S003938,M01926,2024-01-27,Fraud Complaint,Resolved,1
S003939,M01389,2024-09-09,Fraud Complaint,Escalated,24
S003940,M02689,2024-06-24,Refund Request,Resolved,28
S003941,M02237,2024-06-02,Account Access,Escalated,25
S003942,M02091,2024-07-08,API Integration,Resolved,18
S003943,M02868,2024-04-06,Failed Payment,Resolved,23
S003944,M00604,2024-11-20,KYC Verification,Resolved,45
S003945,M01824,2024-04-14,Fraud Complaint,Pending,39
S003946,M01915,2025-05-27,Fraud Complaint,Resolved,25
S003947,M01567,2024-02-16,Failed Payment,Resolved,13
S003948,M00743,2024-09-15,Failed Payment,Escalated,18
S003949,M00156,2025-05-19,Failed Payment,Pending,44
S003950,M02523,2024-02-07,Refund Request,Resolved,15
S003951,M02297,2024-01-04,Refund Request,Escalated,30
S003952,M00886,2024-03-22,API Integration,Escalated,21
S003953,M02914,2024-02-24,Account Access,Resolved,12
S003954,M02889,2024-07-10,Account Access,Pending,22
S003955,M01194,2024-03-10,API Integration,Escalated,8
S003956,M02882,2025-01-18,Fraud Complaint,Pending,8
S003957,M00542,2024-11-08,API Integration,Escalated,41
S003958,M00086,2024-11-02,KYC Verification,Escalated,23
S003959,M00222,2024-12-29,Failed Payment,Escalated,27
S003960,M02954,2024-03-17,Fraud Complaint,Resolved,12
S003961,M02596,2025-05-15,Fraud Complaint,Pending,20
S003962,M02077,2025-02-20,KYC Verification,Escalated,27
S003963,M00760,2024-04-08,Account Access,Pending,32
S003964,M02547,2025-05-24,Failed Payment,Escalated,17
S003965,M02118,2025-02-25,Account Access,Escalated,8
S003966,M00277,2024-09-08,API Integration,Resolved,43
S003967,M02565,2025-04-27,API Integration,Resolved,33
S003968,M01099,2024-01-19,Failed Payment,Resolved,25
S003969,M01735,2025-06-12,Refund Request,Pending,30
S003970,M01413,2024-02-29,Refund Request,Pending,28
S003971,M01778,2025-04-14,Account Access,Escalated,15
S003972,M00639,2024-11-15,Account Access,Pending,15
S003973,M00913,2024-03-23,Account Access,Resolved,24
S003974,M01930,2024-01-12,Failed Payment,Escalated,31
S003975,M00100,2024-09-22,Fraud Complaint,Resolved,16
S003976,M01128,2025-01-12,Fraud Complaint,Pending,23
S003977,M01676,2025-04-23,Account Access,Resolved,30
S003978,M02851,2024-10-27,Refund Request,Escalated,16
S003979,M01885,2025-04-21,KYC Verification,Pending,18
S003980,M02286,2024-05-16,KYC Verification,Pending,37
S003981,M00266,2024-10-27,Refund Request,Pending,12
S003982,M02516,2025-07-04,API Integration,Pending,19
S003983,M00617,2024-04-28,KYC Verification,Pending,25
S003984,M02581,2024-06-19,Failed Payment,Escalated,29
S003985,M00217,2024-07-03,Failed Payment,Pending,39
S003986,M00842,2024-10-06,API Integration,Resolved,22
S003987,M01527,2024-04-23,Fraud Complaint,Resolved,31
S003988,M00419,2024-07-16,Failed Payment,Escalated,23
S003989,M01012,2025-06-13,API Integration,Pending,16
S003990,M00192,2024-08-30,Refund Request,Escalated,13
S003991,M01196,2025-03-12,Refund Request,Pending,30
S003992,M00949,2025-03-08,Account Access,Resolved,23
S003993,M02334,2025-01-19,API Integration,Resolved,29
S003994,M01083,2024-08-27,Refund Request,Pending,37
S003995,M00742,2024-12-25,Fraud Complaint,Escalated,18
S003996,M01389,2024-03-22,Failed Payment,Escalated,36
S003997,M01001,2025-01-10,Failed Payment,Escalated,18
S003998,M02327,2024-10-24,Refund Request,Resolved,24
S003999,M01698,2024-03-25,Fraud Complaint,Pending,7
S004000,M02946,2024-03-30,Account Access,Escalated,22
S004001,M00710,2025-07-04,Refund Request,Escalated,33
S004002,M00009,2024-02-23,KYC Verification,Escalated,10
S004003,M02013,2024-01-19,Failed Payment,Pending,35
S004004,M00035,2024-02-17,Refund Request,Escalated,17
S004005,M00850,2025-03-05,KYC Verification,Pending,22
S004006,M01484,2024-11-01,Failed Payment,Pending,9
S004007,M02168,2024-05-05,KYC Verification,Pending,3
S004008,M00014,2025-02-22,Failed Payment,Escalated,22
S004009,M01517,2025-01-13,API Integration,Pending,10
S004010,M01452,2024-08-31,Fraud Complaint,Resolved,24
S004011,M00310,2024-12-25,API Integration,Resolved,43
S004012,M02605,2025-06-23,KYC Verification,Resolved,22
S004013,M00326,2025-06-14,Failed Payment,Resolved,11
S004014,M01021,2024-02-17,API Integration,Escalated,20
S004015,M01917,2024-11-27,Refund Request,Pending,29
S004016,M01328,2024-06-22,API Integration,Pending,40
S004017,M01414,2025-01-31,Account Access,Pending,36
S004018,M01779,2024-11-22,Refund Request,Escalated,46
S004019,M00330,2024-09-19,Failed Payment,Resolved,18
S004020,M01934,2024-09-16,Fraud Complaint,Pending,15
S004021,M00751,2024-01-03,KYC Verification,Escalated,31
S004022,M00392,2024-11-15,Account Access,Escalated,15
S004023,M01770,2024-04-08,Failed Payment,Pending,17
S004024,M00798,2024-05-28,API Integration,Escalated,18
S004025,M01792,2024-12-11,KYC Verification,Escalated,30
S004026,M01587,2024-07-23,Refund Request,Pending,6
S004027,M02391,2024-07-20,KYC Verification,Resolved,31
S004028,M00112,2025-07-02,Account Access,Resolved,37
S004029,M01732,2024-08-18,Refund Request,Pending,44
S004030,M00585,2024-03-07,Fraud Complaint,Pending,23
S004031,M00697,2024-08-01,Fraud Complaint,Resolved,17
S004032,M00128,2024-07-29,API Integration,Escalated,30
S004033,M00878,2025-01-24,Failed Payment,Escalated,19
S004034,M02298,2024-07-05,Account Access,Resolved,29
S004035,M01979,2024-08-10,Account Access,Escalated,19
S004036,M00132,2024-12-04,Refund Request,Escalated,29
S004037,M02580,2025-05-18,Account Access,Pending,26
S004038,M01735,2024-06-23,Account Access,Pending,22
S004039,M02792,2024-05-30,API Integration,Resolved,22
S004040,M00784,2024-01-23,API Integration,Resolved,1
S004041,M02138,2024-10-05,Refund Request,Pending,12
S004042,M00849,2024-05-28,Failed Payment,Escalated,27
S004043,M01889,2024-08-12,KYC Verification,Resolved,20
S004044,M02965,2025-06-22,API Integration,Resolved,17
S004045,M01909,2024-08-19,KYC Verification,Pending,17
S004046,M00470,2024-08-20,Failed Payment,Pending,17
S004047,M00837,2024-09-14,Fraud Complaint,Resolved,25
S004048,M02195,2024-02-27,Account Access,Resolved,22
S004049,M02047,2024-09-06,Fraud Complaint,Escalated,27
S004050,M00205,2025-06-13,Account Access,Escalated,20
S004051,M02695,2024-09-16,Account Access,Escalated,19
S004052,M02108,2025-04-08,Refund Request,Escalated,24
S004053,M00709,2025-06-16,Fraud Complaint,Pending,7
S004054,M02800,2025-01-01,Fraud Complaint,Pending,25
S004055,M02502,2025-01-01,Account Access,Pending,29
S004056,M02437,2024-03-20,Failed Payment,Resolved,25
S004057,M01991,2024-06-29,Account Access,Resolved,13
S004058,M00154,2024-08-26,API Integration,Resolved,19
S004059,M01974,2024-12-30,Account Access,Resolved,21
S004060,M01845,2025-04-14,KYC Verification,Escalated,53
S004061,M02540,2025-02-26,Failed Payment,Pending,28
S004062,M02510,2024-03-10,Failed Payment,Pending,23
S004063,M02923,2024-08-24,Fraud Complaint,Pending,38
S004064,M01683,2024-05-10,KYC Verification,Escalated,52
S004065,M02496,2024-06-21,Failed Payment,Pending,18
S004066,M01856,2024-04-14,Refund Request,Escalated,15
S004067,M02236,2024-11-28,Refund Request,Resolved,34
S004068,M01294,2025-04-30,Account Access,Pending,42
S004069,M01524,2024-10-17,Fraud Complaint,Escalated,16
S004070,M00816,2025-03-13,KYC Verification,Pending,15
S004071,M01863,2025-05-04,API Integration,Pending,16
S004072,M02070,2025-05-05,KYC Verification,Resolved,29
S004073,M01115,2024-08-23,Failed Payment,Pending,14
S004074,M02458,2025-05-15,Refund Request,Escalated,16
S004075,M02424,2024-05-03,Fraud Complaint,Pending,14
S004076,M01575,2025-01-23,API Integration,Resolved,8
S004077,M00306,2024-03-09,KYC Verification,Pending,34
S004078,M02414,2024-10-01,API Integration,Resolved,10
S004079,M00637,2025-06-25,Failed Payment,Pending,28
S004080,M01476,2024-06-16,Account Access,Escalated,27
S004081,M00818,2025-01-23,Fraud Complaint,Pending,42
S004082,M02910,2024-10-06,Fraud Complaint,Pending,13
S004083,M00578,2024-02-12,Account Access,Resolved,17
S004084,M02182,2024-01-21,KYC Verification,Pending,12
S004085,M00915,2024-04-05,API Integration,Resolved,38
S004086,M00766,2024-08-26,KYC Verification,Pending,21
S004087,M01988,2025-06-20,Failed Payment,Resolved,31
S004088,M02092,2024-01-26,Account Access,Pending,19
S004089,M00532,2024-07-30,KYC Verification,Pending,27
S004090,M02560,2025-05-13,Refund Request,Escalated,48
S004091,M02251,2025-01-23,Fraud Complaint,Resolved,28
S004092,M00888,2024-01-10,API Integration,Resolved,16
S004093,M01251,2024-10-21,KYC Verification,Resolved,21
S004094,M00626,2025-04-10,Failed Payment,Resolved,16
S004095,M00260,2024-10-20,Refund Request,Pending,33
S004096,M01167,2024-01-27,KYC Verification,Resolved,5
S004097,M00153,2024-01-28,KYC Verification,Resolved,6
S004098,M00031,2024-11-03,API Integration,Escalated,20
S004099,M00479,2024-07-01,KYC Verification,Pending,26
S004100,M02294,2024-04-05,API Integration,Resolved,23
S004101,M01740,2025-05-08,Refund Request,Escalated,31
S004102,M00690,2024-03-19,API Integration,Pending,27
S004103,M02158,2024-08-29,Refund Request,Resolved,10
S004104,M02665,2024-08-10,Account Access,Pending,21
S004105,M02634,2024-07-30,Fraud Complaint,Resolved,40
S004106,M00021,2024-02-02,KYC Verification,Pending,29
S004107,M01865,2025-04-20,Failed Payment,Escalated,33
S004108,M02850,2024-12-25,Account Access,Pending,53
S004109,M01127,2024-03-02,API Integration,Resolved,39
S004110,M01606,2025-03-19,KYC Verification,Pending,38
S004111,M02478,2024-10-03,Refund Request,Escalated,31
S004112,M02537,2024-12-27,API Integration,Escalated,13
S004113,M00355,2024-04-21,Failed Payment,Escalated,15
S004114,M02284,2025-04-19,KYC Verification,Escalated,23
S004115,M02887,2025-02-22,Refund Request,Pending,37
S004116,M01874,2024-01-05,Failed Payment,Pending,11
S004117,M00632,2024-01-08,Account Access,Resolved,34
S004118,M02466,2024-04-11,Account Access,Escalated,38
S004119,M01719,2024-01-01,API Integration,Resolved,1
S004120,M00542,2024-11-14,Failed Payment,Resolved,38
S004121,M01833,2024-08-17,Failed Payment,Escalated,15
S004122,M00780,2025-05-14,Fraud Complaint,Pending,29
S004123,M02164,2025-05-16,Fraud Complaint,Resolved,24
S004124,M02205,2025-04-02,API Integration,Resolved,37
S004125,M02614,2025-02-21,API Integration,Pending,16
S004126,M02214,2025-01-20,Fraud Complaint,Resolved,27
S004127,M02964,2025-04-19,Account Access,Escalated,17
S004128,M00344,2024-11-19,Account Access,Resolved,19
S004129,M00952,2024-06-24,Fraud Complaint,Pending,15
S004130,M00561,2024-05-16,Account Access,Pending,1
S004131,M02489,2025-03-08,Failed Payment,Pending,29
S004132,M00510,2024-08-01,Account Access,Escalated,12
S004133,M02104,2025-01-14,Account Access,Pending,8
S004134,M01919,2024-09-28,Failed Payment,Resolved,15
S004135,M02599,2025-04-17,Failed Payment,Escalated,22
S004136,M00738,2025-05-20,Account Access,Resolved,34
S004137,M00797,2024-03-06,Account Access,Resolved,19
S004138,M01314,2024-12-28,KYC Verification,Escalated,16
S004139,M02514,2024-10-14,Refund Request,Escalated,32
S004140,M02236,2025-06-30,Failed Payment,Escalated,19
S004141,M01435,2024-04-08,Account Access,Pending,14
S004142,M02533,2024-06-26,Refund Request,Pending,43
S004143,M01869,2024-01-25,KYC Verification,Resolved,24
S004144,M00434,2024-04-07,Refund Request,Resolved,22
S004145,M02992,2025-03-19,Fraud Complaint,Pending,21
S004146,M00296,2024-01-26,Failed Payment,Pending,8
S004147,M02250,2024-10-06,Refund Request,Pending,12
S004148,M00232,2024-11-26,Failed Payment,Pending,31
S004149,M00665,2024-12-08,API Integration,Escalated,29
S004150,M01789,2024-11-24,KYC Verification,Escalated,30
S004151,M00129,2025-06-07,Failed Payment,Escalated,15
S004152,M02485,2025-04-30,Fraud Complaint,Pending,13
S004153,M01564,2025-02-16,Refund Request,Escalated,37
S004154,M01754,2024-06-27,API Integration,Escalated,29
S004155,M00822,2024-07-29,Fraud Complaint,Resolved,24
S004156,M02649,2024-12-26,Fraud Complaint,Pending,34
S004157,M01014,2025-01-24,API Integration,Pending,23
S004158,M01615,2025-05-16,Failed Payment,Resolved,28
S004159,M00380,2024-01-25,Fraud Complaint,Pending,23
S004160,M00448,2024-02-03,Fraud Complaint,Pending,13
S004161,M02069,2025-03-04,Fraud Complaint,Resolved,17
S004162,M01982,2025-01-02,Fraud Complaint,Pending,19
S004163,M00515,2025-01-23,KYC Verification,Escalated,7
S004164,M00574,2024-01-26,Failed Payment,Resolved,21
S004165,M00608,2024-06-23,Fraud Complaint,Escalated,41
S004166,M00137,2024-05-09,Failed Payment,Pending,13
S004167,M01311,2025-03-28,API Integration,Pending,36
S004168,M02795,2024-09-06,Refund Request,Resolved,29
S004169,M00418,2024-03-22,Account Access,Pending,31
S004170,M01843,2024-11-14,Failed Payment,Pending,25
S004171,M02018,2024-05-19,API Integration,Escalated,10
S004172,M00873,2024-09-23,KYC Verification,Escalated,24
S004173,M01004,2024-05-18,KYC Verification,Resolved,26
S004174,M01151,2025-01-16,Failed Payment,Resolved,20
S004175,M00124,2025-01-12,API Integration,Escalated,16
S004176,M02185,2024-03-12,Refund Request,Escalated,15
S004177,M00084,2025-05-28,Failed Payment,Pending,25
S004178,M02232,2024-06-07,Fraud Complaint,Pending,16
S004179,M02800,2025-03-12,Account Access,Escalated,23
S004180,M01980,2024-05-08,Failed Payment,Escalated,28
S004181,M00849,2025-03-14,API Integration,Escalated,24
S004182,M02142,2025-04-23,Failed Payment,Resolved,18
S004183,M00770,2024-12-14,KYC Verification,Resolved,12
S004184,M01894,2024-05-29,Fraud Complaint,Pending,31
S004185,M00197,2024-10-05,KYC Verification,Resolved,21
S004186,M00736,2025-02-07,Account Access,Escalated,14
S004187,M02406,2024-07-17,Refund Request,Escalated,15
S004188,M01162,2024-03-07,Fraud Complaint,Escalated,52
S004189,M02351,2024-04-27,Account Access,Escalated,26
S004190,M00109,2024-01-14,Refund Request,Escalated,17
S004191,M00536,2024-12-31,KYC Verification,Pending,28
S004192,M01651,2025-02-21,Fraud Complaint,Pending,22
S004193,M01707,2024-07-14,Refund Request,Pending,38
S004194,M02050,2024-11-25,KYC Verification,Pending,43
S004195,M01047,2024-11-23,Account Access,Escalated,27
S004196,M01773,2025-06-27,Account Access,Escalated,23
S004197,M01250,2024-06-03,KYC Verification,Escalated,29
S004198,M02496,2024-08-03,Failed Payment,Pending,25
S004199,M02365,2024-02-07,Fraud Complaint,Resolved,32
S004200,M02806,2024-09-11,KYC Verification,Pending,22
S004201,M00783,2024-07-04,Account Access,Resolved,18
S004202,M02371,2024-03-23,API Integration,Pending,39
S004203,M02221,2025-05-29,Fraud Complaint,Escalated,42
S004204,M00646,2024-08-08,Fraud Complaint,Pending,31
S004205,M02004,2024-10-14,Refund Request,Pending,16
S004206,M02025,2025-04-11,Failed Payment,Pending,15
S004207,M01744,2025-02-17,Account Access,Pending,20
S004208,M01007,2024-05-16,Failed Payment,Pending,9
S004209,M01999,2024-11-15,Refund Request,Escalated,22
S004210,M02878,2024-08-17,Account Access,Escalated,34
S004211,M01606,2024-10-08,Refund Request,Escalated,20
S004212,M00900,2025-04-15,Account Access,Escalated,20
S004213,M02742,2025-07-02,KYC Verification,Escalated,26
S004214,M00430,2025-02-27,Refund Request,Resolved,19
S004215,M00147,2025-01-05,Account Access,Pending,33
S004216,M01764,2024-07-31,API Integration,Escalated,36
S004217,M02320,2025-03-10,KYC Verification,Resolved,33
S004218,M02303,2024-06-09,Refund Request,Escalated,38
S004219,M01265,2024-07-02,Account Access,Escalated,17
S004220,M00308,2024-09-13,Account Access,Escalated,14
S004221,M01420,2024-12-17,Account Access,Resolved,16
S004222,M00303,2025-05-28,API Integration,Pending,27
S004223,M01742,2024-10-24,KYC Verification,Escalated,9
S004224,M00163,2025-03-17,Failed Payment,Escalated,37
S004225,M00626,2025-05-27,Refund Request,Resolved,18
S004226,M01008,2024-02-04,Refund Request,Resolved,17
S004227,M02847,2024-10-28,Account Access,Pending,38
S004228,M00802,2024-05-17,Failed Payment,Escalated,29
S004229,M01059,2025-01-22,KYC Verification,Resolved,8
S004230,M01225,2024-04-16,KYC Verification,Pending,1
S004231,M01290,2024-10-01,KYC Verification,Resolved,32
S004232,M00179,2025-04-03,Account Access,Resolved,12
S004233,M00805,2025-06-03,Account Access,Resolved,31
S004234,M00482,2024-05-14,Refund Request,Resolved,32
S004235,M01886,2025-02-01,KYC Verification,Pending,29
S004236,M01872,2024-02-16,Failed Payment,Pending,9
S004237,M02838,2024-06-23,Refund Request,Escalated,32
S004238,M02471,2024-04-17,Failed Payment,Escalated,1
S004239,M02793,2024-11-08,Account Access,Escalated,25
S004240,M02888,2024-11-13,Fraud Complaint,Resolved,4
S004241,M01588,2025-05-25,Refund Request,Escalated,33
S004242,M02326,2025-05-20,Account Access,Resolved,25
S004243,M00226,2024-01-06,Account Access,Resolved,15
S004244,M02401,2025-01-22,Fraud Complaint,Resolved,44
S004245,M02527,2024-03-16,API Integration,Resolved,20
S004246,M02854,2024-05-08,Account Access,Pending,30
S004247,M00967,2024-06-30,Fraud Complaint,Escalated,24
S004248,M01733,2024-11-20,Failed Payment,Resolved,31
S004249,M02676,2024-07-21,Fraud Complaint,Pending,23
S004250,M02308,2024-02-18,Failed Payment,Resolved,15
S004251,M02547,2024-02-14,Failed Payment,Escalated,44
S004252,M02266,2025-05-09,Refund Request,Escalated,20
S004253,M01975,2024-12-20,Refund Request,Pending,26
S004254,M00922,2024-10-29,Fraud Complaint,Escalated,26
S004255,M00206,2025-07-04,API Integration,Escalated,21
S004256,M01099,2024-12-28,API Integration,Resolved,33
S004257,M00892,2024-12-03,KYC Verification,Escalated,19
S004258,M00183,2024-05-04,Account Access,Escalated,15
S004259,M00745,2024-01-31,KYC Verification,Resolved,21
S004260,M00513,2025-03-30,Failed Payment,Pending,35
S004261,M02850,2024-10-12,Account Access,Pending,36
S004262,M02828,2024-09-19,Refund Request,Resolved,19
S004263,M00989,2024-03-27,Fraud Complaint,Pending,28
S004264,M00080,2024-07-15,Failed Payment,Resolved,7
S004265,M01157,2025-04-03,Account Access,Resolved,35
S004266,M00504,2024-11-05,KYC Verification,Resolved,7
S004267,M02666,2024-04-14,KYC Verification,Resolved,14
S004268,M01579,2024-12-25,Failed Payment,Resolved,25
S004269,M00265,2025-04-08,API Integration,Pending,21
S004270,M02041,2024-07-19,API Integration,Resolved,28
S004271,M00565,2025-04-07,Fraud Complaint,Escalated,19
S004272,M00616,2024-09-01,Refund Request,Pending,1
S004273,M02530,2025-05-06,Fraud Complaint,Pending,6
S004274,M00848,2024-09-05,Failed Payment,Resolved,35
S004275,M01540,2025-07-03,Refund Request,Pending,38
S004276,M00445,2024-01-08,KYC Verification,Resolved,36
S004277,M01439,2024-09-25,Fraud Complaint,Resolved,17
S004278,M00097,2024-11-20,KYC Verification,Escalated,29
S004279,M00565,2024-11-03,API Integration,Escalated,28
S004280,M02579,2025-05-08,KYC Verification,Resolved,19
S004281,M02162,2024-03-24,API Integration,Escalated,27
S004282,M00350,2024-02-22,API Integration,Escalated,30
S004283,M02223,2025-07-02,Failed Payment,Pending,24
S004284,M01737,2024-03-24,Failed Payment,Resolved,23
S004285,M02606,2024-05-08,Fraud Complaint,Resolved,12
S004286,M02907,2025-01-07,Refund Request,Escalated,9
S004287,M01238,2025-04-14,Refund Request,Pending,22
S004288,M01131,2024-06-21,API Integration,Resolved,28
S004289,M01031,2024-11-29,API Integration,Pending,47
S004290,M01775,2024-05-02,KYC Verification,Pending,25
S004291,M00518,2024-09-30,Fraud Complaint,Escalated,35
S004292,M02026,2025-04-13,API Integration,Pending,32
S004293,M02681,2024-10-27,Refund Request,Pending,28
S004294,M00743,2024-08-10,Fraud Complaint,Resolved,23
S004295,M02026,2024-07-10,Fraud Complaint,Pending,26
S004296,M01962,2025-06-10,Fraud Complaint,Pending,26
S004297,M01799,2024-11-14,Failed Payment,Escalated,12
S004298,M01606,2025-05-09,Account Access,Escalated,20
S004299,M00431,2024-08-27,API Integration,Resolved,16
S004300,M02381,2024-04-23,Failed Payment,Resolved,47
S004301,M01183,2025-01-15,KYC Verification,Escalated,30
S004302,M02244,2024-12-05,Refund Request,Resolved,14
S004303,M00803,2024-03-17,Refund Request,Pending,21
S004304,M00719,2025-02-19,Fraud Complaint,Resolved,38
S004305,M01543,2024-06-24,KYC Verification,Resolved,38
S004306,M00085,2024-09-03,Fraud Complaint,Pending,21
S004307,M00231,2024-04-05,Refund Request,Pending,14
S004308,M02430,2024-06-06,Account Access,Pending,19
S004309,M01422,2024-10-10,Refund Request,Escalated,21
S004310,M02223,2025-06-18,Account Access,Pending,14
S004311,M02886,2025-05-06,Refund Request,Pending,11
S004312,M01667,2024-09-07,Failed Payment,Pending,49
S004313,M00978,2025-03-24,Failed Payment,Pending,26
S004314,M02732,2024-12-19,API Integration,Escalated,17
S004315,M02141,2024-08-19,KYC Verification,Pending,9
S004316,M00179,2025-01-10,Fraud Complaint,Pending,31
S004317,M02544,2024-01-30,Refund Request,Pending,10
S004318,M00009,2024-09-30,KYC Verification,Resolved,16
S004319,M01591,2024-12-18,KYC Verification,Escalated,29
S004320,M00372,2024-01-19,API Integration,Resolved,20
S004321,M02355,2024-03-23,Failed Payment,Escalated,18
S004322,M00999,2025-06-20,KYC Verification,Resolved,23
S004323,M00735,2024-03-28,Account Access,Pending,42
S004324,M00011,2025-04-24,API Integration,Pending,22
S004325,M01134,2025-05-04,API Integration,Escalated,12
S004326,M02365,2024-12-31,Refund Request,Pending,19
S004327,M00129,2024-06-09,Account Access,Pending,1
S004328,M01571,2025-04-19,KYC Verification,Escalated,29
S004329,M02241,2025-01-24,KYC Verification,Pending,21
S004330,M02534,2025-06-01,Account Access,Pending,8
S004331,M01058,2024-02-17,KYC Verification,Escalated,34
S004332,M02873,2025-02-18,Failed Payment,Pending,54
S004333,M02591,2024-05-02,KYC Verification,Resolved,1
S004334,M00232,2024-06-26,Failed Payment,Resolved,29
S004335,M02766,2025-03-25,Account Access,Pending,38
S004336,M02644,2025-01-16,Fraud Complaint,Resolved,24
S004337,M00248,2025-07-02,KYC Verification,Resolved,23
S004338,M00874,2024-10-13,Account Access,Pending,16
S004339,M00273,2024-03-09,Account Access,Escalated,7
S004340,M02812,2025-02-07,Fraud Complaint,Pending,27
S004341,M00784,2025-06-03,KYC Verification,Resolved,28
S004342,M01116,2025-05-09,Failed Payment,Escalated,24
S004343,M02414,2025-04-18,Account Access,Resolved,13
S004344,M00083,2024-02-25,API Integration,Pending,26
S004345,M00792,2024-01-28,Fraud Complaint,Resolved,18
S004346,M01180,2024-01-19,API Integration,Escalated,27
S004347,M02237,2024-09-28,KYC Verification,Resolved,32
S004348,M00576,2025-04-09,Failed Payment,Resolved,18
S004349,M02250,2025-01-05,Refund Request,Escalated,37
S004350,M01765,2024-03-15,KYC Verification,Pending,36
S004351,M00195,2024-12-02,Fraud Complaint,Resolved,6
S004352,M00241,2024-12-23,API Integration,Escalated,6
S004353,M01954,2025-01-31,Fraud Complaint,Resolved,25
S004354,M02416,2024-09-14,Refund Request,Escalated,1
S004355,M02680,2025-06-04,Account Access,Escalated,11
S004356,M00706,2024-02-19,Refund Request,Pending,37
S004357,M00480,2024-05-29,API Integration,Escalated,45
S004358,M01369,2024-02-25,KYC Verification,Escalated,24
S004359,M00600,2024-11-25,Refund Request,Escalated,29
S004360,M01697,2024-08-19,Failed Payment,Pending,3
S004361,M01981,2025-05-17,Fraud Complaint,Escalated,34
S004362,M00963,2024-07-02,Failed Payment,Escalated,17
S004363,M02084,2025-05-23,KYC Verification,Escalated,21
S004364,M02490,2025-01-20,Failed Payment,Pending,32
S004365,M00403,2025-02-19,Fraud Complaint,Resolved,27
S004366,M02589,2024-01-02,Refund Request,Pending,36
S004367,M01818,2024-08-04,Fraud Complaint,Pending,13
S004368,M01112,2024-05-13,KYC Verification,Escalated,27
S004369,M02139,2025-02-17,Refund Request,Pending,33
S004370,M02373,2024-12-22,Refund Request,Resolved,38
S004371,M01124,2024-09-10,Failed Payment,Pending,26
S004372,M02068,2025-06-16,API Integration,Pending,26
S004373,M02454,2025-04-30,Account Access,Escalated,36
S004374,M01133,2024-08-22,Fraud Complaint,Pending,19
S004375,M01139,2024-10-04,Fraud Complaint,Escalated,29
S004376,M00694,2024-11-12,Fraud Complaint,Pending,14
S004377,M01919,2024-02-04,API Integration,Escalated,25
S004378,M01691,2024-02-02,Account Access,Resolved,24
S004379,M00531,2024-05-31,Account Access,Pending,11
S004380,M00096,2024-03-18,Fraud Complaint,Escalated,17
S004381,M02845,2024-09-26,Refund Request,Resolved,12
S004382,M02232,2025-06-06,API Integration,Pending,31
S004383,M01267,2024-04-30,Account Access,Resolved,9
S004384,M02965,2024-09-09,API Integration,Resolved,18
S004385,M01263,2024-12-17,API Integration,Resolved,11
S004386,M00726,2025-03-25,Refund Request,Resolved,36
S004387,M00795,2025-07-02,Account Access,Pending,14
S004388,M00483,2024-12-01,API Integration,Resolved,10
S004389,M02302,2025-06-25,Refund Request,Pending,17
S004390,M00161,2025-02-22,KYC Verification,Escalated,26
S004391,M00678,2025-01-01,Fraud Complaint,Escalated,33
S004392,M00676,2025-03-25,Fraud Complaint,Resolved,20
S004393,M01092,2024-03-29,Refund Request,Resolved,16
S004394,M01870,2024-10-15,API Integration,Escalated,23
S004395,M02891,2024-08-17,Failed Payment,Resolved,23
S004396,M00731,2025-06-23,Account Access,Escalated,14
S004397,M02314,2024-11-03,Failed Payment,Resolved,6
S004398,M02105,2024-03-22,KYC Verification,Pending,23
S004399,M02421,2024-11-25,API Integration,Resolved,29
S004400,M02777,2025-03-17,KYC Verification,Pending,24
S004401,M00126,2024-12-12,API Integration,Escalated,20
S004402,M00056,2024-05-21,Failed Payment,Pending,32
S004403,M01374,2025-03-27,Fraud Complaint,Pending,51
S004404,M01212,2024-08-07,API Integration,Resolved,21
S004405,M01576,2024-02-29,KYC Verification,Resolved,22
S004406,M00976,2024-05-23,KYC Verification,Pending,34
S004407,M01364,2024-02-07,Failed Payment,Escalated,24
S004408,M00980,2024-04-16,Account Access,Pending,26
S004409,M01266,2024-06-12,Account Access,Resolved,28
S004410,M00226,2024-02-13,Account Access,Resolved,14
S004411,M00221,2025-04-15,Failed Payment,Escalated,23
S004412,M01593,2025-02-02,API Integration,Escalated,48
S004413,M01420,2024-10-01,Fraud Complaint,Pending,16
S004414,M00147,2024-06-15,Account Access,Escalated,23
S004415,M01524,2024-04-23,Fraud Complaint,Escalated,22
S004416,M00774,2024-07-22,Fraud Complaint,Resolved,19
S004417,M00861,2025-05-24,Failed Payment,Escalated,18
S004418,M00874,2024-10-06,Fraud Complaint,Escalated,13
S004419,M02960,2025-05-27,Failed Payment,Pending,23
S004420,M01172,2025-06-14,Refund Request,Resolved,22
S004421,M01202,2024-07-09,API Integration,Resolved,25
S004422,M01800,2025-01-31,Refund Request,Escalated,10
S004423,M01601,2025-05-29,Account Access,Resolved,18
S004424,M00203,2024-05-24,Fraud Complaint,Resolved,27
S004425,M00445,2024-12-27,Fraud Complaint,Escalated,40
S004426,M00778,2025-02-24,Failed Payment,Escalated,27
S004427,M01675,2025-02-02,API Integration,Resolved,31
S004428,M00551,2025-03-06,Account Access,Escalated,41
S004429,M01211,2024-09-16,Failed Payment,Escalated,8
S004430,M00994,2024-05-02,Refund Request,Pending,21
S004431,M02496,2024-01-13,Fraud Complaint,Resolved,14
S004432,M01642,2024-10-11,Fraud Complaint,Escalated,19
S004433,M00488,2024-05-23,Account Access,Pending,33
S004434,M01263,2024-06-03,Fraud Complaint,Pending,9
S004435,M00369,2024-03-05,KYC Verification,Pending,10
S004436,M01046,2024-08-15,Fraud Complaint,Escalated,23
S004437,M01269,2024-09-28,Fraud Complaint,Pending,34
S004438,M01435,2024-07-11,KYC Verification,Escalated,42
S004439,M00030,2025-02-24,Fraud Complaint,Escalated,24
S004440,M02928,2025-02-28,KYC Verification,Escalated,17
S004441,M00470,2025-01-23,KYC Verification,Resolved,21
S004442,M01957,2025-01-18,API Integration,Resolved,10
S004443,M01080,2025-01-14,Account Access,Pending,27
S004444,M01015,2025-06-23,API Integration,Resolved,18
S004445,M00300,2024-11-07,Account Access,Escalated,2
S004446,M00858,2024-08-15,Account Access,Pending,8
S004447,M01639,2024-04-28,Failed Payment,Pending,29
S004448,M02548,2024-08-30,Failed Payment,Escalated,44
S004449,M01133,2024-04-26,KYC Verification,Pending,24
S004450,M00682,2024-12-13,Failed Payment,Pending,23
S004451,M00025,2024-04-19,Fraud Complaint,Escalated,7
S004452,M02338,2024-11-07,Fraud Complaint,Pending,23
S004453,M01711,2024-12-17,Refund Request,Pending,22
S004454,M00615,2024-03-20,Refund Request,Pending,22
S004455,M01532,2024-07-17,Refund Request,Pending,29
S004456,M00765,2025-03-11,Refund Request,Resolved,16
S004457,M02505,2024-08-20,Account Access,Pending,22
S004458,M02932,2024-02-23,KYC Verification,Escalated,22
S004459,M00636,2024-03-06,Refund Request,Escalated,45
S004460,M00468,2025-04-06,Refund Request,Resolved,13
S004461,M02660,2024-03-22,Fraud Complaint,Resolved,35
S004462,M02554,2024-09-20,KYC Verification,Pending,11
S004463,M00697,2025-04-14,Refund Request,Resolved,29
S004464,M01048,2024-04-10,Refund Request,Resolved,31
S004465,M01134,2024-09-07,API Integration,Resolved,16
S004466,M02987,2025-06-08,Refund Request,Pending,27
S004467,M00919,2024-07-06,KYC Verification,Escalated,36
S004468,M02501,2025-01-05,Refund Request,Pending,27
S004469,M00216,2024-03-06,Failed Payment,Pending,15
S004470,M00814,2024-03-14,Failed Payment,Escalated,32
S004471,M00592,2024-09-10,Failed Payment,Resolved,14
S004472,M00155,2024-06-12,Fraud Complaint,Escalated,23
S004473,M01939,2024-07-15,KYC Verification,Escalated,13
S004474,M01902,2024-04-02,Account Access,Pending,25
S004475,M01300,2024-12-11,API Integration,Pending,28
S004476,M00318,2025-05-21,Fraud Complaint,Pending,14
S004477,M02471,2024-12-01,Failed Payment,Escalated,33
S004478,M00356,2025-02-14,Failed Payment,Escalated,9
S004479,M02863,2024-09-22,Failed Payment,Pending,15
S004480,M01189,2024-02-13,Failed Payment,Pending,13
S004481,M00853,2024-07-03,Account Access,Escalated,34
S004482,M01624,2024-05-23,Failed Payment,Resolved,23
S004483,M00249,2024-08-03,Fraud Complaint,Resolved,19
S004484,M01293,2024-12-27,Account Access,Resolved,14
S004485,M00192,2025-06-12,Refund Request,Resolved,35
S004486,M00356,2025-06-26,Failed Payment,Escalated,1
S004487,M02614,2024-07-14,API Integration,Escalated,24
S004488,M00648,2024-03-14,Account Access,Escalated,16
S004489,M00206,2024-02-08,Account Access,Pending,25
S004490,M02379,2024-10-06,Fraud Complaint,Resolved,31
S004491,M02284,2025-04-01,Failed Payment,Pending,18
S004492,M02403,2025-06-17,Fraud Complaint,Resolved,29
S004493,M00530,2024-07-31,API Integration,Pending,17
S004494,M02198,2024-02-05,Failed Payment,Pending,26
S004495,M01609,2024-06-13,Failed Payment,Escalated,6
S004496,M00947,2024-07-01,API Integration,Escalated,21
S004497,M01549,2024-07-18,Refund Request,Pending,1
S004498,M00430,2024-01-21,Account Access,Resolved,47
S004499,M01654,2024-09-13,API Integration,Escalated,9
S004500,M02293,2024-12-18,KYC Verification,Resolved,1
S004501,M00196,2025-04-16,API Integration,Resolved,9
S004502,M02365,2025-05-03,Failed Payment,Pending,19
S004503,M02087,2025-06-26,Account Access,Pending,19
S004504,M00718,2024-02-22,API Integration,Escalated,17
S004505,M01511,2024-01-17,API Integration,Pending,12
S004506,M01102,2025-03-18,Fraud Complaint,Pending,36
S004507,M01661,2024-05-02,KYC Verification,Pending,24
S004508,M01831,2024-10-14,Failed Payment,Pending,31
S004509,M02861,2024-02-20,Failed Payment,Escalated,24
S004510,M01672,2024-06-02,Refund Request,Escalated,25
S004511,M02209,2024-01-22,API Integration,Pending,4
S004512,M01791,2025-06-18,Failed Payment,Pending,21
S004513,M02460,2024-10-16,Failed Payment,Pending,15
S004514,M02351,2024-04-06,Fraud Complaint,Escalated,41
S004515,M01462,2024-05-08,KYC Verification,Pending,34
S004516,M00271,2024-12-07,KYC Verification,Escalated,32
S004517,M01262,2024-01-29,Failed Payment,Escalated,19
S004518,M00592,2024-03-30,KYC Verification,Pending,25
S004519,M01869,2024-07-11,Fraud Complaint,Pending,33
S004520,M02764,2024-12-20,KYC Verification,Resolved,33
S004521,M01935,2024-09-12,Account Access,Escalated,24
S004522,M01901,2024-06-07,Fraud Complaint,Escalated,44
S004523,M00814,2024-05-27,Refund Request,Pending,30
S004524,M01913,2024-05-10,Failed Payment,Escalated,24
S004525,M02999,2025-04-09,Fraud Complaint,Escalated,27
S004526,M01946,2025-02-06,Account Access,Escalated,15
S004527,M01809,2025-04-06,Fraud Complaint,Pending,26
S004528,M02593,2024-09-28,KYC Verification,Pending,25
S004529,M01363,2024-09-23,Failed Payment,Escalated,23
S004530,M01892,2024-02-25,Fraud Complaint,Escalated,20
S004531,M00150,2025-07-04,Failed Payment,Resolved,4
S004532,M00784,2024-05-03,Account Access,Pending,16
S004533,M01746,2024-07-02,Failed Payment,Resolved,34
S004534,M01152,2025-04-28,Refund Request,Resolved,8
S004535,M00789,2025-05-09,Fraud Complaint,Escalated,28
S004536,M02210,2024-09-21,Fraud Complaint,Resolved,17
S004537,M02953,2025-04-22,Fraud Complaint,Pending,28
S004538,M02370,2025-02-20,API Integration,Pending,20
S004539,M01620,2024-01-12,Failed Payment,Pending,18
S004540,M01009,2024-12-06,Failed Payment,Resolved,27
S004541,M01470,2024-11-29,KYC Verification,Pending,35
S004542,M01924,2025-03-01,Account Access,Escalated,24
S004543,M02294,2024-01-16,API Integration,Resolved,26
S004544,M00255,2025-02-13,KYC Verification,Pending,29
S004545,M02990,2024-05-05,Refund Request,Escalated,38
S004546,M02701,2024-03-17,Account Access,Escalated,20
S004547,M02643,2025-03-16,KYC Verification,Escalated,26
S004548,M01342,2024-08-24,Failed Payment,Pending,39
S004549,M02519,2024-11-23,Refund Request,Pending,20
S004550,M00633,2025-01-22,API Integration,Resolved,29
S004551,M02431,2025-05-03,Account Access,Escalated,28
S004552,M00947,2025-01-12,Failed Payment,Pending,25
S004553,M02771,2024-08-14,Failed Payment,Resolved,22
S004554,M00729,2024-05-15,Failed Payment,Resolved,23
S004555,M01748,2024-09-26,KYC Verification,Resolved,30
S004556,M02944,2024-01-20,KYC Verification,Resolved,26
S004557,M02354,2025-06-19,Refund Request,Escalated,15
S004558,M01274,2025-04-22,Failed Payment,Resolved,32
S004559,M02509,2024-06-04,KYC Verification,Escalated,32
S004560,M01489,2024-05-13,Refund Request,Escalated,14
S004561,M01198,2024-02-07,Refund Request,Escalated,32
S004562,M02635,2024-05-25,API Integration,Escalated,48
S004563,M02862,2025-06-02,KYC Verification,Pending,24
S004564,M00704,2024-03-31,Failed Payment,Pending,4
S004565,M02181,2024-04-14,API Integration,Escalated,9
S004566,M01682,2024-12-03,Fraud Complaint,Pending,32
S004567,M00808,2025-04-17,Fraud Complaint,Resolved,19
S004568,M01178,2025-06-25,Refund Request,Resolved,19
S004569,M01397,2025-01-24,KYC Verification,Pending,9
S004570,M02341,2025-03-19,Refund Request,Escalated,17
S004571,M01105,2024-12-20,KYC Verification,Pending,24
S004572,M01655,2024-12-03,Account Access,Escalated,22
S004573,M01496,2024-10-19,Account Access,Pending,27
S004574,M01989,2024-12-21,KYC Verification,Resolved,25
S004575,M02160,2025-02-07,Refund Request,Pending,17
S004576,M00429,2024-11-13,Failed Payment,Pending,16
S004577,M01248,2024-11-28,Account Access,Resolved,39
S004578,M00654,2024-03-11,KYC Verification,Pending,35
S004579,M01378,2024-02-16,Refund Request,Resolved,30
S004580,M02302,2024-05-24,Account Access,Escalated,28
S004581,M00852,2024-08-25,Failed Payment,Escalated,6
S004582,M02538,2025-05-09,Failed Payment,Resolved,28
S004583,M01516,2024-03-27,Account Access,Escalated,24
S004584,M00050,2025-07-02,API Integration,Escalated,37
S004585,M02789,2024-01-21,Refund Request,Resolved,22
S004586,M00450,2024-12-04,API Integration,Pending,5
S004587,M02063,2024-06-19,Fraud Complaint,Resolved,23
S004588,M00505,2024-01-25,Account Access,Pending,33
S004589,M01393,2024-09-18,KYC Verification,Escalated,24
S004590,M01051,2025-05-10,Failed Payment,Pending,15
S004591,M00397,2024-10-02,API Integration,Pending,14
S004592,M00622,2025-02-09,Account Access,Pending,17
S004593,M02727,2025-02-10,Account Access,Resolved,24
S004594,M02274,2024-01-22,Failed Payment,Escalated,40
S004595,M00367,2024-08-31,Account Access,Pending,14
S004596,M00682,2024-12-19,API Integration,Escalated,33
S004597,M01149,2024-03-26,Refund Request,Pending,15
S004598,M02443,2025-04-25,API Integration,Resolved,27
S004599,M00727,2025-01-18,KYC Verification,Escalated,31
S004600,M02702,2025-03-16,Failed Payment,Pending,28
S004601,M00375,2024-02-03,Account Access,Resolved,39
S004602,M00746,2025-03-28,API Integration,Escalated,21
S004603,M02646,2025-03-25,Account Access,Pending,18
S004604,M00748,2025-02-09,Account Access,Resolved,27
S004605,M01839,2024-03-23,API Integration,Resolved,25
S004606,M02345,2025-01-21,Fraud Complaint,Pending,13
S004607,M00736,2024-10-23,API Integration,Resolved,40
S004608,M02580,2024-12-06,Account Access,Resolved,10
S004609,M02301,2024-11-01,Failed Payment,Escalated,17
S004610,M01852,2025-04-26,Refund Request,Pending,10
S004611,M01956,2024-04-26,Failed Payment,Escalated,12
S004612,M01113,2025-01-31,Failed Payment,Pending,19
S004613,M02034,2025-03-09,Account Access,Resolved,5
S004614,M01291,2025-05-15,KYC Verification,Escalated,18
S004615,M00029,2024-03-27,API Integration,Resolved,18
S004616,M01766,2025-06-16,Fraud Complaint,Escalated,31
S004617,M02726,2025-06-03,Account Access,Pending,26
S004618,M01488,2025-02-11,Fraud Complaint,Resolved,23
S004619,M00694,2024-08-11,Fraud Complaint,Pending,33
S004620,M01002,2024-01-24,Failed Payment,Pending,30
S004621,M00625,2024-03-20,KYC Verification,Pending,31
S004622,M02246,2025-03-01,API Integration,Resolved,18
S004623,M02979,2025-06-26,Account Access,Resolved,22
S004624,M01919,2024-02-10,KYC Verification,Escalated,27
S004625,M01001,2024-02-02,KYC Verification,Resolved,20
S004626,M01533,2024-04-19,API Integration,Escalated,36
S004627,M00117,2024-10-21,Fraud Complaint,Pending,34
S004628,M00759,2025-05-27,Fraud Complaint,Escalated,21
S004629,M02284,2025-02-20,Account Access,Escalated,24
S004630,M00512,2024-05-05,Failed Payment,Pending,34
S004631,M01717,2025-03-22,Refund Request,Resolved,1
S004632,M00209,2024-03-05,API Integration,Resolved,14
S004633,M00282,2024-11-05,KYC Verification,Pending,21
S004634,M02975,2024-05-01,KYC Verification,Pending,18
S004635,M01587,2024-03-31,API Integration,Resolved,26
S004636,M00705,2024-04-10,Fraud Complaint,Pending,26
S004637,M02980,2025-06-17,Failed Payment,Escalated,5
S004638,M00034,2024-04-20,Fraud Complaint,Escalated,20
S004639,M02749,2024-09-12,Account Access,Escalated,18
S004640,M01740,2025-03-17,Fraud Complaint,Pending,35
S004641,M01913,2025-04-11,Refund Request,Escalated,33
S004642,M02678,2025-03-15,Failed Payment,Resolved,9
S004643,M00324,2024-06-25,Refund Request,Resolved,22
S004644,M02144,2024-04-01,Refund Request,Escalated,3
S004645,M02670,2025-06-19,Failed Payment,Escalated,19
S004646,M00963,2025-04-27,KYC Verification,Pending,30
S004647,M00350,2025-01-19,Failed Payment,Resolved,12
S004648,M00453,2024-07-01,Refund Request,Pending,25
S004649,M00951,2024-04-17,Refund Request,Escalated,18
S004650,M02987,2025-07-04,KYC Verification,Escalated,14
S004651,M02324,2024-10-25,Fraud Complaint,Escalated,8
S004652,M01064,2024-04-28,Refund Request,Escalated,9
S004653,M00709,2024-10-04,Fraud Complaint,Escalated,19
S004654,M00848,2024-06-19,API Integration,Resolved,48
S004655,M00691,2024-12-15,Fraud Complaint,Pending,15
S004656,M01739,2024-05-03,Account Access,Pending,16
S004657,M00175,2024-01-23,Account Access,Escalated,29
S004658,M01555,2025-04-14,Fraud Complaint,Pending,17
S004659,M00466,2024-11-21,Fraud Complaint,Escalated,25
S004660,M00992,2024-05-28,Account Access,Pending,37
S004661,M00808,2024-01-20,Fraud Complaint,Escalated,25
S004662,M02765,2024-11-17,Failed Payment,Pending,17
S004663,M02632,2025-03-27,Refund Request,Pending,39
S004664,M01660,2024-09-12,Failed Payment,Escalated,35
S004665,M00651,2024-11-29,Fraud Complaint,Resolved,30
S004666,M02024,2025-02-18,KYC Verification,Pending,31
S004667,M01853,2024-11-05,Refund Request,Pending,27
S004668,M00527,2024-09-17,Fraud Complaint,Resolved,17
S004669,M00121,2024-04-18,API Integration,Escalated,36
S004670,M01943,2025-01-23,Account Access,Pending,16
S004671,M01146,2024-12-14,Account Access,Escalated,1
S004672,M02762,2024-11-30,Refund Request,Escalated,33
S004673,M02978,2024-12-15,API Integration,Escalated,11
S004674,M00504,2024-05-05,KYC Verification,Resolved,8
S004675,M01807,2024-06-19,Refund Request,Pending,16
S004676,M00588,2024-10-22,Refund Request,Escalated,38
S004677,M01266,2024-05-13,Failed Payment,Pending,19
S004678,M00037,2025-06-08,Account Access,Pending,27
S004679,M00854,2025-04-05,Account Access,Pending,42
S004680,M00281,2024-09-01,KYC Verification,Escalated,15
S004681,M01839,2025-06-08,Refund Request,Pending,27
S004682,M02760,2024-09-20,Refund Request,Escalated,26
S004683,M00801,2024-11-09,Refund Request,Escalated,30
S004684,M01827,2025-03-15,Account Access,Resolved,30
S004685,M02642,2025-05-29,Refund Request,Pending,22
S004686,M01460,2024-01-17,Fraud Complaint,Escalated,14
S004687,M02865,2024-12-20,Refund Request,Escalated,28
S004688,M01758,2024-11-20,Failed Payment,Resolved,3
S004689,M01524,2024-08-25,Account Access,Resolved,36
S004690,M01978,2024-03-04,Failed Payment,Escalated,25
S004691,M02501,2024-09-24,Failed Payment,Pending,26
S004692,M02802,2024-07-16,Fraud Complaint,Escalated,20
S004693,M00339,2024-02-02,Fraud Complaint,Pending,19
S004694,M01767,2024-05-29,Refund Request,Resolved,30
S004695,M00509,2024-02-16,API Integration,Pending,18
S004696,M01461,2024-06-26,Account Access,Resolved,17
S004697,M01492,2025-04-14,API Integration,Pending,27
S004698,M00919,2024-02-03,API Integration,Pending,20
S004699,M01808,2025-04-27,Fraud Complaint,Pending,17
S004700,M01331,2024-07-28,Refund Request,Resolved,27
S004701,M02507,2024-05-16,API Integration,Escalated,41
S004702,M02973,2024-06-03,API Integration,Escalated,43
S004703,M02516,2024-08-27,Account Access,Pending,17
S004704,M02832,2024-11-27,Account Access,Escalated,24
S004705,M01464,2024-04-13,Refund Request,Pending,23
S004706,M02691,2025-03-26,Account Access,Escalated,21
S004707,M01635,2025-05-02,KYC Verification,Resolved,29
S004708,M02773,2024-06-27,KYC Verification,Resolved,27
S004709,M02290,2024-12-01,Failed Payment,Escalated,27
S004710,M00609,2025-07-03,Fraud Complaint,Resolved,21
S004711,M00708,2025-02-28,Failed Payment,Escalated,27
S004712,M02917,2024-01-02,KYC Verification,Escalated,19
S004713,M00836,2024-07-05,API Integration,Pending,16
S004714,M01942,2024-11-13,Account Access,Escalated,47
S004715,M01471,2024-04-08,API Integration,Escalated,42
S004716,M01160,2024-11-16,Account Access,Pending,24
S004717,M02546,2024-04-29,API Integration,Resolved,36
S004718,M00951,2024-09-26,Refund Request,Resolved,23
S004719,M00512,2025-05-16,Account Access,Pending,16
S004720,M01140,2024-06-06,Fraud Complaint,Pending,24
S004721,M01354,2025-01-13,KYC Verification,Escalated,24
S004722,M01541,2025-06-16,API Integration,Pending,19
S004723,M02267,2025-02-01,Fraud Complaint,Resolved,9
S004724,M00874,2024-11-11,Account Access,Pending,20
S004725,M00252,2025-06-21,KYC Verification,Escalated,22
S004726,M01361,2025-05-14,Refund Request,Resolved,14
S004727,M01564,2025-04-01,API Integration,Pending,11
S004728,M02491,2025-02-06,Account Access,Resolved,18
S004729,M00822,2024-10-17,Fraud Complaint,Pending,30
S004730,M00743,2024-01-06,API Integration,Escalated,22
S004731,M00603,2025-03-10,Failed Payment,Resolved,22
S004732,M01401,2025-05-09,Refund Request,Resolved,24
S004733,M00979,2025-06-05,Failed Payment,Resolved,17
S004734,M00938,2024-10-09,Failed Payment,Resolved,30
S004735,M00307,2025-01-12,Failed Payment,Resolved,29
S004736,M00254,2024-03-19,API Integration,Pending,22
S004737,M01594,2024-04-05,Refund Request,Pending,25
S004738,M01249,2025-04-09,API Integration,Escalated,22
S004739,M00412,2025-01-13,Failed Payment,Pending,32
S004740,M01150,2024-02-15,API Integration,Pending,9
S004741,M00424,2024-12-13,KYC Verification,Pending,27
S004742,M01171,2025-04-27,Account Access,Escalated,20
S004743,M01440,2024-06-05,KYC Verification,Escalated,25
S004744,M02632,2024-03-18,Failed Payment,Resolved,21
S004745,M01829,2024-04-18,Account Access,Escalated,24
S004746,M00073,2024-04-15,Refund Request,Resolved,26
S004747,M01283,2024-05-28,KYC Verification,Escalated,21
S004748,M00350,2024-08-12,API Integration,Escalated,34
S004749,M00232,2024-03-11,Account Access,Pending,27
S004750,M02708,2025-01-09,API Integration,Escalated,26
S004751,M00705,2025-04-15,API Integration,Pending,20
S004752,M00211,2024-02-14,Account Access,Pending,15
S004753,M00860,2024-10-01,Failed Payment,Pending,46
S004754,M00106,2025-01-08,API Integration,Pending,41
S004755,M00301,2024-01-25,API Integration,Pending,16
S004756,M00772,2024-12-22,Failed Payment,Pending,5
S004757,M02502,2025-03-13,Failed Payment,Escalated,31
S004758,M00980,2025-01-21,API Integration,Resolved,25
S004759,M00115,2024-07-22,Account Access,Resolved,14
S004760,M00836,2025-03-05,Account Access,Pending,10
S004761,M00704,2024-09-21,Fraud Complaint,Pending,8
S004762,M02345,2024-06-19,Account Access,Resolved,18
S004763,M02271,2024-08-22,KYC Verification,Escalated,30
S004764,M00195,2025-02-24,Failed Payment,Pending,33
S004765,M02629,2024-08-28,KYC Verification,Resolved,35
S004766,M00795,2024-10-25,KYC Verification,Pending,24
S004767,M01907,2024-10-26,Failed Payment,Resolved,19
S004768,M00494,2025-04-25,KYC Verification,Pending,8
S004769,M00714,2024-07-20,Account Access,Pending,45
S004770,M02393,2024-05-12,Failed Payment,Escalated,20
S004771,M02528,2024-10-22,Failed Payment,Pending,20
S004772,M02948,2024-01-24,KYC Verification,Resolved,14
S004773,M01256,2024-11-23,Failed Payment,Pending,22
S004774,M01507,2024-12-02,Fraud Complaint,Resolved,16
S004775,M00671,2024-09-21,KYC Verification,Escalated,11
S004776,M01112,2024-07-13,KYC Verification,Pending,14
S004777,M02759,2025-04-09,Failed Payment,Pending,12
S004778,M02096,2024-12-25,Failed Payment,Escalated,26
S004779,M01214,2024-09-04,Fraud Complaint,Escalated,1
S004780,M01053,2024-03-04,Account Access,Escalated,21
S004781,M01616,2025-05-09,Account Access,Escalated,22
S004782,M02445,2024-07-29,KYC Verification,Pending,16
S004783,M02959,2024-12-18,Account Access,Pending,24
S004784,M00790,2024-12-28,Fraud Complaint,Escalated,27
S004785,M01241,2025-04-02,KYC Verification,Resolved,16
S004786,M01976,2024-08-21,Fraud Complaint,Pending,25
S004787,M01163,2024-06-02,KYC Verification,Escalated,31
S004788,M02649,2024-11-03,KYC Verification,Escalated,6
S004789,M01277,2024-10-14,API Integration,Escalated,9
S004790,M01360,2024-01-10,Refund Request,Pending,19
S004791,M01611,2025-03-04,Fraud Complaint,Pending,22
S004792,M00369,2025-05-24,Failed Payment,Pending,17
S004793,M00942,2024-09-07,Account Access,Pending,28
S004794,M01975,2025-03-23,API Integration,Pending,28
S004795,M01935,2024-11-01,Refund Request,Resolved,10
S004796,M01357,2024-09-26,Refund Request,Resolved,41
S004797,M01456,2025-04-14,API Integration,Pending,33
S004798,M01502,2024-09-10,Fraud Complaint,Escalated,35
S004799,M01811,2025-03-23,Fraud Complaint,Pending,29
S004800,M01255,2025-06-17,Fraud Complaint,Escalated,8
S004801,M00634,2024-03-21,Fraud Complaint,Resolved,21
S004802,M02419,2024-03-11,KYC Verification,Resolved,30
S004803,M01010,2024-12-01,Account Access,Escalated,24
S004804,M00775,2025-02-12,KYC Verification,Pending,27
S004805,M02486,2024-02-07,Account Access,Escalated,26
S004806,M02864,2024-03-18,API Integration,Resolved,41
S004807,M01335,2025-03-02,Failed Payment,Escalated,35
S004808,M01252,2024-12-17,API Integration,Escalated,13
S004809,M01435,2024-04-14,Failed Payment,Pending,21
S004810,M02367,2024-03-17,KYC Verification,Escalated,20
S004811,M00055,2024-08-14,Account Access,Pending,39
S004812,M02184,2024-12-17,Refund Request,Escalated,26
S004813,M00381,2025-01-24,Failed Payment,Resolved,23
S004814,M02992,2025-04-14,Account Access,Pending,18
S004815,M02791,2024-05-30,Failed Payment,Pending,21
S004816,M01908,2025-04-01,KYC Verification,Escalated,14
S004817,M02980,2024-04-25,Failed Payment,Escalated,36
S004818,M01195,2025-06-28,API Integration,Escalated,29
S004819,M02094,2025-05-28,API Integration,Resolved,26
S004820,M02100,2024-12-20,Refund Request,Escalated,44
S004821,M02854,2025-02-07,Refund Request,Pending,32
S004822,M01254,2025-02-16,KYC Verification,Resolved,3
S004823,M01546,2024-03-24,API Integration,Resolved,39
S004824,M01302,2024-10-22,KYC Verification,Escalated,39
S004825,M01091,2024-09-12,API Integration,Escalated,14
S004826,M00053,2025-02-07,Fraud Complaint,Resolved,27
S004827,M02036,2024-04-26,Account Access,Escalated,19
S004828,M02500,2025-06-12,Account Access,Resolved,30
S004829,M02915,2025-04-05,KYC Verification,Pending,23
S004830,M00764,2024-02-14,API Integration,Escalated,29
S004831,M01097,2024-07-18,API Integration,Pending,30
S004832,M00410,2025-01-29,Fraud Complaint,Resolved,20
S004833,M00048,2025-05-13,Refund Request,Pending,3
S004834,M00514,2025-01-16,KYC Verification,Escalated,26
S004835,M02359,2024-05-11,Refund Request,Resolved,24
S004836,M02651,2025-04-28,Refund Request,Pending,28
S004837,M00427,2025-06-20,API Integration,Resolved,24
S004838,M00331,2024-03-14,Account Access,Pending,32
S004839,M01572,2024-12-25,API Integration,Escalated,25
S004840,M02046,2024-02-19,KYC Verification,Resolved,24
S004841,M01005,2024-01-09,API Integration,Escalated,47
S004842,M02967,2024-01-26,KYC Verification,Resolved,18
S004843,M00346,2024-06-26,Failed Payment,Pending,28
S004844,M01900,2025-01-23,Failed Payment,Resolved,22
S004845,M02586,2025-05-08,Fraud Complaint,Pending,5
S004846,M00082,2024-02-15,Fraud Complaint,Pending,37
S004847,M00662,2025-02-15,Account Access,Pending,15
S004848,M02265,2024-08-26,Refund Request,Resolved,9
S004849,M00543,2025-02-12,Failed Payment,Resolved,14
S004850,M02301,2025-04-15,Fraud Complaint,Escalated,28
S004851,M02108,2024-03-08,Failed Payment,Escalated,21
S004852,M01983,2024-10-14,API Integration,Escalated,20
S004853,M02654,2024-09-10,API Integration,Resolved,27
S004854,M00651,2024-10-24,KYC Verification,Pending,29
S004855,M02516,2024-02-04,Fraud Complaint,Pending,32
S004856,M01021,2024-07-19,KYC Verification,Pending,37
S004857,M01557,2024-09-05,Account Access,Resolved,29
S004858,M00876,2024-01-03,Fraud Complaint,Pending,13
S004859,M00785,2024-04-01,Fraud Complaint,Escalated,18
S004860,M01701,2025-02-12,API Integration,Resolved,5
S004861,M00437,2024-09-20,Account Access,Pending,8
S004862,M02849,2024-10-09,Fraud Complaint,Resolved,33
S004863,M00602,2024-11-09,KYC Verification,Escalated,18
S004864,M02441,2025-01-20,Refund Request,Escalated,30
S004865,M01570,2024-10-08,Fraud Complaint,Pending,25
S004866,M00727,2024-12-08,Fraud Complaint,Escalated,26
S004867,M01676,2024-07-29,Fraud Complaint,Pending,29
S004868,M02976,2024-12-05,API Integration,Pending,35
S004869,M00717,2025-04-23,Fraud Complaint,Escalated,8
S004870,M01661,2024-11-27,Refund Request,Pending,39
S004871,M02149,2024-11-28,Failed Payment,Resolved,19
S004872,M02409,2024-12-20,KYC Verification,Escalated,20
S004873,M02166,2025-02-18,Failed Payment,Resolved,41
S004874,M00843,2024-02-06,Refund Request,Resolved,24
S004875,M02699,2025-04-21,KYC Verification,Escalated,25
S004876,M01605,2024-03-14,Refund Request,Escalated,16
S004877,M02219,2025-04-04,Account Access,Pending,5
S004878,M00810,2024-01-12,Failed Payment,Resolved,17
S004879,M01662,2024-08-07,KYC Verification,Resolved,35
S004880,M01462,2025-01-27,Failed Payment,Resolved,38
S004881,M01272,2024-12-21,Failed Payment,Resolved,16
S004882,M01927,2025-06-01,Account Access,Escalated,35
S004883,M01548,2024-02-03,Failed Payment,Pending,17
S004884,M01907,2024-10-22,Refund Request,Escalated,15
S004885,M00821,2025-06-30,API Integration,Resolved,29
S004886,M02736,2024-11-09,Fraud Complaint,Escalated,47
S004887,M00329,2025-06-01,Failed Payment,Resolved,25
S004888,M00258,2024-01-13,Failed Payment,Resolved,32
S004889,M00683,2024-01-12,KYC Verification,Pending,19
S004890,M01935,2024-12-11,KYC Verification,Resolved,26
S004891,M02705,2024-12-24,Refund Request,Resolved,24
S004892,M02614,2025-02-02,Refund Request,Resolved,3
S004893,M00085,2025-06-16,KYC Verification,Pending,41
S004894,M01591,2024-12-26,KYC Verification,Pending,23
S004895,M02145,2024-10-20,Refund Request,Resolved,30
S004896,M02021,2025-05-21,Account Access,Escalated,10
S004897,M00333,2024-11-17,KYC Verification,Escalated,24
S004898,M00009,2025-06-07,Fraud Complaint,Pending,15
S004899,M00483,2024-09-07,API Integration,Escalated,30
S004900,M00413,2024-02-11,Refund Request,Escalated,25
S004901,M00454,2024-03-26,KYC Verification,Resolved,10
S004902,M02662,2024-10-20,Account Access,Resolved,17
S004903,M02680,2024-07-20,Refund Request,Escalated,27
S004904,M02415,2024-01-17,Fraud Complaint,Pending,16
S004905,M00676,2024-09-19,Refund Request,Escalated,29
S004906,M00265,2025-03-25,Fraud Complaint,Pending,25
S004907,M02723,2025-02-18,API Integration,Pending,22
S004908,M00117,2024-01-08,KYC Verification,Pending,27
S004909,M02660,2024-11-06,Failed Payment,Escalated,9
S004910,M01730,2024-04-08,Fraud Complaint,Escalated,26
S004911,M01426,2024-12-18,Fraud Complaint,Pending,19
S004912,M00913,2024-01-01,Failed Payment,Resolved,23
S004913,M00690,2024-10-24,API Integration,Pending,43
S004914,M01552,2025-04-12,API Integration,Escalated,30
S004915,M00865,2025-03-05,KYC Verification,Resolved,25
S004916,M01098,2024-12-26,Account Access,Escalated,29
S004917,M01218,2024-11-17,Account Access,Escalated,14
S004918,M00342,2024-10-01,Refund Request,Pending,34
S004919,M00608,2024-09-17,Account Access,Resolved,14
S004920,M01864,2025-02-13,KYC Verification,Pending,34
S004921,M02378,2025-03-14,Failed Payment,Pending,18
S004922,M01430,2024-01-18,KYC Verification,Escalated,19
S004923,M02128,2024-09-22,Refund Request,Resolved,23
S004924,M03000,2025-06-14,Refund Request,Escalated,15
S004925,M02963,2025-03-17,Fraud Complaint,Resolved,32
S004926,M00728,2025-03-19,Account Access,Escalated,15
S004927,M02600,2024-12-08,Account Access,Pending,16
S004928,M00328,2024-11-09,Refund Request,Escalated,10
S004929,M00587,2025-03-28,API Integration,Escalated,37
S004930,M02190,2024-12-15,Refund Request,Resolved,1
S004931,M02486,2024-02-24,Refund Request,Escalated,35
S004932,M01616,2024-03-06,Failed Payment,Pending,13
S004933,M01280,2024-02-23,API Integration,Resolved,29
S004934,M02508,2024-12-16,API Integration,Pending,19
S004935,M01132,2024-11-19,Refund Request,Pending,17
S004936,M01407,2024-07-01,Fraud Complaint,Resolved,14
S004937,M01594,2024-02-29,Fraud Complaint,Escalated,22
S004938,M02719,2025-05-24,Fraud Complaint,Resolved,18
S004939,M00686,2024-09-06,KYC Verification,Pending,22
S004940,M01581,2025-04-17,Failed Payment,Escalated,22
S004941,M02895,2024-02-14,Failed Payment,Escalated,13
S004942,M02571,2024-05-01,Fraud Complaint,Resolved,17
S004943,M01828,2025-06-21,KYC Verification,Resolved,19
S004944,M02633,2024-06-11,Fraud Complaint,Escalated,1
S004945,M00038,2025-02-16,Failed Payment,Escalated,23
S004946,M01509,2025-04-09,Failed Payment,Resolved,30
S004947,M01748,2025-05-11,Failed Payment,Escalated,27
S004948,M00713,2024-09-22,Account Access,Resolved,22
S004949,M00841,2025-03-20,Refund Request,Escalated,43
S004950,M00620,2024-07-13,Account Access,Pending,30
S004951,M02685,2025-03-24,Fraud Complaint,Pending,24
S004952,M00357,2025-06-05,Fraud Complaint,Escalated,1
S004953,M02260,2025-02-26,Account Access,Escalated,16
S004954,M00295,2024-01-21,Account Access,Pending,37
S004955,M00579,2024-12-09,KYC Verification,Escalated,11
S004956,M02166,2025-03-05,Fraud Complaint,Escalated,45
S004957,M01011,2024-11-05,Failed Payment,Escalated,19
S004958,M01159,2024-06-17,API Integration,Escalated,39
S004959,M01648,2024-11-23,API Integration,Escalated,35
S004960,M01854,2024-07-31,Refund Request,Resolved,9
S004961,M02907,2025-05-13,Failed Payment,Pending,19
S004962,M02450,2024-03-25,KYC Verification,Resolved,12
S004963,M02959,2025-06-12,Account Access,Pending,20
S004964,M00654,2024-08-19,Fraud Complaint,Pending,10
S004965,M00709,2025-02-06,Fraud Complaint,Escalated,27
S004966,M02618,2024-12-09,Account Access,Resolved,28
S004967,M02375,2024-11-25,Fraud Complaint,Pending,7
S004968,M02867,2025-03-01,KYC Verification,Pending,36
S004969,M00505,2024-02-07,Refund Request,Pending,19
S004970,M01187,2024-07-28,API Integration,Resolved,22
S004971,M01402,2024-09-26,Account Access,Escalated,27
S004972,M01333,2025-04-23,Fraud Complaint,Escalated,17
S004973,M02247,2025-05-13,Refund Request,Resolved,23
S004974,M02725,2025-03-23,Account Access,Escalated,29
S004975,M00032,2025-04-27,Fraud Complaint,Escalated,24
S004976,M02306,2025-01-29,Refund Request,Pending,22
S004977,M01171,2024-11-23,KYC Verification,Resolved,30
S004978,M00887,2024-10-27,Refund Request,Pending,26
S004979,M02153,2025-06-09,Account Access,Resolved,41
S004980,M02338,2024-10-13,Failed Payment,Resolved,23
S004981,M00796,2024-06-14,Refund Request,Escalated,23
S004982,M01506,2024-12-29,Refund Request,Pending,32
S004983,M02397,2025-07-02,Account Access,Pending,24
S004984,M01787,2024-03-09,Fraud Complaint,Escalated,29
S004985,M01435,2025-03-11,Fraud Complaint,Pending,22
S004986,M00668,2025-05-05,Account Access,Resolved,37
S004987,M02470,2024-05-04,Refund Request,Pending,22
S004988,M01950,2024-11-29,Account Access,Resolved,20
S004989,M00897,2024-09-14,KYC Verification,Resolved,18
S004990,M02249,2025-06-17,Refund Request,Resolved,14
S004991,M02007,2024-02-15,Refund Request,Escalated,16
S004992,M01812,2024-05-08,Account Access,Resolved,7
S004993,M02484,2024-04-21,Account Access,Pending,28
S004994,M02371,2025-05-12,Refund Request,Resolved,28
S004995,M02495,2024-12-04,Refund Request,Pending,6
S004996,M02220,2024-12-26,API Integration,Resolved,24
S004997,M01858,2024-08-21,API Integration,Escalated,42
S004998,M02349,2025-02-07,KYC Verification,Resolved,21
S004999,M00408,2025-03-23,Account Access,Resolved,19
S005000,M01363,2024-10-23,Account Access,Escalated,33
S005001,M02074,2024-06-05,Account Access,Resolved,17
S005002,M01661,2024-01-15,Refund Request,Resolved,39
S005003,M02581,2024-07-22,Refund Request,Pending,16
S005004,M01560,2024-03-02,Account Access,Resolved,11
S005005,M02110,2025-02-22,API Integration,Resolved,23
S005006,M00083,2024-01-10,Refund Request,Escalated,21
S005007,M01866,2024-08-08,KYC Verification,Escalated,21
S005008,M02461,2024-10-09,API Integration,Pending,21
S005009,M02707,2024-02-08,Failed Payment,Resolved,10
S005010,M02815,2024-12-20,Refund Request,Resolved,23
S005011,M01995,2024-06-13,Fraud Complaint,Escalated,22
S005012,M01398,2024-07-30,Fraud Complaint,Escalated,27
S005013,M02996,2024-02-08,KYC Verification,Escalated,29
S005014,M02025,2024-08-09,Failed Payment,Resolved,18
S005015,M01005,2025-02-16,Refund Request,Resolved,17
S005016,M00101,2025-06-03,Fraud Complaint,Escalated,19
S005017,M02111,2024-01-22,Refund Request,Escalated,21
S005018,M02011,2025-03-26,KYC Verification,Pending,45
S005019,M00038,2024-09-22,API Integration,Resolved,37
S005020,M01656,2024-12-10,API Integration,Resolved,23
S005021,M00769,2025-01-25,API Integration,Pending,6
S005022,M00772,2024-07-25,Fraud Complaint,Pending,44
S005023,M01998,2024-12-07,Account Access,Escalated,28
S005024,M00363,2024-06-10,Failed Payment,Pending,23
S005025,M00901,2024-10-31,Fraud Complaint,Escalated,36
S005026,M00121,2024-11-02,API Integration,Escalated,29
S005027,M00721,2025-01-24,Fraud Complaint,Escalated,10
S005028,M00784,2024-12-26,Account Access,Pending,44
S005029,M00371,2024-12-06,Failed Payment,Pending,19
S005030,M01679,2024-08-31,API Integration,Resolved,17
S005031,M01251,2025-04-30,API Integration,Escalated,40
S005032,M01288,2025-05-27,Failed Payment,Resolved,22
S005033,M00315,2024-07-17,Failed Payment,Escalated,29
S005034,M01804,2024-03-22,Fraud Complaint,Pending,36
S005035,M02144,2024-08-23,Account Access,Pending,20
S005036,M00098,2024-12-25,Failed Payment,Escalated,25
S005037,M01632,2024-11-05,Refund Request,Resolved,31
S005038,M00341,2024-03-24,Failed Payment,Pending,24
S005039,M00632,2025-06-13,API Integration,Resolved,27
S005040,M00799,2025-03-17,Account Access,Pending,26
S005041,M01327,2024-02-03,KYC Verification,Resolved,28
S005042,M02952,2024-10-20,API Integration,Resolved,20
S005043,M02774,2024-10-19,API Integration,Pending,35
S005044,M00555,2024-11-05,Refund Request,Pending,6
S005045,M02621,2024-09-29,Failed Payment,Resolved,18
S005046,M00092,2024-08-10,Refund Request,Escalated,37
S005047,M02173,2025-03-09,Refund Request,Escalated,1
S005048,M01028,2024-01-13,KYC Verification,Escalated,28
S005049,M00155,2024-03-15,Refund Request,Escalated,24
S005050,M02633,2024-12-11,Fraud Complaint,Resolved,22
S005051,M00221,2024-05-20,Refund Request,Escalated,16
S005052,M02901,2024-03-14,API Integration,Pending,29
S005053,M02710,2024-11-19,Failed Payment,Pending,4
S005054,M02478,2024-04-09,KYC Verification,Pending,13
S005055,M02521,2025-05-19,KYC Verification,Escalated,3
S005056,M00036,2025-04-02,Refund Request,Pending,23
S005057,M02678,2024-04-28,Failed Payment,Pending,18
S005058,M01860,2025-02-09,Account Access,Pending,23
S005059,M01280,2024-02-15,Account Access,Pending,53
S005060,M02312,2025-04-01,API Integration,Pending,21
S005061,M00405,2024-11-01,API Integration,Pending,23
S005062,M02739,2025-06-10,Fraud Complaint,Escalated,21
S005063,M02317,2024-11-24,Account Access,Resolved,39
S005064,M01533,2025-05-02,Account Access,Resolved,26
S005065,M01670,2025-02-13,Refund Request,Escalated,22
S005066,M02432,2024-04-08,KYC Verification,Pending,26
S005067,M01503,2025-01-16,API Integration,Escalated,14
S005068,M01504,2025-02-02,Failed Payment,Pending,31
S005069,M01787,2025-05-03,Fraud Complaint,Escalated,23
S005070,M00739,2025-03-03,Failed Payment,Pending,12
S005071,M02153,2024-01-27,Account Access,Escalated,13
S005072,M01532,2024-04-13,Fraud Complaint,Escalated,31
S005073,M00656,2025-04-15,Failed Payment,Resolved,11
S005074,M00234,2024-07-13,API Integration,Resolved,34
S005075,M00628,2024-04-23,Refund Request,Pending,33
S005076,M02405,2025-06-05,Failed Payment,Escalated,43
S005077,M01767,2025-07-03,API Integration,Resolved,9
S005078,M01443,2024-03-25,Failed Payment,Resolved,35
S005079,M01545,2024-05-19,Fraud Complaint,Escalated,37
S005080,M02760,2025-05-03,Account Access,Resolved,27
S005081,M02227,2024-01-27,Fraud Complaint,Escalated,1
S005082,M01288,2024-04-22,Fraud Complaint,Escalated,21
S005083,M00057,2024-01-08,Refund Request,Resolved,15
S005084,M01228,2024-05-05,Failed Payment,Escalated,36
S005085,M01506,2025-05-01,API Integration,Resolved,23
S005086,M00994,2025-02-26,Fraud Complaint,Pending,9
S005087,M02116,2024-09-29,Fraud Complaint,Resolved,18
S005088,M00759,2024-07-29,Failed Payment,Resolved,29
S005089,M00234,2024-03-18,Failed Payment,Pending,16
S005090,M01076,2025-03-30,API Integration,Pending,23
S005091,M02050,2025-04-05,Fraud Complaint,Pending,42
S005092,M00517,2024-03-26,Refund Request,Resolved,22
S005093,M02456,2025-05-07,Account Access,Resolved,22
S005094,M00745,2024-03-30,API Integration,Resolved,20
S005095,M02357,2025-03-30,API Integration,Escalated,24
S005096,M02614,2025-06-26,Fraud Complaint,Resolved,34
S005097,M01594,2024-05-09,Refund Request,Resolved,13
S005098,M01279,2024-11-06,Failed Payment,Escalated,21
S005099,M00679,2024-12-01,Account Access,Pending,44
S005100,M00857,2024-09-16,API Integration,Resolved,27
S005101,M00783,2024-05-01,Failed Payment,Resolved,19
S005102,M00487,2024-06-19,Refund Request,Resolved,31
S005103,M01698,2024-09-01,KYC Verification,Escalated,39
S005104,M01871,2025-06-17,KYC Verification,Pending,8
S005105,M01979,2024-06-20,KYC Verification,Escalated,22
S005106,M00190,2025-07-01,Fraud Complaint,Resolved,26
S005107,M00523,2024-02-26,Failed Payment,Pending,26
S005108,M00041,2025-06-13,Account Access,Escalated,22
S005109,M00163,2025-06-29,Fraud Complaint,Escalated,18
S005110,M01015,2024-08-08,Account Access,Pending,1
S005111,M01576,2024-01-23,Failed Payment,Resolved,25
S005112,M01296,2024-01-04,KYC Verification,Resolved,20
S005113,M01710,2024-05-03,Failed Payment,Escalated,12
S005114,M02926,2024-07-10,API Integration,Escalated,35
S005115,M02788,2024-06-17,Failed Payment,Resolved,18
S005116,M00306,2024-03-09,KYC Verification,Pending,14
S005117,M02992,2024-08-23,Failed Payment,Escalated,44
S005118,M01052,2024-06-03,Failed Payment,Escalated,41
S005119,M02071,2024-02-20,Failed Payment,Escalated,21
S005120,M00920,2025-01-18,KYC Verification,Pending,30
S005121,M00976,2025-04-07,Refund Request,Resolved,27
S005122,M01713,2024-05-28,KYC Verification,Resolved,4
S005123,M02231,2025-02-05,API Integration,Resolved,23
S005124,M01220,2025-06-16,Account Access,Escalated,34
S005125,M00560,2025-02-26,API Integration,Resolved,27
S005126,M00955,2025-02-26,API Integration,Resolved,28
S005127,M00780,2025-01-01,API Integration,Resolved,55
S005128,M02828,2024-12-17,Refund Request,Escalated,39
S005129,M02564,2024-11-01,KYC Verification,Escalated,37
S005130,M02133,2024-04-05,Refund Request,Pending,25
S005131,M00966,2024-12-27,Failed Payment,Pending,3
S005132,M00438,2024-10-24,API Integration,Escalated,33
S005133,M01913,2025-01-12,Refund Request,Pending,30
S005134,M00351,2024-07-06,Fraud Complaint,Pending,24
S005135,M02210,2025-04-29,Refund Request,Pending,25
S005136,M02747,2024-08-04,KYC Verification,Pending,11
S005137,M02760,2024-10-15,Failed Payment,Resolved,17
S005138,M02465,2024-08-21,KYC Verification,Pending,18
S005139,M00878,2024-01-16,Fraud Complaint,Escalated,18
S005140,M00058,2025-03-15,Refund Request,Escalated,28
S005141,M01423,2025-05-29,Account Access,Resolved,23
S005142,M00874,2024-12-03,Account Access,Escalated,24
S005143,M01300,2024-11-16,Failed Payment,Pending,29
S005144,M02583,2025-03-01,Failed Payment,Resolved,2
S005145,M02366,2024-05-04,Refund Request,Escalated,18
S005146,M00165,2024-04-02,Failed Payment,Pending,22
S005147,M02669,2024-02-03,Fraud Complaint,Pending,2
S005148,M01226,2025-03-09,Refund Request,Escalated,13
S005149,M01957,2024-07-31,API Integration,Resolved,17
S005150,M01977,2024-02-01,KYC Verification,Resolved,26
S005151,M00425,2024-07-28,Refund Request,Pending,16
S005152,M02568,2024-09-03,KYC Verification,Pending,1
S005153,M02546,2025-05-22,Fraud Complaint,Resolved,15
S005154,M01350,2024-03-23,KYC Verification,Pending,12
S005155,M02953,2024-09-30,Account Access,Escalated,15
S005156,M01197,2024-07-03,API Integration,Resolved,28
S005157,M01310,2025-04-05,Failed Payment,Escalated,21
S005158,M02962,2024-09-18,Fraud Complaint,Resolved,27
S005159,M02021,2025-03-25,API Integration,Escalated,43
S005160,M01400,2024-12-27,Failed Payment,Pending,32
S005161,M02445,2024-04-04,Refund Request,Resolved,25
S005162,M00062,2025-01-06,Fraud Complaint,Escalated,15
S005163,M02073,2024-12-11,Refund Request,Escalated,10
S005164,M02843,2025-04-19,Refund Request,Resolved,30
S005165,M02586,2025-01-14,Failed Payment,Escalated,7
S005166,M00245,2025-06-05,API Integration,Pending,23
S005167,M01409,2024-01-02,KYC Verification,Resolved,2
S005168,M00487,2024-03-09,KYC Verification,Resolved,25
S005169,M00395,2024-02-22,Fraud Complaint,Escalated,25
S005170,M01029,2025-03-09,Account Access,Pending,31
S005171,M02336,2025-05-29,Account Access,Resolved,27
S005172,M02448,2024-04-17,API Integration,Escalated,26
S005173,M00603,2024-01-31,Refund Request,Escalated,1
S005174,M00881,2024-04-20,Refund Request,Pending,18
S005175,M02946,2024-01-12,Refund Request,Pending,6
S005176,M02475,2024-09-13,Failed Payment,Resolved,11
S005177,M02946,2024-04-16,Refund Request,Escalated,27
S005178,M02858,2024-01-09,Fraud Complaint,Escalated,29
S005179,M00648,2024-12-23,KYC Verification,Resolved,16
S005180,M00395,2024-05-27,Failed Payment,Resolved,19
S005181,M00661,2025-04-02,Fraud Complaint,Escalated,22
S005182,M00009,2024-08-21,API Integration,Escalated,19
S005183,M02467,2024-04-21,API Integration,Escalated,30
S005184,M02666,2024-10-29,Fraud Complaint,Pending,27
S005185,M01667,2024-05-22,Refund Request,Pending,13
S005186,M00266,2024-08-04,KYC Verification,Resolved,20
S005187,M02760,2024-07-11,Failed Payment,Resolved,17
S005188,M02797,2024-02-08,Failed Payment,Escalated,7
S005189,M00053,2025-06-07,KYC Verification,Resolved,16
S005190,M01036,2024-07-25,API Integration,Escalated,17
S005191,M02591,2025-04-24,KYC Verification,Pending,40
S005192,M01499,2025-04-15,Failed Payment,Pending,24
S005193,M01543,2024-03-18,Fraud Complaint,Escalated,30
S005194,M00686,2024-10-14,Account Access,Escalated,17
S005195,M00455,2025-06-22,Failed Payment,Resolved,37
S005196,M00764,2025-06-17,Refund Request,Pending,16
S005197,M00623,2024-09-06,KYC Verification,Escalated,25
S005198,M00104,2024-06-26,Account Access,Resolved,28
S005199,M00517,2025-04-08,API Integration,Escalated,42
S005200,M00517,2024-12-31,KYC Verification,Pending,24
S005201,M00476,2024-05-29,API Integration,Escalated,35
S005202,M00822,2025-03-29,Account Access,Pending,21
S005203,M01449,2024-07-07,Account Access,Pending,31
S005204,M01054,2024-02-25,Account Access,Pending,28
S005205,M02350,2024-10-20,Refund Request,Pending,29
S005206,M01865,2024-12-07,Refund Request,Pending,35
S005207,M00759,2024-09-16,API Integration,Escalated,20
S005208,M01080,2024-12-07,Fraud Complaint,Resolved,44
S005209,M02724,2025-06-17,Failed Payment,Escalated,15
S005210,M01249,2024-10-19,API Integration,Pending,33
S005211,M02017,2025-01-21,Account Access,Pending,28
S005212,M00129,2024-04-04,Fraud Complaint,Resolved,27
S005213,M02111,2024-10-17,API Integration,Resolved,35
S005214,M02300,2025-04-22,Failed Payment,Escalated,24
S005215,M02356,2024-10-05,Fraud Complaint,Resolved,19
S005216,M01299,2024-10-01,Failed Payment,Resolved,22
S005217,M02247,2024-10-11,Failed Payment,Escalated,19
S005218,M02086,2024-03-09,Fraud Complaint,Escalated,22
S005219,M01128,2024-10-17,KYC Verification,Pending,12
S005220,M01934,2024-06-02,Refund Request,Escalated,28
S005221,M00681,2025-01-19,Account Access,Pending,37
S005222,M02295,2025-06-11,Fraud Complaint,Resolved,22
S005223,M02632,2024-01-14,Failed Payment,Escalated,25
S005224,M00835,2024-07-18,KYC Verification,Escalated,24
S005225,M00008,2024-08-16,Refund Request,Pending,29
S005226,M01410,2024-07-21,Account Access,Pending,38
S005227,M00252,2025-05-28,Refund Request,Resolved,8
S005228,M00697,2024-03-08,KYC Verification,Resolved,16
S005229,M02505,2025-03-07,Account Access,Pending,27
S005230,M02163,2024-10-08,Account Access,Pending,29
S005231,M01770,2024-10-16,Account Access,Pending,37
S005232,M01438,2024-03-30,Failed Payment,Escalated,15
S005233,M00979,2024-02-27,API Integration,Escalated,36
S005234,M00778,2025-03-26,Failed Payment,Resolved,21
S005235,M01169,2025-04-30,Refund Request,Pending,26
S005236,M02326,2024-09-18,Fraud Complaint,Pending,18
S005237,M02988,2024-12-17,API Integration,Pending,36
S005238,M01570,2025-03-28,API Integration,Escalated,28
S005239,M01841,2024-07-11,Refund Request,Resolved,43
S005240,M01033,2024-10-16,API Integration,Escalated,24
S005241,M02074,2024-10-20,KYC Verification,Pending,15
S005242,M02319,2025-02-08,API Integration,Resolved,18
S005243,M00095,2024-07-10,Failed Payment,Resolved,19
S005244,M02723,2024-04-19,Refund Request,Escalated,26
S005245,M00188,2025-02-24,KYC Verification,Escalated,27
S005246,M01007,2024-10-22,Refund Request,Pending,16
S005247,M00515,2024-06-18,Account Access,Resolved,26
S005248,M01418,2024-12-04,Account Access,Pending,27
S005249,M01208,2025-02-18,Failed Payment,Pending,36
S005250,M00489,2024-02-25,Fraud Complaint,Pending,24
S005251,M01309,2024-09-03,API Integration,Pending,27
S005252,M01359,2024-12-27,Refund Request,Escalated,31
S005253,M00716,2025-04-28,KYC Verification,Resolved,15
S005254,M02589,2025-05-18,KYC Verification,Escalated,25
S005255,M02847,2024-03-12,KYC Verification,Pending,35
S005256,M01618,2024-07-20,Account Access,Escalated,34
S005257,M02740,2024-01-22,Refund Request,Escalated,21
S005258,M01892,2024-07-20,Account Access,Resolved,22
S005259,M00565,2025-06-12,Failed Payment,Resolved,50
S005260,M00928,2024-08-21,Refund Request,Pending,15
S005261,M02752,2024-10-03,Account Access,Resolved,38
S005262,M00400,2024-01-21,Failed Payment,Escalated,13
S005263,M00138,2025-06-22,Failed Payment,Pending,15
S005264,M00807,2024-11-19,Failed Payment,Pending,20
S005265,M02465,2024-12-06,Refund Request,Escalated,43
S005266,M00538,2025-05-09,API Integration,Escalated,19
S005267,M02367,2025-06-02,Fraud Complaint,Escalated,10
S005268,M00069,2024-02-07,Fraud Complaint,Pending,20
S005269,M02785,2024-02-13,Fraud Complaint,Escalated,1
S005270,M00946,2024-07-06,Refund Request,Resolved,5
S005271,M02079,2024-09-04,Failed Payment,Pending,19
S005272,M02828,2024-11-29,KYC Verification,Resolved,19
S005273,M02990,2024-04-07,API Integration,Resolved,30
S005274,M01119,2025-04-29,API Integration,Pending,22
S005275,M02399,2024-01-22,Refund Request,Resolved,9
S005276,M01033,2024-04-22,Failed Payment,Resolved,19
S005277,M00637,2025-03-08,Refund Request,Pending,30
S005278,M00682,2024-07-01,Fraud Complaint,Pending,21
S005279,M01650,2025-04-02,Refund Request,Escalated,31
S005280,M02974,2024-09-18,Fraud Complaint,Escalated,15
S005281,M02005,2025-02-18,Account Access,Resolved,14
S005282,M00468,2024-09-07,API Integration,Escalated,24
S005283,M01992,2024-05-24,API Integration,Pending,11
S005284,M00025,2024-07-27,Refund Request,Pending,7
S005285,M00476,2024-04-10,Failed Payment,Resolved,11
S005286,M00714,2025-05-07,Fraud Complaint,Escalated,31
S005287,M01282,2025-01-16,Refund Request,Escalated,24
S005288,M02846,2024-04-11,Refund Request,Resolved,30
S005289,M01739,2024-06-29,API Integration,Escalated,6
S005290,M02171,2025-01-17,API Integration,Escalated,35
S005291,M00571,2025-03-27,Refund Request,Pending,28
S005292,M01520,2025-02-08,Fraud Complaint,Resolved,8
S005293,M02510,2025-05-27,KYC Verification,Resolved,31
S005294,M00500,2024-03-19,Failed Payment,Escalated,36
S005295,M00067,2024-03-31,API Integration,Pending,11
S005296,M02133,2025-06-03,KYC Verification,Escalated,30
S005297,M01245,2024-04-20,Failed Payment,Pending,5
S005298,M01142,2024-12-11,Failed Payment,Escalated,26
S005299,M01646,2024-04-13,Account Access,Resolved,16
S005300,M00235,2024-08-12,Failed Payment,Pending,15
S005301,M02084,2024-12-08,Refund Request,Pending,40
S005302,M02261,2024-05-19,Failed Payment,Pending,25
S005303,M02403,2024-01-18,KYC Verification,Pending,15
S005304,M01255,2024-10-30,KYC Verification,Escalated,18
S005305,M02261,2025-06-24,Failed Payment,Escalated,26
S005306,M02100,2024-01-08,Refund Request,Escalated,23
S005307,M01005,2024-07-08,Failed Payment,Pending,21
S005308,M00319,2025-05-15,API Integration,Resolved,23
S005309,M02411,2024-06-02,Account Access,Pending,35
S005310,M02185,2024-09-07,Failed Payment,Escalated,32
S005311,M01204,2024-09-18,Fraud Complaint,Escalated,22
S005312,M00109,2024-09-09,API Integration,Pending,26
S005313,M01074,2024-11-16,Account Access,Escalated,19
S005314,M02082,2025-05-30,Account Access,Escalated,16
S005315,M00187,2024-05-30,Refund Request,Pending,21
S005316,M02713,2024-01-09,Account Access,Pending,22
S005317,M00717,2024-11-16,API Integration,Escalated,19
S005318,M02087,2025-05-20,API Integration,Pending,21
S005319,M01647,2024-01-12,Refund Request,Pending,18
S005320,M02901,2024-08-29,Failed Payment,Escalated,30
S005321,M02519,2024-04-22,API Integration,Pending,33
S005322,M02756,2024-11-09,KYC Verification,Pending,40
S005323,M00624,2024-10-25,Account Access,Escalated,8
S005324,M01089,2024-07-09,Failed Payment,Resolved,26
S005325,M01455,2024-01-21,Refund Request,Resolved,28
S005326,M02466,2024-07-22,Failed Payment,Resolved,29
S005327,M01910,2024-09-25,Refund Request,Escalated,11
S005328,M00887,2025-04-04,Failed Payment,Escalated,35
S005329,M01188,2024-01-12,Failed Payment,Escalated,18
S005330,M02924,2024-08-10,Failed Payment,Escalated,27
S005331,M02618,2024-06-28,API Integration,Pending,19
S005332,M02295,2025-04-26,Failed Payment,Escalated,20
S005333,M02599,2024-08-08,Account Access,Escalated,19
S005334,M01270,2024-02-11,API Integration,Resolved,35
S005335,M00470,2025-03-05,Failed Payment,Escalated,27
S005336,M00727,2024-04-14,Failed Payment,Escalated,42
S005337,M01061,2024-03-10,Fraud Complaint,Resolved,28
S005338,M00528,2024-02-21,Fraud Complaint,Escalated,10
S005339,M01661,2025-06-07,API Integration,Escalated,16
S005340,M02423,2024-05-13,Account Access,Escalated,45
S005341,M00581,2024-07-29,Account Access,Pending,18
S005342,M02289,2024-02-19,API Integration,Resolved,28
S005343,M02143,2024-03-07,Fraud Complaint,Resolved,43
S005344,M01775,2024-12-12,Failed Payment,Escalated,26
S005345,M00896,2024-05-30,Account Access,Resolved,21
S005346,M02779,2024-02-07,Refund Request,Escalated,30
S005347,M01947,2024-09-22,API Integration,Resolved,24
S005348,M01133,2025-05-08,Fraud Complaint,Escalated,20
S005349,M02587,2024-08-13,Fraud Complaint,Escalated,28
S005350,M02935,2025-02-27,Fraud Complaint,Pending,1
S005351,M00971,2025-06-21,Account Access,Escalated,12
S005352,M02117,2024-08-08,Refund Request,Pending,32
S005353,M01075,2025-03-30,API Integration,Pending,24
S005354,M02027,2025-03-16,Fraud Complaint,Pending,19
S005355,M01009,2025-06-15,Failed Payment,Resolved,15
S005356,M02307,2024-10-16,Fraud Complaint,Resolved,15
S005357,M02085,2024-07-11,Failed Payment,Escalated,11
S005358,M00938,2025-05-08,KYC Verification,Escalated,32
S005359,M02341,2024-12-15,API Integration,Pending,29
S005360,M00125,2025-05-30,KYC Verification,Pending,48
S005361,M00124,2025-02-02,API Integration,Resolved,29
S005362,M00094,2024-04-16,Failed Payment,Escalated,18
S005363,M02368,2024-08-11,Failed Payment,Resolved,13
S005364,M00401,2024-02-07,API Integration,Escalated,18
S005365,M01316,2024-12-04,Failed Payment,Pending,37
S005366,M02245,2025-02-08,Refund Request,Resolved,40
S005367,M02489,2025-02-13,KYC Verification,Pending,31
S005368,M00890,2024-07-07,Account Access,Resolved,35
S005369,M00764,2025-05-02,Account Access,Pending,30
S005370,M00669,2024-04-26,KYC Verification,Escalated,25
S005371,M02766,2024-08-16,API Integration,Pending,12
S005372,M00125,2024-08-22,KYC Verification,Resolved,2
S005373,M00132,2024-03-20,Failed Payment,Resolved,27
S005374,M00350,2025-06-03,Refund Request,Resolved,25
S005375,M02456,2024-02-14,Fraud Complaint,Resolved,35
S005376,M00840,2024-05-29,KYC Verification,Resolved,27
S005377,M01424,2024-02-08,API Integration,Pending,14
S005378,M00839,2024-11-19,Account Access,Pending,20
S005379,M01234,2025-06-23,Refund Request,Escalated,21
S005380,M02026,2024-02-22,Account Access,Resolved,45
S005381,M01868,2024-03-20,Refund Request,Resolved,30
S005382,M01015,2025-05-01,Failed Payment,Resolved,32
S005383,M00890,2024-10-11,Refund Request,Escalated,31
S005384,M00683,2024-07-30,Fraud Complaint,Resolved,26
S005385,M01681,2024-09-07,Account Access,Pending,36
S005386,M01504,2024-11-06,Fraud Complaint,Resolved,1
S005387,M01590,2024-09-13,Failed Payment,Pending,9
S005388,M01821,2024-08-14,Refund Request,Pending,21
S005389,M00663,2024-02-08,Failed Payment,Resolved,24
S005390,M00289,2024-08-09,API Integration,Escalated,25
S005391,M02694,2024-02-11,KYC Verification,Pending,25
S005392,M00307,2024-11-15,KYC Verification,Pending,17
S005393,M00731,2025-04-16,Fraud Complaint,Resolved,41
S005394,M00877,2024-07-05,Account Access,Escalated,39
S005395,M01515,2024-07-12,KYC Verification,Resolved,7
S005396,M01362,2024-05-06,Refund Request,Resolved,19
S005397,M02703,2024-03-26,Refund Request,Pending,32
S005398,M02696,2024-05-31,KYC Verification,Escalated,29
S005399,M02259,2025-02-11,Fraud Complaint,Escalated,17
S005400,M02237,2024-03-01,API Integration,Escalated,16
S005401,M01711,2025-04-24,API Integration,Resolved,28
S005402,M01416,2025-05-18,KYC Verification,Pending,41
S005403,M01019,2024-03-20,KYC Verification,Pending,12
S005404,M00576,2025-01-08,API Integration,Resolved,24
S005405,M02489,2024-07-08,KYC Verification,Escalated,13
S005406,M00974,2025-03-18,Failed Payment,Resolved,27
S005407,M02750,2025-04-22,API Integration,Escalated,19
S005408,M00930,2024-07-17,Account Access,Pending,34
S005409,M00937,2024-04-17,KYC Verification,Escalated,6
S005410,M00111,2025-06-26,Failed Payment,Pending,16
S005411,M00031,2025-06-18,Fraud Complaint,Pending,13
S005412,M01110,2025-01-12,KYC Verification,Escalated,21
S005413,M00767,2024-01-12,Refund Request,Escalated,42
S005414,M02735,2024-04-08,Account Access,Escalated,26
S005415,M00096,2025-05-01,API Integration,Escalated,39
S005416,M00660,2024-10-13,Refund Request,Pending,30
S005417,M00944,2025-01-24,Account Access,Resolved,17
S005418,M02772,2024-08-22,Refund Request,Pending,22
S005419,M02483,2024-08-28,Account Access,Escalated,28
S005420,M00796,2024-04-14,Account Access,Escalated,12
S005421,M02286,2025-02-13,Account Access,Resolved,21
S005422,M00471,2024-04-28,Account Access,Resolved,14
S005423,M02497,2024-05-04,Failed Payment,Escalated,15
S005424,M02755,2024-11-09,Fraud Complaint,Pending,15
S005425,M01467,2024-10-04,KYC Verification,Pending,17
S005426,M02588,2024-02-23,Refund Request,Pending,13
S005427,M02758,2024-03-16,KYC Verification,Escalated,7
S005428,M02981,2024-10-31,Fraud Complaint,Resolved,18
S005429,M02489,2024-02-22,Account Access,Pending,39
S005430,M02669,2025-02-26,Failed Payment,Pending,38
S005431,M00349,2024-06-16,Refund Request,Resolved,22
S005432,M01074,2024-11-05,Account Access,Resolved,23
S005433,M02719,2025-03-11,API Integration,Resolved,10
S005434,M01757,2024-08-13,Account Access,Resolved,26
S005435,M01819,2024-09-01,Refund Request,Pending,21
S005436,M01213,2024-11-15,Fraud Complaint,Pending,38
S005437,M00346,2024-10-03,KYC Verification,Pending,8
S005438,M00649,2025-06-03,API Integration,Pending,10
S005439,M02977,2024-08-12,API Integration,Resolved,8
S005440,M01729,2025-02-21,Refund Request,Resolved,25
S005441,M01501,2025-06-04,API Integration,Pending,20
S005442,M01259,2024-11-23,Account Access,Escalated,3
S005443,M01454,2024-01-18,API Integration,Escalated,33
S005444,M02919,2024-12-05,Failed Payment,Pending,13
S005445,M00359,2024-12-19,Account Access,Resolved,30
S005446,M01721,2024-01-18,Failed Payment,Resolved,25
S005447,M01233,2024-04-17,Fraud Complaint,Pending,26
S005448,M00045,2025-02-10,API Integration,Escalated,8
S005449,M01286,2024-10-09,KYC Verification,Pending,22
S005450,M00091,2024-11-21,Failed Payment,Escalated,41
S005451,M02443,2025-02-10,KYC Verification,Escalated,23
S005452,M00292,2024-09-09,Refund Request,Pending,29
S005453,M02103,2024-10-05,Account Access,Pending,22
S005454,M02920,2024-05-19,Refund Request,Resolved,8
S005455,M02917,2024-08-03,Fraud Complaint,Resolved,36
S005456,M01562,2025-06-12,Failed Payment,Resolved,22
S005457,M01776,2024-09-28,Fraud Complaint,Resolved,29
S005458,M02631,2025-01-21,Failed Payment,Escalated,34
S005459,M01207,2025-02-27,KYC Verification,Escalated,21
S005460,M00168,2025-02-03,API Integration,Escalated,17
S005461,M01559,2024-04-28,Fraud Complaint,Escalated,9
S005462,M00493,2024-01-30,Failed Payment,Pending,1
S005463,M02299,2024-07-02,Refund Request,Resolved,25
S005464,M01046,2025-05-12,Refund Request,Resolved,39
S005465,M01070,2024-07-04,Refund Request,Pending,27
S005466,M02759,2024-12-20,Refund Request,Resolved,23
S005467,M01733,2024-12-30,Fraud Complaint,Resolved,24
S005468,M01500,2024-07-30,Refund Request,Resolved,20
S005469,M00543,2024-04-03,KYC Verification,Resolved,19
S005470,M00517,2024-12-20,Account Access,Pending,18
S005471,M00954,2024-11-24,Fraud Complaint,Escalated,27
S005472,M00396,2024-10-12,KYC Verification,Resolved,31
S005473,M02368,2024-09-02,Refund Request,Pending,22
S005474,M00261,2024-10-03,Account Access,Escalated,22
S005475,M00688,2024-09-08,API Integration,Resolved,23
S005476,M02644,2024-04-25,Failed Payment,Escalated,20
S005477,M02671,2024-01-07,Fraud Complaint,Escalated,29
S005478,M02332,2024-01-01,Fraud Complaint,Pending,26
S005479,M00403,2024-03-23,API Integration,Escalated,40
S005480,M00043,2024-11-01,Failed Payment,Resolved,26
S005481,M01100,2024-06-14,KYC Verification,Resolved,27
S005482,M01325,2024-02-11,Failed Payment,Escalated,20
S005483,M00662,2024-02-16,Failed Payment,Resolved,30
S005484,M02193,2024-08-30,Failed Payment,Pending,56
S005485,M01587,2024-03-25,API Integration,Escalated,36
S005486,M00094,2025-04-26,Failed Payment,Resolved,27
S005487,M02807,2024-07-11,Fraud Complaint,Pending,2
S005488,M02221,2024-12-12,KYC Verification,Resolved,19
S005489,M00370,2025-01-21,Fraud Complaint,Pending,15
S005490,M00327,2024-06-01,Refund Request,Escalated,36
S005491,M01702,2024-03-15,Failed Payment,Resolved,26
S005492,M02784,2024-05-28,KYC Verification,Pending,21
S005493,M01749,2024-12-04,Fraud Complaint,Resolved,6
S005494,M02051,2024-01-11,Account Access,Resolved,19
S005495,M00756,2024-06-23,Refund Request,Escalated,22
S005496,M00220,2024-03-04,API Integration,Escalated,46
S005497,M02176,2025-05-08,KYC Verification,Escalated,27
S005498,M02349,2024-11-16,Account Access,Escalated,26
S005499,M00363,2024-07-07,API Integration,Resolved,23
S005500,M01080,2024-09-04,API Integration,Pending,24
S005501,M01689,2024-08-30,Failed Payment,Pending,21
S005502,M01929,2025-01-16,KYC Verification,Escalated,26
S005503,M01254,2024-02-22,KYC Verification,Escalated,17
S005504,M01795,2024-10-22,Account Access,Pending,29
S005505,M01167,2024-03-11,Fraud Complaint,Pending,33
S005506,M00491,2025-06-27,Fraud Complaint,Resolved,19
S005507,M01013,2024-11-06,KYC Verification,Pending,34
S005508,M00283,2024-03-17,Fraud Complaint,Escalated,17
S005509,M01160,2025-01-23,KYC Verification,Resolved,10
S005510,M00799,2024-03-22,Account Access,Escalated,33
S005511,M02582,2025-03-08,Failed Payment,Escalated,14
S005512,M00537,2024-08-24,API Integration,Pending,24
S005513,M01696,2024-10-25,API Integration,Resolved,35
S005514,M00684,2025-03-10,Account Access,Pending,25
S005515,M01348,2025-01-11,API Integration,Escalated,9
S005516,M02735,2024-12-27,API Integration,Pending,33
S005517,M00579,2025-03-28,Fraud Complaint,Resolved,31
S005518,M02340,2024-01-03,Refund Request,Escalated,32
S005519,M02475,2024-02-17,KYC Verification,Resolved,20
S005520,M02830,2024-12-19,API Integration,Resolved,19
S005521,M00850,2024-06-06,KYC Verification,Escalated,31
S005522,M02661,2024-10-03,Refund Request,Escalated,27
S005523,M01425,2024-02-22,Fraud Complaint,Escalated,17
S005524,M00317,2024-07-20,Failed Payment,Pending,21
S005525,M00193,2024-01-19,Account Access,Pending,22
S005526,M01873,2025-02-14,Refund Request,Pending,12
S005527,M01428,2025-04-06,Refund Request,Escalated,27
S005528,M00510,2025-02-12,Account Access,Escalated,11
S005529,M02785,2024-08-19,Account Access,Escalated,20
S005530,M01584,2024-08-20,Failed Payment,Pending,22
S005531,M00274,2024-10-03,Failed Payment,Pending,21
S005532,M01501,2024-09-18,Fraud Complaint,Escalated,6
S005533,M00705,2025-04-28,KYC Verification,Escalated,16
S005534,M02506,2024-07-19,Refund Request,Pending,14
S005535,M00611,2024-01-11,Failed Payment,Pending,28
S005536,M00813,2025-03-16,Refund Request,Escalated,36
S005537,M00992,2025-06-10,Fraud Complaint,Resolved,7
S005538,M01651,2024-07-08,Refund Request,Pending,20
S005539,M02733,2024-08-30,Account Access,Escalated,20
S005540,M01501,2025-05-27,API Integration,Resolved,18
S005541,M02616,2024-12-02,Failed Payment,Resolved,30
S005542,M01680,2025-02-11,Refund Request,Escalated,1
S005543,M02506,2024-10-11,KYC Verification,Resolved,13
S005544,M00595,2025-06-03,API Integration,Escalated,36
S005545,M01101,2024-10-24,KYC Verification,Escalated,18
S005546,M00536,2024-11-17,Fraud Complaint,Resolved,10
S005547,M00730,2024-08-03,API Integration,Resolved,1
S005548,M00566,2025-05-20,Fraud Complaint,Pending,22
S005549,M01511,2024-03-26,Failed Payment,Escalated,26
S005550,M00324,2024-08-27,KYC Verification,Pending,40
S005551,M00279,2024-04-01,API Integration,Escalated,19
S005552,M02387,2024-09-23,Account Access,Escalated,27
S005553,M00222,2025-05-01,Account Access,Pending,30
S005554,M00725,2025-04-15,Failed Payment,Pending,23
S005555,M02853,2024-08-18,API Integration,Escalated,19
S005556,M01288,2025-02-28,Failed Payment,Pending,31
S005557,M02696,2024-02-05,Account Access,Resolved,26
S005558,M00779,2024-06-22,KYC Verification,Resolved,30
S005559,M02560,2025-03-28,Fraud Complaint,Pending,19
S005560,M01664,2024-04-10,API Integration,Escalated,28
S005561,M02967,2024-05-09,Failed Payment,Resolved,13
S005562,M00301,2025-01-15,Failed Payment,Resolved,9
S005563,M01269,2025-05-08,KYC Verification,Escalated,1
S005564,M02070,2024-05-16,API Integration,Escalated,13
S005565,M01060,2025-05-19,API Integration,Escalated,10
S005566,M02050,2024-12-04,KYC Verification,Pending,1
S005567,M00603,2024-05-09,Failed Payment,Escalated,35
S005568,M02503,2025-02-17,Fraud Complaint,Escalated,17
S005569,M00422,2024-08-14,Account Access,Resolved,23
S005570,M00932,2024-09-12,Failed Payment,Pending,32
S005571,M01565,2024-08-20,Failed Payment,Resolved,33
S005572,M02608,2025-06-25,Refund Request,Resolved,20
S005573,M01279,2025-05-25,Failed Payment,Escalated,35
S005574,M02343,2024-03-21,API Integration,Pending,1
S005575,M02747,2024-03-27,Failed Payment,Resolved,11
S005576,M01185,2024-10-03,KYC Verification,Escalated,22
S005577,M02781,2025-02-02,KYC Verification,Escalated,7
S005578,M01685,2024-01-24,KYC Verification,Pending,24
S005579,M00921,2024-08-22,API Integration,Resolved,36
S005580,M02992,2024-05-24,Refund Request,Escalated,25
S005581,M00721,2024-03-26,API Integration,Resolved,19
S005582,M00959,2024-12-07,Account Access,Escalated,31
S005583,M01272,2024-03-24,KYC Verification,Resolved,11
S005584,M00351,2024-06-17,Failed Payment,Resolved,28
S005585,M02685,2025-02-24,Refund Request,Escalated,13
S005586,M02493,2025-03-25,Fraud Complaint,Resolved,27
S005587,M02855,2024-12-17,API Integration,Escalated,16
S005588,M02296,2024-11-29,Account Access,Resolved,21
S005589,M00543,2025-06-09,Failed Payment,Resolved,16
S005590,M01028,2024-11-05,Fraud Complaint,Pending,19
S005591,M00882,2025-05-04,Fraud Complaint,Pending,44
S005592,M02192,2024-04-24,KYC Verification,Resolved,26
S005593,M02024,2025-05-17,Account Access,Pending,28
S005594,M01601,2024-07-23,Failed Payment,Pending,13
S005595,M01305,2024-10-05,Account Access,Pending,19
S005596,M00432,2024-12-22,Account Access,Escalated,25
S005597,M01468,2024-01-01,Account Access,Pending,12
S005598,M02008,2024-01-01,Failed Payment,Pending,35
S005599,M02013,2024-09-10,Refund Request,Resolved,23
S005600,M02369,2024-05-10,Account Access,Pending,20
S005601,M02638,2024-01-11,Refund Request,Pending,36
S005602,M00011,2024-08-12,API Integration,Resolved,18
S005603,M01307,2024-11-20,Fraud Complaint,Pending,10
S005604,M00426,2024-06-14,Account Access,Pending,26
S005605,M01843,2024-10-08,Fraud Complaint,Resolved,35
S005606,M02989,2024-10-05,Account Access,Escalated,31
S005607,M01760,2024-07-31,API Integration,Resolved,11
S005608,M02362,2025-01-25,Refund Request,Resolved,34
S005609,M02288,2025-02-04,Refund Request,Escalated,29
S005610,M02477,2024-01-27,Refund Request,Pending,12
S005611,M02284,2024-02-28,API Integration,Resolved,12
S005612,M02220,2025-04-01,Failed Payment,Escalated,29
S005613,M02855,2025-03-04,Fraud Complaint,Pending,33
S005614,M01160,2025-04-08,Refund Request,Pending,29
S005615,M02895,2025-01-11,Refund Request,Resolved,27
S005616,M01916,2025-05-24,Refund Request,Pending,22
S005617,M01651,2025-07-02,KYC Verification,Escalated,24
S005618,M00543,2024-10-04,KYC Verification,Resolved,24
S005619,M02650,2024-10-28,Failed Payment,Resolved,44
S005620,M00962,2024-01-10,Fraud Complaint,Pending,15
S005621,M01054,2024-06-24,API Integration,Escalated,20
S005622,M01926,2024-12-31,API Integration,Resolved,25
S005623,M01749,2024-02-01,API Integration,Escalated,12
S005624,M01104,2025-05-23,Fraud Complaint,Resolved,18
S005625,M01177,2025-01-14,KYC Verification,Resolved,38
S005626,M00829,2025-04-06,Account Access,Pending,22
S005627,M01439,2025-06-07,Fraud Complaint,Resolved,50
S005628,M02804,2024-01-14,Fraud Complaint,Escalated,33
S005629,M01439,2025-01-09,Failed Payment,Resolved,12
S005630,M00606,2024-05-08,API Integration,Escalated,34
S005631,M01241,2025-05-29,Failed Payment,Resolved,35
S005632,M02154,2024-06-19,Refund Request,Pending,28
S005633,M00728,2024-10-19,Account Access,Resolved,52
S005634,M00976,2024-09-09,Refund Request,Escalated,16
S005635,M01280,2024-06-30,Fraud Complaint,Escalated,28
S005636,M02649,2024-07-08,KYC Verification,Pending,22
S005637,M01056,2025-06-27,Failed Payment,Pending,35
S005638,M01002,2024-06-12,KYC Verification,Resolved,6
S005639,M01685,2025-06-14,API Integration,Resolved,18
S005640,M02433,2024-09-25,Fraud Complaint,Resolved,23
S005641,M00889,2024-10-29,Fraud Complaint,Pending,33
S005642,M02070,2024-05-10,API Integration,Resolved,29
S005643,M02862,2024-05-01,KYC Verification,Resolved,31
S005644,M01517,2025-03-04,KYC Verification,Pending,14
S005645,M01261,2024-05-03,API Integration,Pending,29
S005646,M02011,2025-01-01,Failed Payment,Escalated,29
S005647,M00618,2024-07-03,KYC Verification,Resolved,38
S005648,M02764,2024-08-22,Failed Payment,Resolved,15
S005649,M00768,2025-01-26,Refund Request,Escalated,32
S005650,M02844,2025-04-16,Account Access,Escalated,22
S005651,M01389,2025-03-14,KYC Verification,Resolved,8
S005652,M02388,2025-04-19,API Integration,Escalated,34
S005653,M03000,2024-12-25,API Integration,Resolved,26
S005654,M01408,2024-05-04,Failed Payment,Resolved,15
S005655,M00293,2024-11-14,KYC Verification,Pending,29
S005656,M00518,2024-03-22,Refund Request,Resolved,26
S005657,M02324,2024-09-16,Refund Request,Pending,37
S005658,M02021,2025-01-13,Failed Payment,Escalated,12
S005659,M01056,2024-06-02,Fraud Complaint,Pending,20
S005660,M00670,2024-09-24,Refund Request,Pending,14
S005661,M00652,2024-04-10,Fraud Complaint,Pending,20
S005662,M00231,2024-11-16,Refund Request,Escalated,27
S005663,M00248,2024-09-29,Fraud Complaint,Resolved,33
S005664,M02583,2024-03-25,KYC Verification,Escalated,19
S005665,M02716,2024-08-27,KYC Verification,Escalated,31
S005666,M02566,2024-10-05,Account Access,Pending,30
S005667,M02024,2024-05-14,Refund Request,Pending,24
S005668,M00284,2025-05-26,Failed Payment,Resolved,31
S005669,M02178,2025-03-13,KYC Verification,Escalated,18
S005670,M01901,2024-05-20,API Integration,Pending,2
S005671,M02295,2024-12-12,API Integration,Pending,23
S005672,M01930,2024-12-24,KYC Verification,Escalated,25
S005673,M00703,2024-11-29,Account Access,Pending,25
S005674,M00161,2024-05-13,API Integration,Escalated,41
S005675,M00664,2025-06-11,API Integration,Pending,28
S005676,M01728,2024-01-25,Failed Payment,Pending,18
S005677,M00104,2025-03-19,Fraud Complaint,Pending,31
S005678,M02177,2025-02-14,Refund Request,Escalated,28
S005679,M01851,2024-12-21,Failed Payment,Pending,28
S005680,M00669,2024-03-16,Account Access,Pending,28
S005681,M00150,2024-06-14,Failed Payment,Pending,13
S005682,M01473,2024-04-24,Failed Payment,Escalated,17
S005683,M01262,2024-07-23,API Integration,Resolved,23
S005684,M02481,2024-06-06,Fraud Complaint,Pending,15
S005685,M02164,2024-06-15,KYC Verification,Resolved,36
S005686,M01486,2024-09-25,Account Access,Pending,8
S005687,M02459,2025-04-23,KYC Verification,Pending,23
S005688,M00256,2024-06-01,KYC Verification,Escalated,21
S005689,M01462,2025-03-10,Failed Payment,Pending,32
S005690,M00644,2024-07-11,Failed Payment,Resolved,20
S005691,M01041,2025-05-04,Fraud Complaint,Pending,21
S005692,M02596,2024-07-22,Account Access,Pending,23
S005693,M02037,2025-03-18,API Integration,Resolved,17
S005694,M02756,2024-05-26,API Integration,Escalated,18
S005695,M00207,2024-07-10,Account Access,Escalated,17
S005696,M02674,2024-11-06,Fraud Complaint,Escalated,41
S005697,M00656,2025-01-01,Failed Payment,Resolved,19
S005698,M01100,2025-04-16,Fraud Complaint,Escalated,17
S005699,M00414,2024-07-29,Fraud Complaint,Resolved,24
S005700,M00958,2024-09-08,Refund Request,Escalated,23
S005701,M00167,2024-08-18,API Integration,Escalated,22
S005702,M00008,2024-12-14,API Integration,Resolved,41
S005703,M01754,2024-07-15,Account Access,Pending,37
S005704,M01545,2025-03-22,Fraud Complaint,Pending,30
S005705,M01625,2025-01-14,Refund Request,Pending,12
S005706,M00089,2024-09-28,Failed Payment,Pending,7
S005707,M00516,2024-08-05,Fraud Complaint,Resolved,7
S005708,M00655,2025-03-08,KYC Verification,Escalated,28
S005709,M00841,2025-02-02,KYC Verification,Pending,17
S005710,M01929,2024-10-03,KYC Verification,Escalated,9
S005711,M01331,2025-03-23,Account Access,Resolved,20
S005712,M01150,2024-03-16,API Integration,Escalated,13
S005713,M01673,2024-09-17,Refund Request,Resolved,25
S005714,M02808,2024-01-19,Refund Request,Resolved,33
S005715,M00559,2025-07-03,Failed Payment,Escalated,20
S005716,M00036,2024-02-19,Fraud Complaint,Pending,41
S005717,M00976,2024-02-11,Account Access,Resolved,26
S005718,M01148,2025-02-26,Account Access,Escalated,34
S005719,M00698,2025-04-06,Account Access,Pending,31
S005720,M01565,2024-06-22,Account Access,Escalated,29
S005721,M00276,2025-03-27,Fraud Complaint,Pending,34
S005722,M01172,2024-07-19,Fraud Complaint,Pending,21
S005723,M02465,2025-02-21,Refund Request,Pending,5
S005724,M00617,2024-10-16,Fraud Complaint,Resolved,26
S005725,M02722,2024-05-26,Failed Payment,Resolved,34
S005726,M01929,2024-11-20,Fraud Complaint,Escalated,19
S005727,M02150,2024-11-06,API Integration,Pending,27
S005728,M00360,2024-02-02,Account Access,Escalated,1
S005729,M02064,2024-10-17,API Integration,Resolved,31
S005730,M01402,2024-08-27,Failed Payment,Resolved,15
S005731,M00316,2025-04-12,Failed Payment,Resolved,5
S005732,M01265,2024-06-07,Refund Request,Escalated,31
S005733,M01178,2024-09-01,Failed Payment,Escalated,22
S005734,M02158,2024-08-09,API Integration,Resolved,27
S005735,M00999,2024-09-28,KYC Verification,Escalated,28
S005736,M01968,2024-09-01,API Integration,Pending,33
S005737,M02780,2025-05-08,API Integration,Escalated,29
S005738,M02948,2024-06-19,KYC Verification,Resolved,19
S005739,M02211,2024-04-14,Account Access,Pending,27
S005740,M00597,2024-04-08,Failed Payment,Resolved,32
S005741,M01909,2025-06-07,API Integration,Pending,1
S005742,M00603,2024-11-09,Account Access,Escalated,19
S005743,M02145,2024-09-05,Fraud Complaint,Escalated,17
S005744,M02478,2025-03-28,Failed Payment,Pending,9
S005745,M00788,2025-06-02,Account Access,Escalated,45
S005746,M01501,2024-11-08,Failed Payment,Pending,39
S005747,M00975,2024-07-05,Fraud Complaint,Pending,13
S005748,M02550,2024-01-17,API Integration,Resolved,4
S005749,M01317,2024-04-25,Fraud Complaint,Escalated,13
S005750,M01418,2024-10-16,API Integration,Pending,29
S005751,M01678,2025-03-09,API Integration,Pending,21
S005752,M01323,2024-10-26,KYC Verification,Escalated,39
S005753,M00421,2024-08-31,Failed Payment,Resolved,33
S005754,M02207,2024-12-06,API Integration,Resolved,7
S005755,M01223,2024-12-09,KYC Verification,Pending,42
S005756,M02031,2025-04-27,Fraud Complaint,Resolved,5
S005757,M00930,2025-05-14,Account Access,Pending,40
S005758,M00365,2024-03-18,Refund Request,Pending,8
S005759,M02009,2025-03-21,API Integration,Resolved,11
S005760,M01711,2024-09-04,API Integration,Resolved,20
S005761,M02444,2024-08-13,KYC Verification,Escalated,18
S005762,M01413,2024-11-16,KYC Verification,Escalated,22
S005763,M01077,2025-02-18,Failed Payment,Resolved,14
S005764,M00533,2024-02-20,KYC Verification,Pending,8
S005765,M01003,2024-02-26,KYC Verification,Resolved,32
S005766,M00857,2024-02-29,KYC Verification,Resolved,30
S005767,M02997,2025-03-07,Fraud Complaint,Resolved,13
S005768,M00739,2024-01-11,Failed Payment,Resolved,44
S005769,M01372,2024-05-26,Refund Request,Resolved,21
S005770,M01297,2024-06-21,API Integration,Resolved,19
S005771,M00300,2024-01-19,Fraud Complaint,Resolved,25
S005772,M01519,2025-01-08,Fraud Complaint,Pending,23
S005773,M01714,2024-03-16,KYC Verification,Resolved,23
S005774,M00343,2024-11-15,API Integration,Pending,27
S005775,M00166,2024-11-01,Account Access,Resolved,12
S005776,M02956,2025-03-07,Failed Payment,Resolved,23
S005777,M00882,2024-09-29,Failed Payment,Escalated,41
S005778,M00664,2024-12-06,Failed Payment,Escalated,18
S005779,M01311,2024-04-09,Failed Payment,Resolved,19
S005780,M02215,2024-03-12,Refund Request,Escalated,32
S005781,M00866,2025-02-02,Account Access,Escalated,16
S005782,M01328,2024-04-17,Refund Request,Resolved,22
S005783,M02217,2024-09-25,Refund Request,Escalated,24
S005784,M01324,2025-02-11,Account Access,Resolved,17
S005785,M02280,2024-04-12,Account Access,Resolved,15
S005786,M01740,2024-09-26,Refund Request,Pending,29
S005787,M00014,2025-03-20,Refund Request,Pending,41
S005788,M00268,2025-05-12,Account Access,Escalated,16
S005789,M02006,2025-02-21,Fraud Complaint,Escalated,40
S005790,M02103,2025-05-06,Failed Payment,Escalated,26
S005791,M00991,2025-02-23,Fraud Complaint,Pending,12
S005792,M00157,2024-10-18,Refund Request,Pending,13
S005793,M01143,2024-09-26,API Integration,Escalated,23
S005794,M00228,2025-06-30,Account Access,Escalated,37
S005795,M02125,2025-06-01,API Integration,Pending,24
S005796,M01923,2025-02-18,Refund Request,Pending,25
S005797,M01975,2024-10-21,Account Access,Resolved,25
S005798,M01409,2024-10-18,Failed Payment,Pending,25
S005799,M00335,2024-08-16,Fraud Complaint,Pending,31
S005800,M00828,2024-01-12,Account Access,Resolved,39
S005801,M00595,2025-05-03,Refund Request,Resolved,21
S005802,M00498,2025-05-08,Fraud Complaint,Pending,1
S005803,M02514,2024-01-03,Failed Payment,Escalated,25
S005804,M00508,2024-01-26,API Integration,Resolved,27
S005805,M00756,2025-06-08,Refund Request,Pending,19
S005806,M02684,2024-04-23,KYC Verification,Resolved,29
S005807,M01019,2025-01-23,Account Access,Pending,26
S005808,M02864,2024-03-07,API Integration,Escalated,39
S005809,M01408,2025-01-01,Fraud Complaint,Escalated,38
S005810,M01395,2024-08-19,API Integration,Pending,20
S005811,M00081,2024-11-04,Refund Request,Escalated,26
S005812,M00352,2024-11-29,Refund Request,Resolved,18
S005813,M02913,2024-01-09,Failed Payment,Resolved,25
S005814,M00755,2024-02-08,API Integration,Escalated,5
S005815,M00319,2024-09-07,Fraud Complaint,Pending,18
S005816,M01523,2024-02-06,Account Access,Resolved,46
S005817,M01985,2025-02-03,Refund Request,Resolved,18
S005818,M02062,2024-06-02,Fraud Complaint,Escalated,20
S005819,M00752,2024-10-27,API Integration,Resolved,31
S005820,M01858,2024-08-28,KYC Verification,Escalated,22
S005821,M00026,2024-09-27,Account Access,Escalated,20
S005822,M00167,2024-12-14,KYC Verification,Resolved,17
S005823,M01846,2024-02-12,Refund Request,Escalated,23
S005824,M02429,2025-04-17,Refund Request,Pending,49
S005825,M02406,2024-05-17,Account Access,Pending,29
S005826,M01971,2024-11-10,Fraud Complaint,Escalated,21
S005827,M00858,2025-05-16,Fraud Complaint,Resolved,16
S005828,M00471,2024-05-15,Account Access,Resolved,27
S005829,M00267,2024-11-21,Failed Payment,Escalated,17
S005830,M02934,2024-08-03,KYC Verification,Escalated,16
S005831,M00023,2024-10-15,KYC Verification,Resolved,32
S005832,M02158,2025-01-07,Refund Request,Pending,27
S005833,M02261,2024-05-31,Failed Payment,Escalated,26
S005834,M02875,2025-03-30,KYC Verification,Resolved,29
S005835,M02168,2025-01-22,KYC Verification,Resolved,50
S005836,M02497,2024-01-11,Refund Request,Resolved,40
S005837,M00067,2024-08-06,Refund Request,Pending,18
S005838,M02877,2024-08-22,API Integration,Pending,19
S005839,M01598,2024-05-11,Account Access,Pending,34
S005840,M00395,2024-06-24,Failed Payment,Resolved,45
S005841,M01180,2025-04-13,Fraud Complaint,Pending,12
S005842,M01677,2024-12-21,Account Access,Escalated,20
S005843,M01926,2024-09-14,Failed Payment,Escalated,30
S005844,M01952,2025-06-06,Failed Payment,Pending,25
S005845,M02707,2024-04-16,Fraud Complaint,Escalated,1
S005846,M01418,2025-04-12,KYC Verification,Pending,36
S005847,M01787,2025-03-02,Refund Request,Escalated,22
S005848,M00211,2025-07-04,Fraud Complaint,Pending,9
S005849,M01309,2025-06-04,API Integration,Pending,28
S005850,M02028,2025-03-14,Failed Payment,Escalated,21
S005851,M00666,2024-02-29,Fraud Complaint,Pending,3
S005852,M02002,2025-06-12,Account Access,Resolved,36
S005853,M00592,2024-01-19,Fraud Complaint,Pending,25
S005854,M00886,2025-02-01,Failed Payment,Pending,26
S005855,M02691,2024-11-07,Refund Request,Escalated,24
S005856,M01866,2025-02-09,Fraud Complaint,Resolved,32
S005857,M00059,2024-07-06,KYC Verification,Escalated,30
S005858,M00173,2024-04-16,API Integration,Pending,19
S005859,M01420,2025-07-04,Failed Payment,Escalated,26
S005860,M02703,2024-02-01,Refund Request,Escalated,20
S005861,M00684,2025-04-09,KYC Verification,Resolved,15
S005862,M02922,2024-12-14,Fraud Complaint,Pending,14
S005863,M01873,2024-07-02,API Integration,Resolved,30
S005864,M00337,2024-05-27,Fraud Complaint,Escalated,39
S005865,M00406,2024-12-18,Fraud Complaint,Escalated,26
S005866,M02627,2024-03-20,Failed Payment,Escalated,2
S005867,M02503,2025-01-31,KYC Verification,Escalated,32
S005868,M02547,2024-09-27,KYC Verification,Pending,25
S005869,M02727,2024-06-06,Refund Request,Resolved,23
S005870,M00599,2024-04-23,Fraud Complaint,Escalated,15
S005871,M00272,2024-10-21,Account Access,Pending,25
S005872,M02156,2025-02-12,Fraud Complaint,Escalated,32
S005873,M01249,2024-05-31,Refund Request,Escalated,25
S005874,M00915,2024-05-26,Refund Request,Resolved,49
S005875,M00059,2025-04-23,KYC Verification,Escalated,13
S005876,M00376,2024-09-12,Failed Payment,Pending,13
S005877,M01953,2024-03-01,Failed Payment,Resolved,14
S005878,M00728,2024-03-28,Account Access,Pending,24
S005879,M02177,2024-04-16,KYC Verification,Pending,35
S005880,M00860,2024-09-30,API Integration,Resolved,30
S005881,M02471,2024-08-31,Failed Payment,Resolved,7
S005882,M02843,2025-01-14,Refund Request,Resolved,11
S005883,M00269,2025-03-10,Account Access,Pending,31
S005884,M00378,2025-06-20,API Integration,Pending,19
S005885,M01024,2024-06-06,Fraud Complaint,Pending,22
S005886,M02759,2024-09-22,API Integration,Resolved,30
S005887,M02193,2025-04-18,Fraud Complaint,Resolved,24
S005888,M02928,2024-07-28,Account Access,Escalated,9
S005889,M00546,2025-04-18,Failed Payment,Escalated,14
S005890,M02558,2024-10-31,Fraud Complaint,Resolved,26
S005891,M02865,2024-02-24,Refund Request,Pending,30
S005892,M02382,2024-03-23,Fraud Complaint,Escalated,26
S005893,M01254,2024-03-21,Account Access,Pending,44
S005894,M00496,2025-03-16,Fraud Complaint,Escalated,22
S005895,M02275,2025-04-17,Fraud Complaint,Escalated,13
S005896,M00565,2024-03-10,Account Access,Resolved,24
S005897,M01735,2025-04-06,Failed Payment,Pending,9
S005898,M01582,2024-08-23,API Integration,Escalated,20
S005899,M02520,2025-01-09,Account Access,Escalated,20
S005900,M02633,2024-08-01,Fraud Complaint,Escalated,42
S005901,M00573,2024-01-28,Fraud Complaint,Pending,17
S005902,M02724,2024-11-03,Failed Payment,Resolved,12
S005903,M00749,2024-04-15,API Integration,Resolved,36
S005904,M01850,2024-06-14,Account Access,Resolved,42
S005905,M00153,2025-04-10,Failed Payment,Pending,28
S005906,M02180,2024-02-26,Account Access,Pending,28
S005907,M02859,2025-04-22,API Integration,Pending,12
S005908,M00231,2024-03-29,Account Access,Pending,22
S005909,M01870,2024-02-26,Refund Request,Escalated,8
S005910,M02017,2024-02-02,Account Access,Pending,34
S005911,M02513,2024-09-04,Failed Payment,Escalated,23
S005912,M01315,2024-04-21,Account Access,Resolved,44
S005913,M01245,2024-07-27,Failed Payment,Pending,47
S005914,M02134,2024-06-06,API Integration,Escalated,23
S005915,M02381,2024-04-28,Account Access,Resolved,33
S005916,M00959,2024-08-07,KYC Verification,Pending,47
S005917,M00824,2024-08-24,Failed Payment,Pending,26
S005918,M02631,2024-03-11,Refund Request,Escalated,24
S005919,M02750,2024-09-07,Refund Request,Pending,27
S005920,M00685,2025-05-04,Failed Payment,Escalated,27
S005921,M02080,2024-01-27,Account Access,Pending,22
S005922,M01939,2024-10-02,Fraud Complaint,Pending,38
S005923,M01094,2024-03-27,Fraud Complaint,Resolved,21
S005924,M00933,2024-06-10,Fraud Complaint,Resolved,8
S005925,M02080,2024-05-02,KYC Verification,Resolved,22
S005926,M00154,2024-09-03,Fraud Complaint,Pending,14
S005927,M02283,2025-02-26,Fraud Complaint,Escalated,10
S005928,M02881,2025-06-26,Failed Payment,Pending,23
S005929,M00366,2024-01-08,Failed Payment,Pending,21
S005930,M00050,2025-02-16,Refund Request,Resolved,12
S005931,M02447,2024-09-18,Refund Request,Escalated,13
S005932,M01567,2025-01-23,Fraud Complaint,Escalated,17
S005933,M01529,2024-12-19,API Integration,Escalated,5
S005934,M02112,2025-03-01,KYC Verification,Escalated,28
S005935,M01271,2025-01-01,Failed Payment,Resolved,31
S005936,M02375,2025-04-14,Fraud Complaint,Escalated,36
S005937,M01921,2024-06-30,KYC Verification,Pending,42
S005938,M00497,2024-01-06,Fraud Complaint,Escalated,31
S005939,M02481,2025-04-20,KYC Verification,Escalated,25
S005940,M01878,2025-06-12,Fraud Complaint,Pending,33
S005941,M01365,2025-04-19,Failed Payment,Pending,29
S005942,M00969,2025-03-28,Failed Payment,Resolved,25
S005943,M02510,2024-06-18,API Integration,Pending,29
S005944,M01602,2024-12-24,API Integration,Pending,8
S005945,M00523,2024-09-01,Fraud Complaint,Escalated,14
S005946,M01994,2025-03-07,KYC Verification,Pending,32
S005947,M02103,2025-01-10,Refund Request,Resolved,11
S005948,M01032,2025-01-20,Failed Payment,Resolved,22
S005949,M02032,2024-10-17,Refund Request,Pending,34
S005950,M02305,2024-02-05,Fraud Complaint,Resolved,23
S005951,M00704,2025-05-06,API Integration,Escalated,5
S005952,M01890,2025-04-21,Account Access,Resolved,36
S005953,M02798,2025-05-09,Fraud Complaint,Resolved,33
S005954,M02929,2024-12-17,KYC Verification,Escalated,34
S005955,M02399,2024-12-14,Fraud Complaint,Pending,44
S005956,M00807,2024-05-24,KYC Verification,Resolved,37
S005957,M02800,2024-05-31,KYC Verification,Escalated,29
S005958,M00225,2024-08-28,Refund Request,Escalated,33
S005959,M01518,2025-06-16,API Integration,Resolved,33
S005960,M00338,2024-10-25,Fraud Complaint,Escalated,1
S005961,M01768,2024-09-03,API Integration,Pending,33
S005962,M02903,2024-02-28,Fraud Complaint,Pending,10
S005963,M00317,2025-06-20,API Integration,Escalated,13
S005964,M00265,2024-08-26,Account Access,Pending,36
S005965,M01102,2024-08-22,Failed Payment,Escalated,24
S005966,M01116,2024-05-27,Fraud Complaint,Resolved,13
S005967,M02327,2025-06-23,Failed Payment,Escalated,27
S005968,M02848,2024-11-20,Refund Request,Pending,18
S005969,M00248,2025-01-14,Refund Request,Pending,21
S005970,M01816,2024-11-06,Account Access,Resolved,15
S005971,M01832,2024-03-21,API Integration,Pending,27
S005972,M01445,2024-05-18,KYC Verification,Pending,26
S005973,M02674,2024-06-23,Account Access,Pending,23
S005974,M00009,2024-03-21,Failed Payment,Resolved,15
S005975,M02403,2024-12-18,Account Access,Escalated,36
S005976,M01590,2025-05-26,Refund Request,Resolved,28
S005977,M02957,2024-05-02,Account Access,Resolved,23
S005978,M01597,2024-10-15,Fraud Complaint,Pending,28
S005979,M02680,2024-07-25,API Integration,Pending,17
S005980,M02766,2024-02-18,Failed Payment,Escalated,23
S005981,M00261,2024-09-28,Fraud Complaint,Resolved,23
S005982,M01709,2025-03-18,KYC Verification,Pending,17
S005983,M01237,2024-01-08,API Integration,Resolved,42
S005984,M01869,2024-07-18,API Integration,Resolved,21
S005985,M02537,2024-12-14,API Integration,Pending,27
S005986,M02100,2024-04-08,Refund Request,Pending,36
S005987,M02524,2024-07-23,Fraud Complaint,Escalated,31
S005988,M00461,2024-10-05,API Integration,Escalated,28
S005989,M02351,2024-08-27,Fraud Complaint,Resolved,18
S005990,M00403,2024-11-17,KYC Verification,Escalated,28
S005991,M01066,2024-09-14,Refund Request,Resolved,21
S005992,M02174,2024-05-02,Fraud Complaint,Escalated,26
S005993,M00373,2025-06-29,Failed Payment,Escalated,19
S005994,M01112,2024-03-12,Account Access,Pending,16
S005995,M00884,2025-07-04,Fraud Complaint,Escalated,18
S005996,M00448,2024-01-13,Refund Request,Resolved,18
S005997,M02612,2024-03-17,Account Access,Pending,7
S005998,M00566,2024-05-11,Account Access,Escalated,32
S005999,M00410,2025-06-26,Fraud Complaint,Resolved,28
S006000,M02182,2024-04-12,Refund Request,Resolved,33
S006001,M00014,2024-07-29,Failed Payment,Resolved,16
S006002,M02537,2025-03-12,KYC Verification,Resolved,21
S006003,M02979,2024-06-18,Account Access,Escalated,20
S006004,M02777,2025-02-24,KYC Verification,Escalated,30
S006005,M00930,2024-07-14,Failed Payment,Resolved,8
S006006,M01269,2024-03-31,Failed Payment,Escalated,25
S006007,M01150,2025-05-27,Fraud Complaint,Escalated,32
S006008,M02384,2025-06-17,Fraud Complaint,Escalated,34
S006009,M00879,2024-09-10,Failed Payment,Resolved,16
S006010,M02273,2025-03-21,KYC Verification,Resolved,21
S006011,M01062,2024-01-20,Fraud Complaint,Resolved,22
S006012,M02656,2024-08-05,Failed Payment,Escalated,31
S006013,M01108,2025-06-24,KYC Verification,Pending,28
S006014,M01811,2024-04-11,KYC Verification,Resolved,27
S006015,M02269,2025-03-28,Failed Payment,Resolved,29
S006016,M01948,2024-02-12,Fraud Complaint,Escalated,24
S006017,M02245,2025-06-14,Account Access,Pending,24
S006018,M02481,2024-06-23,Failed Payment,Resolved,29
S006019,M02860,2025-04-29,KYC Verification,Resolved,35
S006020,M02630,2024-11-27,Refund Request,Resolved,29
S006021,M02941,2025-02-22,Failed Payment,Pending,10
S006022,M00864,2024-05-11,Account Access,Pending,8
S006023,M00569,2025-03-14,API Integration,Escalated,27
S006024,M02481,2025-03-05,KYC Verification,Escalated,21
S006025,M02780,2024-01-31,Account Access,Escalated,34
S006026,M01308,2024-09-15,Account Access,Pending,30
S006027,M00563,2025-03-15,API Integration,Resolved,4
S006028,M02968,2024-10-19,KYC Verification,Escalated,25
S006029,M01633,2025-04-30,Fraud Complaint,Resolved,18
S006030,M00589,2024-07-07,Account Access,Resolved,27
S006031,M00438,2025-02-06,Fraud Complaint,Escalated,22
S006032,M00475,2025-01-28,API Integration,Escalated,33
S006033,M01120,2024-03-31,Failed Payment,Pending,29
S006034,M02764,2024-12-01,Fraud Complaint,Escalated,35
S006035,M01029,2024-08-03,Account Access,Escalated,35
S006036,M00877,2025-04-20,Refund Request,Escalated,14
S006037,M00974,2024-07-07,Account Access,Escalated,41
S006038,M00624,2024-02-04,Refund Request,Resolved,24
S006039,M00060,2024-09-08,API Integration,Escalated,29
S006040,M01967,2024-09-26,Account Access,Escalated,12
S006041,M00503,2024-07-18,Fraud Complaint,Escalated,36
S006042,M01280,2025-06-29,Refund Request,Escalated,23
S006043,M00199,2025-05-10,Refund Request,Escalated,31
S006044,M02747,2025-03-06,KYC Verification,Escalated,39
S006045,M01422,2024-04-05,Failed Payment,Pending,40
S006046,M00813,2025-06-13,API Integration,Pending,13
S006047,M01760,2025-01-21,KYC Verification,Resolved,24
S006048,M02258,2024-09-18,KYC Verification,Escalated,23
S006049,M01316,2024-12-31,Refund Request,Resolved,7
S006050,M00242,2025-03-13,Refund Request,Resolved,36
S006051,M01199,2025-03-31,API Integration,Escalated,25
S006052,M00569,2025-01-20,API Integration,Resolved,16
S006053,M02002,2025-06-13,API Integration,Pending,20
S006054,M00058,2025-06-02,Account Access,Pending,12
S006055,M02225,2024-01-07,KYC Verification,Pending,28
S006056,M01814,2024-03-27,KYC Verification,Pending,17
S006057,M01301,2025-05-02,Fraud Complaint,Escalated,21
S006058,M02576,2025-01-10,KYC Verification,Resolved,20
S006059,M00433,2025-04-16,KYC Verification,Resolved,39
S006060,M02887,2025-02-13,Failed Payment,Resolved,15
S006061,M02589,2024-08-25,API Integration,Resolved,20
S006062,M01356,2024-05-19,Account Access,Resolved,18
S006063,M01003,2025-01-18,Refund Request,Pending,24
S006064,M01337,2024-04-06,Refund Request,Escalated,26
S006065,M01884,2024-05-23,API Integration,Pending,19
S006066,M01608,2024-10-24,KYC Verification,Pending,23
S006067,M01013,2024-12-02,Fraud Complaint,Pending,20
S006068,M01501,2024-08-30,Failed Payment,Resolved,9
S006069,M02357,2024-03-14,Refund Request,Pending,27
S006070,M00877,2024-08-24,Failed Payment,Pending,35
S006071,M01872,2024-09-21,API Integration,Pending,28
S006072,M02601,2024-01-02,API Integration,Pending,10
S006073,M02253,2024-07-20,API Integration,Escalated,33
S006074,M01569,2025-02-13,Fraud Complaint,Pending,9
S006075,M01655,2024-12-23,Failed Payment,Escalated,9
S006076,M00674,2024-06-15,Refund Request,Resolved,31
S006077,M01487,2025-04-21,KYC Verification,Escalated,13
S006078,M00520,2025-01-27,Refund Request,Escalated,25
S006079,M02621,2024-08-16,KYC Verification,Escalated,4
S006080,M00537,2024-04-10,Failed Payment,Escalated,24
S006081,M01873,2024-05-25,Fraud Complaint,Resolved,8
S006082,M00804,2024-10-14,Fraud Complaint,Pending,16
S006083,M00332,2025-04-05,Failed Payment,Resolved,29
S006084,M02075,2025-04-17,Account Access,Pending,27
S006085,M00968,2025-02-20,Account Access,Escalated,14
S006086,M02960,2024-09-13,KYC Verification,Resolved,12
S006087,M00227,2025-02-19,Account Access,Pending,19
S006088,M00369,2025-02-18,API Integration,Escalated,15
S006089,M01387,2025-04-05,Account Access,Escalated,32
S006090,M00117,2024-02-23,Failed Payment,Resolved,27
S006091,M01299,2025-02-14,Refund Request,Pending,19
S006092,M02468,2024-02-06,Failed Payment,Escalated,27
S006093,M01750,2024-10-27,API Integration,Resolved,18
S006094,M02884,2024-12-17,Failed Payment,Pending,36
S006095,M01259,2024-10-01,Failed Payment,Resolved,22
S006096,M02784,2025-03-29,Fraud Complaint,Resolved,11
S006097,M00774,2024-12-31,Account Access,Pending,13
S006098,M02699,2024-07-04,Failed Payment,Pending,5
S006099,M02018,2024-05-06,API Integration,Pending,15
S006100,M01510,2025-04-12,Account Access,Pending,15
S006101,M00001,2024-09-30,Fraud Complaint,Escalated,12
S006102,M01682,2024-06-07,API Integration,Pending,20
S006103,M00767,2024-03-07,Failed Payment,Pending,20
S006104,M00579,2024-06-15,KYC Verification,Escalated,33
S006105,M02420,2024-11-09,Failed Payment,Escalated,7
S006106,M00641,2024-08-01,Failed Payment,Pending,27
S006107,M01898,2024-09-04,KYC Verification,Pending,26
S006108,M00036,2024-07-23,API Integration,Pending,40
S006109,M01697,2024-11-26,KYC Verification,Escalated,21
S006110,M01440,2024-09-12,KYC Verification,Resolved,15
S006111,M02068,2024-01-30,Account Access,Resolved,36
S006112,M00733,2025-04-16,Failed Payment,Pending,20
S006113,M01619,2025-03-14,Account Access,Pending,24
S006114,M01983,2024-11-28,Fraud Complaint,Escalated,27
S006115,M00468,2024-05-04,Failed Payment,Resolved,9
S006116,M02008,2024-03-16,Account Access,Escalated,10
S006117,M00645,2024-11-11,KYC Verification,Resolved,10
S006118,M01661,2024-09-05,Account Access,Escalated,33
S006119,M00004,2024-03-28,API Integration,Resolved,32
S006120,M01656,2024-11-29,API Integration,Pending,29
S006121,M00388,2024-04-14,Failed Payment,Pending,23
S006122,M02157,2025-04-29,Failed Payment,Resolved,33
S006123,M01555,2024-01-02,API Integration,Resolved,28
S006124,M02582,2024-04-24,Fraud Complaint,Resolved,21
S006125,M02020,2025-02-03,API Integration,Pending,16
S006126,M02052,2024-02-19,Failed Payment,Pending,20
S006127,M00913,2024-05-07,Account Access,Resolved,29
S006128,M01146,2024-11-14,Fraud Complaint,Pending,25
S006129,M01120,2024-05-03,API Integration,Escalated,22
S006130,M00702,2024-06-09,Fraud Complaint,Escalated,7
S006131,M02898,2024-04-03,API Integration,Pending,22
S006132,M02358,2025-03-17,Failed Payment,Pending,23
S006133,M01215,2024-09-08,Account Access,Pending,20
S006134,M01998,2024-03-01,Account Access,Pending,6
S006135,M01352,2024-12-28,Failed Payment,Escalated,31
S006136,M01569,2024-10-27,Account Access,Escalated,14
S006137,M00561,2024-07-23,Refund Request,Pending,13
S006138,M02265,2024-11-26,Refund Request,Pending,14
S006139,M02088,2025-06-15,API Integration,Pending,24
S006140,M02147,2025-01-07,Account Access,Resolved,20
S006141,M01078,2024-03-22,KYC Verification,Resolved,12
S006142,M01229,2024-03-18,API Integration,Resolved,18
S006143,M01220,2024-05-07,Fraud Complaint,Escalated,16
S006144,M01095,2025-06-30,Refund Request,Escalated,33
S006145,M00539,2024-01-30,Account Access,Pending,26
S006146,M00414,2025-04-01,API Integration,Resolved,23
S006147,M01309,2024-07-18,Account Access,Resolved,14
S006148,M01528,2024-01-09,Fraud Complaint,Escalated,31
S006149,M00675,2024-07-08,Account Access,Escalated,10
S006150,M00440,2024-05-21,KYC Verification,Pending,22
S006151,M02833,2024-07-04,Fraud Complaint,Pending,28
S006152,M01368,2024-10-02,KYC Verification,Pending,63
S006153,M00605,2024-01-17,KYC Verification,Pending,19
S006154,M02047,2024-02-09,API Integration,Escalated,8
S006155,M00628,2024-11-13,Account Access,Pending,34
S006156,M01322,2024-04-12,KYC Verification,Pending,31
S006157,M01994,2024-07-29,Fraud Complaint,Escalated,28
S006158,M02231,2024-12-13,Account Access,Pending,36
S006159,M02236,2025-02-09,API Integration,Escalated,35
S006160,M02945,2024-03-11,KYC Verification,Escalated,1
S006161,M01582,2024-08-20,KYC Verification,Pending,6
S006162,M02903,2024-06-22,Refund Request,Resolved,30
S006163,M00031,2024-09-24,Refund Request,Resolved,20
S006164,M01353,2024-04-26,Account Access,Resolved,28
S006165,M00190,2025-02-18,Account Access,Resolved,23
S006166,M01868,2024-11-10,Fraud Complaint,Pending,35
S006167,M01840,2025-06-24,Refund Request,Resolved,29
S006168,M00692,2025-04-11,Fraud Complaint,Resolved,14
S006169,M00369,2024-09-11,KYC Verification,Resolved,16
S006170,M01738,2024-08-20,Failed Payment,Resolved,29
S006171,M01704,2024-06-08,Failed Payment,Escalated,16
S006172,M00687,2025-06-15,Account Access,Pending,10
S006173,M00053,2024-12-12,KYC Verification,Escalated,28
S006174,M02811,2025-04-21,Account Access,Resolved,25
S006175,M00652,2024-06-03,API Integration,Pending,34
S006176,M02047,2024-06-10,Account Access,Pending,14
S006177,M00892,2024-10-23,Fraud Complaint,Resolved,27
S006178,M01976,2025-05-12,API Integration,Pending,16
S006179,M02986,2024-01-22,KYC Verification,Escalated,21
S006180,M02548,2025-03-16,Account Access,Escalated,30
S006181,M01509,2025-01-11,API Integration,Resolved,27
S006182,M01192,2025-02-10,Refund Request,Escalated,22
S006183,M01085,2024-08-11,Failed Payment,Escalated,8
S006184,M01841,2024-12-27,API Integration,Escalated,21
S006185,M02132,2024-01-07,API Integration,Resolved,21
S006186,M00327,2025-05-04,Fraud Complaint,Escalated,12
S006187,M01976,2025-06-24,Refund Request,Escalated,1
S006188,M01360,2025-03-17,Refund Request,Escalated,10
S006189,M00673,2024-10-27,Refund Request,Escalated,37
S006190,M02635,2024-03-07,Account Access,Resolved,14
S006191,M02113,2025-05-24,Account Access,Pending,17
S006192,M00391,2024-04-13,Account Access,Pending,30
S006193,M01475,2025-02-06,Failed Payment,Escalated,9
S006194,M02515,2024-02-14,KYC Verification,Escalated,30
S006195,M00498,2024-01-13,KYC Verification,Escalated,25
S006196,M00307,2024-08-13,Failed Payment,Resolved,20
S006197,M01589,2025-04-19,API Integration,Resolved,24
S006198,M00674,2025-05-25,KYC Verification,Escalated,46
S006199,M01110,2024-09-11,API Integration,Resolved,23
S006200,M00031,2024-08-18,API Integration,Escalated,29
S006201,M00853,2024-12-31,API Integration,Pending,40
S006202,M01083,2024-05-31,Refund Request,Escalated,27
S006203,M01142,2024-02-02,KYC Verification,Resolved,30
S006204,M02391,2025-02-23,Account Access,Escalated,14
S006205,M00250,2024-02-19,Refund Request,Pending,42
S006206,M02579,2025-01-01,Failed Payment,Resolved,17
S006207,M00410,2024-06-17,Refund Request,Resolved,40
S006208,M02239,2024-02-12,Account Access,Escalated,14
S006209,M02745,2024-04-03,Fraud Complaint,Pending,14
S006210,M02328,2025-05-28,Account Access,Escalated,18
S006211,M00357,2024-07-24,Account Access,Escalated,17
S006212,M01763,2025-01-25,KYC Verification,Escalated,1
S006213,M00596,2024-06-05,Fraud Complaint,Resolved,35
S006214,M02675,2025-04-14,Fraud Complaint,Pending,28
S006215,M02308,2024-06-09,Account Access,Escalated,32
S006216,M02587,2025-05-09,Failed Payment,Resolved,25
S006217,M02409,2025-03-26,Failed Payment,Resolved,27
S006218,M01726,2025-05-06,Refund Request,Escalated,8
S006219,M02720,2025-02-19,Failed Payment,Escalated,17
S006220,M00873,2024-08-19,Refund Request,Escalated,37
S006221,M01894,2024-10-23,API Integration,Resolved,11
S006222,M00512,2025-04-25,Account Access,Resolved,23
S006223,M01818,2024-03-11,Account Access,Pending,13
S006224,M00037,2024-03-21,API Integration,Escalated,35
S006225,M00219,2024-04-14,Account Access,Resolved,22
S006226,M02248,2024-01-17,Account Access,Escalated,24
S006227,M01816,2025-02-07,API Integration,Escalated,18
S006228,M00167,2024-04-24,API Integration,Pending,40
S006229,M00508,2024-01-27,Failed Payment,Escalated,19
S006230,M01953,2024-02-18,Account Access,Escalated,19
S006231,M01501,2024-11-12,Refund Request,Escalated,16
S006232,M02909,2024-06-14,Fraud Complaint,Pending,28
S006233,M02397,2024-10-24,Failed Payment,Resolved,21
S006234,M02911,2024-07-02,Account Access,Pending,11
S006235,M00145,2024-12-24,Account Access,Escalated,37
S006236,M01863,2025-07-04,API Integration,Resolved,17
S006237,M01048,2025-02-04,Account Access,Pending,31
S006238,M01442,2024-11-16,KYC Verification,Resolved,15
S006239,M02866,2024-10-13,Failed Payment,Pending,23
S006240,M00473,2025-01-09,Account Access,Pending,31
S006241,M02356,2024-09-14,Refund Request,Escalated,20
S006242,M02379,2024-09-02,Fraud Complaint,Escalated,9
S006243,M01693,2024-10-21,API Integration,Pending,32
S006244,M00523,2024-10-15,Fraud Complaint,Pending,13
S006245,M00223,2024-07-14,Fraud Complaint,Pending,1
S006246,M01087,2024-07-09,Refund Request,Escalated,29
S006247,M00618,2024-06-23,Failed Payment,Pending,17
S006248,M00540,2024-03-12,Fraud Complaint,Resolved,30
S006249,M02457,2025-01-22,Account Access,Resolved,4
S006250,M02460,2025-07-02,API Integration,Escalated,2
S006251,M02081,2024-07-29,API Integration,Escalated,21
S006252,M00809,2024-08-08,KYC Verification,Escalated,25
S006253,M02809,2024-12-02,Failed Payment,Resolved,17
S006254,M00209,2024-10-03,Fraud Complaint,Resolved,27
S006255,M02616,2024-12-16,Failed Payment,Pending,21
S006256,M01513,2024-09-01,API Integration,Pending,25
S006257,M02929,2024-11-28,API Integration,Resolved,15
S006258,M00527,2024-05-06,Failed Payment,Escalated,40
S006259,M01324,2025-07-04,Refund Request,Resolved,54
S006260,M01002,2024-02-13,API Integration,Escalated,35
S006261,M00544,2024-01-16,Failed Payment,Escalated,8
S006262,M00614,2024-12-14,API Integration,Resolved,20
S006263,M00655,2024-04-30,Refund Request,Pending,17
S006264,M01755,2024-06-06,Fraud Complaint,Escalated,1
S006265,M02690,2025-02-10,Failed Payment,Pending,9
S006266,M02132,2025-02-28,Failed Payment,Resolved,1
S006267,M00663,2024-03-12,API Integration,Resolved,21
S006268,M02480,2024-10-01,Refund Request,Escalated,27
S006269,M02323,2024-04-16,API Integration,Escalated,30
S006270,M02457,2024-09-20,KYC Verification,Escalated,21
S006271,M02325,2024-12-27,Failed Payment,Pending,34
S006272,M01081,2024-02-03,Refund Request,Pending,35
S006273,M01956,2024-07-05,Fraud Complaint,Escalated,9
S006274,M01121,2024-11-11,Failed Payment,Escalated,16
S006275,M01668,2024-03-18,Fraud Complaint,Resolved,21
S006276,M01847,2025-06-02,Refund Request,Pending,21
S006277,M01145,2025-05-01,Account Access,Pending,23
S006278,M01359,2024-01-10,API Integration,Pending,35
S006279,M02639,2025-01-24,KYC Verification,Escalated,31
S006280,M02177,2025-02-11,KYC Verification,Pending,33
S006281,M02143,2024-09-02,KYC Verification,Pending,2
S006282,M01431,2024-11-18,Refund Request,Escalated,39
S006283,M01970,2024-04-05,Failed Payment,Pending,25
S006284,M00837,2024-09-28,Account Access,Pending,13
S006285,M02835,2024-02-19,Account Access,Resolved,20
S006286,M00627,2024-02-06,KYC Verification,Pending,21
S006287,M02452,2025-01-20,Failed Payment,Pending,6
S006288,M00277,2025-04-22,Account Access,Pending,25
S006289,M00165,2024-06-14,Fraud Complaint,Escalated,27
S006290,M01773,2024-06-01,KYC Verification,Resolved,27
S006291,M01325,2024-04-09,API Integration,Resolved,6
S006292,M02521,2024-10-22,API Integration,Pending,19
S006293,M00705,2024-06-02,Failed Payment,Pending,35
S006294,M02680,2025-02-07,Failed Payment,Pending,37
S006295,M01474,2024-11-17,KYC Verification,Escalated,20
S006296,M01417,2024-07-17,Fraud Complaint,Resolved,36
S006297,M01687,2024-10-03,Fraud Complaint,Resolved,21
S006298,M01438,2025-02-24,API Integration,Pending,24
S006299,M01126,2025-03-01,Refund Request,Escalated,28
S006300,M02749,2025-03-11,API Integration,Escalated,18
S006301,M02699,2024-08-26,Refund Request,Resolved,24
S006302,M02115,2024-09-15,Failed Payment,Escalated,34
S006303,M00967,2024-11-28,Refund Request,Pending,34
S006304,M00796,2024-11-25,Refund Request,Pending,29
S006305,M01842,2024-07-05,API Integration,Escalated,27
S006306,M01595,2024-11-30,Fraud Complaint,Escalated,24
S006307,M01375,2024-11-09,API Integration,Pending,19
S006308,M02271,2025-05-06,Refund Request,Resolved,9
S006309,M02295,2025-06-23,Account Access,Escalated,35
S006310,M01399,2024-04-21,Refund Request,Escalated,33
S006311,M01987,2024-05-22,API Integration,Pending,21
S006312,M02605,2025-06-06,API Integration,Pending,16
S006313,M02650,2024-05-06,KYC Verification,Pending,33
S006314,M00576,2024-08-10,Account Access,Resolved,27
S006315,M02995,2024-10-11,API Integration,Pending,25
S006316,M00069,2025-01-19,Failed Payment,Resolved,18
S006317,M00003,2024-07-03,KYC Verification,Pending,10
S006318,M01508,2025-04-08,Refund Request,Escalated,22
S006319,M01721,2025-04-10,Failed Payment,Resolved,19
S006320,M00063,2025-02-16,Failed Payment,Pending,14
S006321,M01115,2024-01-14,Failed Payment,Escalated,21
S006322,M01388,2025-04-18,KYC Verification,Resolved,22
S006323,M02058,2024-08-06,Failed Payment,Escalated,33
S006324,M02425,2025-04-21,Fraud Complaint,Pending,41
S006325,M00953,2024-06-04,Refund Request,Resolved,32
S006326,M00030,2024-04-24,Refund Request,Escalated,24
S006327,M01352,2025-04-12,KYC Verification,Pending,29
S006328,M02395,2024-09-11,API Integration,Resolved,31
S006329,M00966,2024-03-07,API Integration,Escalated,45
S006330,M01822,2024-06-10,API Integration,Resolved,28
S006331,M02170,2024-11-01,KYC Verification,Resolved,22
S006332,M00864,2024-03-26,Failed Payment,Resolved,17
S006333,M00855,2025-03-03,API Integration,Escalated,17
S006334,M02662,2024-04-23,Fraud Complaint,Resolved,14
S006335,M01879,2024-04-18,KYC Verification,Escalated,20
S006336,M00155,2024-11-04,Failed Payment,Pending,18
S006337,M02994,2025-05-06,Refund Request,Escalated,24
S006338,M00390,2025-06-28,Refund Request,Pending,27
S006339,M00042,2024-07-28,Refund Request,Escalated,31
S006340,M01995,2024-05-21,KYC Verification,Escalated,37
S006341,M01808,2024-12-12,KYC Verification,Resolved,9
S006342,M01111,2024-12-12,Fraud Complaint,Resolved,16
S006343,M00969,2025-03-10,API Integration,Escalated,21
S006344,M01309,2024-08-14,Failed Payment,Escalated,29
S006345,M02554,2024-01-20,Account Access,Resolved,27
S006346,M01321,2025-03-13,Account Access,Pending,23
S006347,M02156,2024-06-21,API Integration,Resolved,6
S006348,M00323,2024-04-26,Refund Request,Resolved,17
S006349,M00434,2025-01-12,Failed Payment,Pending,23
S006350,M01019,2025-03-05,API Integration,Pending,25
S006351,M02584,2025-03-17,Failed Payment,Resolved,30
S006352,M00440,2025-05-28,Failed Payment,Escalated,12
S006353,M02949,2024-04-08,API Integration,Pending,27
S006354,M00007,2025-04-14,Account Access,Pending,30
S006355,M01626,2025-05-30,Account Access,Resolved,37
S006356,M02843,2025-05-02,Account Access,Pending,20
S006357,M02902,2025-05-30,Fraud Complaint,Resolved,24
S006358,M02439,2025-02-23,API Integration,Escalated,27
S006359,M02129,2024-06-22,Failed Payment,Resolved,9
S006360,M02553,2024-08-07,Fraud Complaint,Resolved,37
S006361,M01319,2025-03-13,API Integration,Pending,33
S006362,M02472,2025-01-18,Account Access,Escalated,17
S006363,M02157,2024-01-04,Account Access,Pending,11
S006364,M02089,2024-12-12,KYC Verification,Escalated,26
S006365,M01734,2025-01-06,API Integration,Pending,34
S006366,M02326,2024-05-09,Fraud Complaint,Resolved,16
S006367,M02739,2024-10-08,Account Access,Pending,17
S006368,M01288,2024-08-28,Fraud Complaint,Resolved,25
S006369,M01111,2024-07-09,Refund Request,Pending,19
S006370,M02577,2025-04-24,API Integration,Escalated,30
S006371,M01299,2024-12-16,KYC Verification,Escalated,17
S006372,M01388,2025-04-12,API Integration,Escalated,29
S006373,M01016,2025-03-22,KYC Verification,Resolved,14
S006374,M01386,2024-05-23,Failed Payment,Escalated,12
S006375,M02198,2024-04-13,Account Access,Resolved,23
S006376,M00754,2024-10-29,Refund Request,Escalated,16
S006377,M02261,2024-07-21,API Integration,Resolved,18
S006378,M00805,2024-01-05,Fraud Complaint,Pending,27
S006379,M01025,2024-02-24,KYC Verification,Pending,28
S006380,M00335,2025-04-24,Refund Request,Pending,1
S006381,M00771,2025-05-06,API Integration,Escalated,25
S006382,M00893,2025-03-30,KYC Verification,Pending,27
S006383,M00243,2024-10-27,Failed Payment,Resolved,30
S006384,M00079,2024-11-26,Failed Payment,Pending,15
S006385,M00656,2025-04-30,Account Access,Pending,35
S006386,M01553,2024-03-01,Failed Payment,Resolved,25
S006387,M01815,2025-04-23,Account Access,Pending,11
S006388,M01599,2024-12-29,Failed Payment,Resolved,22
S006389,M01094,2024-01-17,Fraud Complaint,Escalated,15
S006390,M00776,2024-11-14,Account Access,Escalated,37
S006391,M00514,2024-05-14,Failed Payment,Resolved,27
S006392,M01928,2024-04-05,KYC Verification,Escalated,30
S006393,M01291,2024-05-31,Fraud Complaint,Resolved,15
S006394,M01829,2024-05-19,Failed Payment,Resolved,32
S006395,M00101,2025-01-09,Account Access,Escalated,31
S006396,M00122,2025-06-25,Refund Request,Resolved,20
S006397,M00067,2024-06-27,KYC Verification,Escalated,12
S006398,M01035,2025-03-22,Refund Request,Pending,28
S006399,M01383,2025-04-19,Refund Request,Escalated,20
S006400,M02835,2024-01-14,API Integration,Pending,28
S006401,M01069,2024-04-25,Failed Payment,Pending,14
S006402,M01596,2024-09-26,Account Access,Escalated,20
S006403,M02120,2024-02-05,KYC Verification,Escalated,22
S006404,M02144,2025-04-02,KYC Verification,Pending,25
S006405,M02249,2025-06-23,Failed Payment,Resolved,44
S006406,M00001,2025-03-13,Account Access,Resolved,46
S006407,M00579,2025-05-22,Refund Request,Resolved,27
S006408,M01788,2024-08-18,KYC Verification,Pending,14
S006409,M00927,2025-04-14,Failed Payment,Resolved,22
S006410,M01161,2024-11-24,Failed Payment,Escalated,35
S006411,M02703,2024-06-14,Fraud Complaint,Pending,13
S006412,M02715,2025-02-18,Refund Request,Resolved,30
S006413,M00962,2025-05-05,Fraud Complaint,Resolved,20
S006414,M01589,2024-02-22,API Integration,Pending,11
S006415,M01285,2025-04-05,Failed Payment,Escalated,23
S006416,M00572,2025-01-25,API Integration,Resolved,27
S006417,M00097,2025-03-03,Refund Request,Resolved,31
S006418,M02829,2024-11-07,API Integration,Resolved,26
S006419,M01082,2024-04-19,Account Access,Pending,39
S006420,M01955,2025-01-09,Failed Payment,Pending,11
S006421,M02921,2025-04-06,API Integration,Escalated,18
S006422,M00607,2024-08-20,Refund Request,Resolved,3
S006423,M01733,2025-05-15,Refund Request,Pending,1
S006424,M00280,2024-09-28,Failed Payment,Pending,18
S006425,M01892,2024-06-01,KYC Verification,Pending,24
S006426,M02200,2024-09-16,Failed Payment,Escalated,17
S006427,M02973,2024-10-05,Fraud Complaint,Pending,5
S006428,M01397,2025-01-16,Failed Payment,Pending,23
S006429,M02759,2025-04-16,KYC Verification,Resolved,34
S006430,M02767,2024-01-04,Account Access,Escalated,26
S006431,M01207,2024-11-14,Refund Request,Escalated,22
S006432,M00555,2025-01-04,KYC Verification,Resolved,15
S006433,M02104,2025-02-27,KYC Verification,Resolved,22
S006434,M02183,2024-08-09,Fraud Complaint,Resolved,21
S006435,M02998,2024-06-10,API Integration,Escalated,21
S006436,M01417,2024-09-18,Account Access,Pending,20
S006437,M01355,2025-02-05,Failed Payment,Pending,27
S006438,M01557,2024-07-16,Fraud Complaint,Escalated,30
S006439,M02214,2024-01-12,Account Access,Pending,24
S006440,M02076,2025-05-07,Fraud Complaint,Resolved,1
S006441,M00250,2024-07-27,Failed Payment,Escalated,36
S006442,M02760,2025-06-29,Account Access,Resolved,21
S006443,M01693,2024-07-22,API Integration,Escalated,17
S006444,M00218,2024-06-03,Account Access,Escalated,15
S006445,M00171,2024-10-26,Fraud Complaint,Pending,26
S006446,M01447,2025-06-30,Refund Request,Resolved,30
S006447,M02402,2024-12-26,API Integration,Pending,20
S006448,M02313,2024-08-04,API Integration,Pending,23
S006449,M02409,2024-11-25,Fraud Complaint,Pending,25
S006450,M00252,2024-08-24,Fraud Complaint,Escalated,50
S006451,M01833,2024-10-10,Account Access,Escalated,23
S006452,M01928,2025-02-22,Fraud Complaint,Escalated,21
S006453,M00754,2024-02-13,Fraud Complaint,Pending,20
S006454,M00887,2024-09-15,API Integration,Pending,9
S006455,M00700,2025-05-20,Refund Request,Resolved,48
S006456,M00418,2024-04-26,KYC Verification,Resolved,17
S006457,M01633,2024-03-25,Failed Payment,Resolved,43
S006458,M00119,2024-07-29,Fraud Complaint,Pending,24
S006459,M02759,2025-03-18,Refund Request,Escalated,30
S006460,M01690,2025-05-10,API Integration,Resolved,11
S006461,M01412,2024-11-04,Fraud Complaint,Resolved,21
S006462,M00585,2025-05-31,API Integration,Pending,30
S006463,M01772,2025-04-26,Refund Request,Escalated,12
S006464,M01495,2024-07-11,Refund Request,Resolved,17
S006465,M00906,2025-03-31,API Integration,Resolved,23
S006466,M00663,2025-02-26,Refund Request,Resolved,37
S006467,M00799,2024-08-28,KYC Verification,Resolved,23
S006468,M01916,2024-08-09,API Integration,Resolved,29
S006469,M02759,2024-12-16,Fraud Complaint,Resolved,24
S006470,M02277,2025-01-16,Refund Request,Escalated,29
S006471,M01101,2024-01-16,API Integration,Resolved,4
S006472,M01076,2024-11-22,Failed Payment,Pending,33
S006473,M02254,2024-02-03,API Integration,Escalated,21
S006474,M00608,2024-12-23,KYC Verification,Escalated,32
S006475,M00573,2024-10-22,Account Access,Escalated,28
S006476,M01665,2024-05-08,Account Access,Resolved,23
S006477,M01531,2024-08-13,Fraud Complaint,Resolved,23
S006478,M02130,2024-12-26,Account Access,Resolved,26
S006479,M01324,2025-05-18,Failed Payment,Pending,12
S006480,M00090,2024-02-07,Fraud Complaint,Pending,18
S006481,M01201,2025-05-01,KYC Verification,Resolved,13
S006482,M02875,2024-10-02,Failed Payment,Pending,22
S006483,M00463,2024-08-10,API Integration,Pending,32
S006484,M00828,2024-05-08,KYC Verification,Resolved,31
S006485,M00910,2024-11-17,KYC Verification,Escalated,26
S006486,M01770,2024-09-16,Account Access,Pending,22
S006487,M02914,2025-01-05,API Integration,Pending,23
S006488,M02569,2025-05-22,Fraud Complaint,Resolved,25
S006489,M02628,2025-06-17,API Integration,Pending,35
S006490,M00727,2024-11-29,Failed Payment,Pending,26
S006491,M00148,2025-03-22,Failed Payment,Resolved,12
S006492,M02708,2025-04-06,Fraud Complaint,Pending,28
S006493,M00649,2025-04-11,API Integration,Resolved,15
S006494,M02509,2024-01-01,Account Access,Escalated,2
S006495,M02067,2024-06-23,Refund Request,Pending,16
S006496,M00629,2024-08-21,KYC Verification,Escalated,37
S006497,M02371,2025-03-18,API Integration,Escalated,19
S006498,M01866,2024-12-19,Refund Request,Pending,32
S006499,M00863,2025-02-16,Refund Request,Escalated,33
S006500,M01190,2024-06-26,Fraud Complaint,Resolved,26
S006501,M00137,2025-01-27,API Integration,Escalated,29
S006502,M02382,2024-01-05,Account Access,Resolved,24
S006503,M02446,2024-05-12,API Integration,Resolved,7
S006504,M00176,2024-12-10,Refund Request,Pending,19
S006505,M02505,2024-02-18,API Integration,Resolved,21
S006506,M00522,2024-01-03,Fraud Complaint,Pending,22
S006507,M01807,2024-06-29,Refund Request,Resolved,32
S006508,M00261,2025-02-15,Account Access,Pending,25
S006509,M00616,2025-05-26,Account Access,Resolved,21
S006510,M01711,2024-01-22,Account Access,Escalated,33
S006511,M02404,2024-03-07,Fraud Complaint,Resolved,22
S006512,M00496,2024-05-20,Fraud Complaint,Pending,35
S006513,M01682,2024-04-14,Account Access,Escalated,11
S006514,M01719,2024-08-18,Account Access,Resolved,38
S006515,M00481,2025-04-15,KYC Verification,Resolved,35
S006516,M01375,2024-02-16,KYC Verification,Resolved,15
S006517,M00758,2025-06-23,KYC Verification,Escalated,22
S006518,M01885,2025-05-20,KYC Verification,Escalated,30
S006519,M01121,2025-02-06,Failed Payment,Pending,23
S006520,M02319,2025-05-18,Refund Request,Pending,28
S006521,M00107,2024-06-23,Fraud Complaint,Escalated,40
S006522,M02841,2024-06-04,Refund Request,Resolved,18
S006523,M02948,2024-08-23,Account Access,Escalated,27
S006524,M02116,2024-06-09,Account Access,Resolved,23
S006525,M02936,2025-05-20,Refund Request,Resolved,1
S006526,M00378,2024-07-19,Account Access,Escalated,13
S006527,M02946,2025-06-13,API Integration,Pending,28
S006528,M02345,2024-08-13,Failed Payment,Pending,5
S006529,M01323,2024-11-27,Fraud Complaint,Resolved,13
S006530,M00429,2024-06-06,KYC Verification,Resolved,28
S006531,M00525,2025-03-06,API Integration,Escalated,20
S006532,M01113,2025-06-26,Account Access,Resolved,14
S006533,M00368,2025-05-19,Fraud Complaint,Pending,36
S006534,M00891,2024-08-19,API Integration,Resolved,20
S006535,M01894,2025-02-24,KYC Verification,Escalated,30
S006536,M01932,2024-04-03,KYC Verification,Resolved,27
S006537,M01338,2025-01-31,Account Access,Pending,1
S006538,M00418,2025-04-07,Refund Request,Pending,2
S006539,M01080,2024-03-22,Failed Payment,Resolved,33
S006540,M00047,2024-11-19,Refund Request,Escalated,44
S006541,M01125,2024-07-27,Account Access,Escalated,25
S006542,M01591,2025-04-13,KYC Verification,Escalated,18
S006543,M01067,2025-04-23,Fraud Complaint,Escalated,24
S006544,M01368,2024-04-21,Account Access,Pending,25
S006545,M00543,2024-12-23,Fraud Complaint,Resolved,11
S006546,M00302,2024-03-18,Account Access,Pending,32
S006547,M01268,2025-05-17,Account Access,Resolved,29
S006548,M00256,2024-07-08,API Integration,Pending,17
S006549,M01396,2024-05-31,Refund Request,Resolved,7
S006550,M02317,2024-02-02,Failed Payment,Pending,21
S006551,M01839,2025-04-17,Refund Request,Pending,24
S006552,M01891,2025-06-23,Fraud Complaint,Resolved,23
S006553,M01340,2024-12-29,API Integration,Resolved,41
S006554,M01555,2024-01-09,Failed Payment,Pending,22
S006555,M00465,2024-10-13,API Integration,Escalated,27
S006556,M01358,2025-01-31,KYC Verification,Pending,32
S006557,M00177,2025-04-04,Fraud Complaint,Resolved,42
S006558,M00303,2025-03-28,Failed Payment,Pending,12
S006559,M01929,2025-01-02,Fraud Complaint,Escalated,13
S006560,M00344,2025-06-29,Account Access,Resolved,45
S006561,M02859,2025-03-12,API Integration,Resolved,30
S006562,M02112,2024-02-24,Refund Request,Pending,24
S006563,M00032,2025-03-13,Account Access,Resolved,43
S006564,M02373,2024-04-18,Account Access,Pending,15
S006565,M01496,2024-11-22,KYC Verification,Resolved,31
S006566,M02132,2024-07-08,API Integration,Resolved,43
S006567,M02596,2024-12-03,API Integration,Pending,1
S006568,M00761,2024-08-13,Fraud Complaint,Resolved,22
S006569,M01308,2024-05-24,Refund Request,Resolved,28
S006570,M02239,2025-02-23,Refund Request,Escalated,39
S006571,M00252,2024-05-24,Account Access,Pending,17
S006572,M02432,2025-02-22,Failed Payment,Escalated,26
S006573,M01351,2024-04-30,Failed Payment,Pending,25
S006574,M00648,2024-02-28,API Integration,Pending,16
S006575,M02194,2024-01-09,API Integration,Pending,28
S006576,M01536,2024-10-08,Refund Request,Pending,9
S006577,M00914,2024-04-09,Fraud Complaint,Resolved,23
S006578,M00148,2024-11-18,Fraud Complaint,Pending,21
S006579,M02792,2024-01-22,Account Access,Escalated,32
S006580,M01366,2024-01-20,KYC Verification,Resolved,16
S006581,M01908,2024-07-23,KYC Verification,Escalated,26
S006582,M01901,2025-03-12,Account Access,Pending,33
S006583,M01449,2024-10-17,Account Access,Escalated,26
S006584,M01344,2024-05-20,KYC Verification,Escalated,8
S006585,M00493,2024-10-12,KYC Verification,Escalated,35
S006586,M01393,2024-01-16,Fraud Complaint,Resolved,31
S006587,M02616,2025-05-19,KYC Verification,Escalated,11
S006588,M01466,2024-08-11,Account Access,Resolved,6
S006589,M02010,2024-12-13,Failed Payment,Resolved,18
S006590,M01319,2025-06-08,KYC Verification,Pending,21
S006591,M00427,2024-01-10,Account Access,Escalated,31
S006592,M00616,2025-06-20,Fraud Complaint,Escalated,16
S006593,M02173,2024-08-18,API Integration,Resolved,34
S006594,M01860,2024-12-10,API Integration,Resolved,20
S006595,M00754,2024-12-24,Refund Request,Resolved,21
S006596,M01084,2024-06-27,Fraud Complaint,Escalated,26
S006597,M01829,2024-04-30,API Integration,Pending,39
S006598,M01463,2024-01-22,KYC Verification,Pending,26
S006599,M02879,2024-04-18,Refund Request,Resolved,28
S006600,M00400,2024-01-05,Refund Request,Escalated,12
S006601,M00363,2024-01-01,Account Access,Resolved,42
S006602,M00190,2025-02-23,KYC Verification,Escalated,39
S006603,M00835,2024-08-04,Failed Payment,Pending,28
S006604,M02169,2024-12-09,KYC Verification,Escalated,35
S006605,M02917,2024-01-24,Failed Payment,Resolved,29
S006606,M02848,2024-11-03,Refund Request,Pending,18
S006607,M02777,2024-04-12,Fraud Complaint,Pending,19
S006608,M01067,2024-07-18,Refund Request,Resolved,21
S006609,M00001,2024-03-11,Fraud Complaint,Escalated,46
S006610,M01305,2024-05-14,KYC Verification,Resolved,31
S006611,M02049,2024-07-30,API Integration,Pending,19
S006612,M02597,2024-05-18,KYC Verification,Escalated,28
S006613,M01877,2024-08-06,Refund Request,Pending,31
S006614,M01132,2024-11-25,Account Access,Escalated,6
S006615,M00555,2024-05-04,Fraud Complaint,Pending,27
S006616,M02115,2025-02-01,KYC Verification,Escalated,29
S006617,M01904,2025-06-18,Refund Request,Pending,1
S006618,M01175,2024-01-13,Fraud Complaint,Escalated,27
S006619,M00937,2024-08-04,KYC Verification,Resolved,10
S006620,M00598,2024-07-29,Failed Payment,Resolved,33
S006621,M02887,2025-05-26,Failed Payment,Resolved,8
S006622,M00907,2024-05-01,Account Access,Resolved,15
S006623,M02338,2024-11-04,API Integration,Escalated,19
S006624,M02200,2025-06-30,KYC Verification,Escalated,15
S006625,M02417,2025-01-15,API Integration,Escalated,23
S006626,M02786,2024-01-21,KYC Verification,Escalated,36
S006627,M01872,2024-05-13,Fraud Complaint,Resolved,28
S006628,M02689,2024-06-12,KYC Verification,Resolved,16
S006629,M00013,2024-01-31,Account Access,Escalated,43
S006630,M00405,2024-02-05,Account Access,Escalated,33
S006631,M01058,2024-12-28,KYC Verification,Resolved,17
S006632,M01297,2024-09-25,Failed Payment,Resolved,15
S006633,M02241,2025-01-13,Account Access,Resolved,28
S006634,M01946,2025-03-21,API Integration,Escalated,24
S006635,M01136,2024-05-05,Account Access,Resolved,25
S006636,M01722,2024-01-16,KYC Verification,Resolved,15
S006637,M02924,2025-02-18,Account Access,Resolved,17
S006638,M02368,2024-03-09,KYC Verification,Resolved,6
S006639,M02218,2024-09-19,Account Access,Pending,26
S006640,M02305,2025-02-15,Failed Payment,Escalated,20
S006641,M02288,2025-02-04,Account Access,Resolved,47
S006642,M01127,2024-09-24,Refund Request,Resolved,26
S006643,M00329,2025-05-19,API Integration,Pending,33
S006644,M00518,2025-01-31,Fraud Complaint,Pending,30
S006645,M00918,2024-06-05,Refund Request,Escalated,10
S006646,M02923,2024-05-22,Fraud Complaint,Escalated,24
S006647,M00785,2024-03-01,Failed Payment,Resolved,25
S006648,M00788,2025-04-15,Failed Payment,Pending,32
S006649,M00623,2025-03-30,Account Access,Pending,19
S006650,M01377,2024-09-08,Account Access,Escalated,7
S006651,M02521,2025-01-20,Account Access,Escalated,22
S006652,M00367,2025-03-22,Failed Payment,Resolved,12
S006653,M01008,2025-03-13,KYC Verification,Resolved,42
S006654,M02716,2024-02-08,Failed Payment,Escalated,15
S006655,M00034,2024-05-22,Fraud Complaint,Escalated,19
S006656,M02701,2025-04-29,Refund Request,Pending,25
S006657,M01965,2024-01-17,Account Access,Escalated,8
S006658,M02172,2024-04-16,Failed Payment,Resolved,36
S006659,M01668,2024-06-27,Account Access,Resolved,29
S006660,M00920,2025-05-29,Failed Payment,Pending,37
S006661,M00387,2024-04-08,Account Access,Resolved,9
S006662,M00962,2024-02-14,Refund Request,Escalated,14
S006663,M00984,2024-02-28,Refund Request,Escalated,35
S006664,M00063,2024-10-05,API Integration,Resolved,10
S006665,M00599,2024-04-12,API Integration,Pending,18
S006666,M01186,2024-08-19,Failed Payment,Pending,26
S006667,M01211,2024-11-15,Fraud Complaint,Resolved,33
S006668,M00500,2024-06-14,API Integration,Escalated,42
S006669,M02302,2024-12-23,KYC Verification,Resolved,8
S006670,M01145,2024-04-09,Refund Request,Pending,18
S006671,M02721,2024-12-04,KYC Verification,Pending,19
S006672,M02830,2024-08-04,Account Access,Pending,29
S006673,M00135,2024-01-02,Account Access,Resolved,4
S006674,M02013,2024-06-09,Account Access,Resolved,33
S006675,M01918,2024-12-02,KYC Verification,Resolved,13
S006676,M01911,2024-07-19,KYC Verification,Escalated,18
S006677,M00077,2024-05-21,Account Access,Pending,27
S006678,M02367,2024-01-09,Account Access,Pending,20
S006679,M00454,2024-07-01,Refund Request,Escalated,15
S006680,M00712,2024-04-07,Refund Request,Resolved,17
S006681,M01682,2024-01-04,Refund Request,Escalated,20
S006682,M02411,2025-03-22,Refund Request,Resolved,13
S006683,M00065,2024-06-30,Failed Payment,Escalated,30
S006684,M02704,2024-01-28,Failed Payment,Resolved,29
S006685,M00462,2024-10-29,Failed Payment,Escalated,38
S006686,M00033,2024-12-19,Account Access,Resolved,18
S006687,M01913,2024-05-18,Account Access,Resolved,19
S006688,M01521,2025-01-20,API Integration,Resolved,9
S006689,M02380,2024-05-09,Refund Request,Resolved,31
S006690,M02659,2024-12-20,Account Access,Resolved,17
S006691,M00863,2024-01-23,Failed Payment,Pending,36
S006692,M00754,2024-01-04,Fraud Complaint,Pending,23
S006693,M01926,2024-11-08,Refund Request,Pending,35
S006694,M00940,2025-01-09,KYC Verification,Pending,20
S006695,M02941,2024-02-09,Refund Request,Resolved,10
S006696,M00799,2024-11-25,Refund Request,Resolved,25
S006697,M02067,2024-09-11,Fraud Complaint,Pending,17
S006698,M01190,2024-06-05,Failed Payment,Pending,19
S006699,M00790,2025-01-20,Account Access,Pending,28
S006700,M01077,2025-06-12,Account Access,Pending,20
S006701,M01468,2025-05-17,KYC Verification,Escalated,31
S006702,M01342,2025-04-21,KYC Verification,Pending,33
S006703,M00730,2025-01-17,API Integration,Escalated,29
S006704,M02354,2025-05-10,API Integration,Resolved,24
S006705,M00211,2024-02-20,KYC Verification,Escalated,35
S006706,M02257,2025-04-15,Fraud Complaint,Escalated,34
S006707,M00863,2024-01-02,Refund Request,Pending,17
S006708,M02856,2025-04-13,Fraud Complaint,Resolved,20
S006709,M00165,2024-04-02,Failed Payment,Resolved,9
S006710,M00410,2024-05-04,KYC Verification,Resolved,30
S006711,M02643,2025-04-01,Account Access,Pending,27
S006712,M00755,2024-04-02,API Integration,Resolved,32
S006713,M02889,2024-06-17,Account Access,Escalated,35
S006714,M00910,2024-01-18,Failed Payment,Escalated,19
S006715,M00001,2024-09-10,Failed Payment,Escalated,32
S006716,M02302,2024-01-17,API Integration,Escalated,21
S006717,M02234,2024-04-26,Account Access,Resolved,12
S006718,M01286,2024-05-14,Fraud Complaint,Pending,29
S006719,M01561,2024-01-09,Fraud Complaint,Pending,15
S006720,M01877,2024-05-22,Account Access,Resolved,29
S006721,M00925,2024-06-02,Fraud Complaint,Resolved,19
S006722,M02772,2024-08-29,Refund Request,Escalated,22
S006723,M02760,2024-06-16,API Integration,Pending,9
S006724,M01015,2025-03-15,Refund Request,Escalated,20
S006725,M00651,2025-03-17,Refund Request,Escalated,18
S006726,M02969,2024-07-15,Fraud Complaint,Pending,36
S006727,M01402,2024-06-02,Refund Request,Pending,14
S006728,M01713,2025-02-19,API Integration,Resolved,36
S006729,M01186,2024-07-14,Account Access,Resolved,28
S006730,M00603,2025-03-02,API Integration,Resolved,13
S006731,M02260,2024-04-01,Account Access,Escalated,13
S006732,M01055,2024-01-19,API Integration,Escalated,10
S006733,M01249,2024-03-29,Refund Request,Escalated,37
S006734,M00331,2025-02-15,KYC Verification,Resolved,22
S006735,M01531,2025-04-23,Fraud Complaint,Escalated,25
S006736,M01188,2024-02-28,Fraud Complaint,Resolved,28
S006737,M00081,2025-05-07,Refund Request,Escalated,34
S006738,M00242,2025-02-01,Failed Payment,Pending,17
S006739,M01720,2025-03-01,Fraud Complaint,Escalated,32
S006740,M01860,2025-06-26,Refund Request,Escalated,39
S006741,M01453,2024-05-15,KYC Verification,Resolved,30
S006742,M02165,2025-01-15,Refund Request,Escalated,27
S006743,M02693,2024-09-05,API Integration,Escalated,16
S006744,M02479,2025-06-18,Fraud Complaint,Resolved,6
S006745,M00967,2024-09-02,Fraud Complaint,Resolved,14
S006746,M00192,2024-08-22,API Integration,Escalated,27
S006747,M01371,2024-08-02,Account Access,Pending,33
S006748,M02559,2024-03-12,Fraud Complaint,Resolved,25
S006749,M01249,2025-03-10,KYC Verification,Escalated,12
S006750,M01052,2024-08-08,KYC Verification,Escalated,36
S006751,M02290,2025-06-06,Refund Request,Resolved,41
S006752,M00809,2024-12-17,KYC Verification,Resolved,20
S006753,M02488,2024-11-20,API Integration,Pending,49
S006754,M02574,2025-06-18,KYC Verification,Escalated,4
S006755,M02929,2024-11-18,Fraud Complaint,Resolved,34
S006756,M00718,2024-01-30,Failed Payment,Escalated,36
S006757,M00243,2024-09-07,Failed Payment,Pending,43
S006758,M01130,2024-11-01,Refund Request,Escalated,23
S006759,M00531,2025-06-30,Refund Request,Resolved,34
S006760,M00190,2024-10-24,API Integration,Pending,34
S006761,M02745,2024-08-12,API Integration,Resolved,20
S006762,M02873,2024-09-04,Account Access,Resolved,36
S006763,M02306,2024-06-28,Fraud Complaint,Pending,25
S006764,M02785,2024-03-18,Failed Payment,Escalated,8
S006765,M01730,2025-01-16,API Integration,Pending,29
S006766,M02906,2025-06-13,Fraud Complaint,Escalated,21
S006767,M02694,2024-01-01,KYC Verification,Pending,32
S006768,M00113,2024-03-27,Failed Payment,Resolved,22
S006769,M02287,2024-07-15,Failed Payment,Escalated,19
S006770,M00724,2024-04-16,API Integration,Resolved,31
S006771,M01379,2024-03-26,Account Access,Pending,26
S006772,M02325,2025-07-02,Account Access,Resolved,19
S006773,M02920,2025-04-10,KYC Verification,Resolved,15
S006774,M00774,2024-11-18,API Integration,Pending,15
S006775,M00951,2024-04-25,Account Access,Resolved,29
S006776,M01205,2024-10-23,API Integration,Pending,30
S006777,M01849,2024-01-13,Fraud Complaint,Resolved,31
S006778,M00800,2024-08-02,Account Access,Pending,26
S006779,M01486,2024-09-14,Failed Payment,Escalated,31
S006780,M02067,2024-03-23,Refund Request,Pending,26
S006781,M01778,2024-04-05,Refund Request,Resolved,18
S006782,M00594,2025-01-21,API Integration,Resolved,20
S006783,M02183,2025-01-20,Fraud Complaint,Escalated,44
S006784,M01503,2024-02-10,Fraud Complaint,Pending,20
S006785,M01478,2024-12-02,API Integration,Escalated,33
S006786,M00322,2024-09-28,Failed Payment,Resolved,14
S006787,M00080,2025-06-09,Fraud Complaint,Escalated,31
S006788,M02133,2024-07-27,KYC Verification,Escalated,33
S006789,M03000,2024-02-22,Failed Payment,Escalated,6
S006790,M01585,2024-12-27,Fraud Complaint,Resolved,42
S006791,M01085,2025-05-15,Account Access,Pending,34
S006792,M01643,2025-03-22,Fraud Complaint,Resolved,21
S006793,M00247,2025-06-04,KYC Verification,Pending,30
S006794,M00344,2024-03-24,API Integration,Resolved,26
S006795,M01908,2024-08-05,API Integration,Resolved,23
S006796,M02909,2024-07-07,Fraud Complaint,Escalated,22
S006797,M00725,2024-12-08,Account Access,Escalated,19
S006798,M01032,2024-03-02,KYC Verification,Escalated,12
S006799,M00244,2024-06-28,Failed Payment,Pending,38
S006800,M00823,2024-11-12,Failed Payment,Escalated,26
S006801,M01539,2024-03-12,Failed Payment,Pending,11
S006802,M01166,2025-06-11,Refund Request,Escalated,23
S006803,M01904,2024-02-09,Account Access,Resolved,33
S006804,M02536,2024-08-05,Refund Request,Resolved,17
S006805,M01911,2024-01-12,Account Access,Escalated,23
S006806,M02771,2024-07-18,Refund Request,Escalated,41
S006807,M01174,2024-06-02,Failed Payment,Pending,36
S006808,M00107,2024-04-13,Refund Request,Resolved,28
S006809,M02421,2024-01-28,Refund Request,Resolved,21
S006810,M01325,2025-07-04,Account Access,Resolved,30
S006811,M02561,2024-10-20,Refund Request,Escalated,11
S006812,M02253,2024-04-16,KYC Verification,Pending,23
S006813,M01161,2024-03-11,Refund Request,Escalated,15
S006814,M00751,2024-03-24,Failed Payment,Pending,23
S006815,M00927,2024-04-27,API Integration,Escalated,26
S006816,M01003,2025-05-08,KYC Verification,Pending,49
S006817,M00624,2024-12-09,Fraud Complaint,Escalated,18
S006818,M00996,2024-04-29,API Integration,Resolved,17
S006819,M02169,2024-10-23,KYC Verification,Resolved,17
S006820,M00633,2024-11-22,Failed Payment,Escalated,22
S006821,M02329,2024-03-12,KYC Verification,Pending,27
S006822,M01264,2025-02-24,Fraud Complaint,Resolved,44
S006823,M02178,2025-01-11,Refund Request,Pending,20
S006824,M00053,2025-01-29,Account Access,Escalated,10
S006825,M00583,2025-03-22,API Integration,Escalated,5
S006826,M00689,2024-06-10,KYC Verification,Escalated,27
S006827,M00059,2024-01-31,Failed Payment,Pending,22
S006828,M00542,2024-04-06,Fraud Complaint,Resolved,42
S006829,M00750,2024-12-17,KYC Verification,Escalated,35
S006830,M01522,2024-10-02,Fraud Complaint,Escalated,31
S006831,M02368,2025-01-20,Account Access,Escalated,27
S006832,M00480,2024-10-03,Failed Payment,Pending,15
S006833,M02144,2024-10-06,Failed Payment,Pending,19
S006834,M02917,2024-07-19,Account Access,Resolved,14
S006835,M00063,2024-07-18,Refund Request,Pending,23
S006836,M01705,2024-05-16,Fraud Complaint,Pending,24
S006837,M02643,2024-10-22,Fraud Complaint,Pending,23
S006838,M00103,2025-02-15,Fraud Complaint,Pending,33
S006839,M02101,2025-06-23,API Integration,Escalated,34
S006840,M02309,2025-04-26,Refund Request,Resolved,22
S006841,M01212,2024-05-31,Refund Request,Escalated,19
S006842,M00798,2025-04-12,Account Access,Escalated,11
S006843,M00212,2024-06-24,Refund Request,Resolved,21
S006844,M00141,2024-07-21,Fraud Complaint,Escalated,17
S006845,M01452,2024-04-07,KYC Verification,Resolved,38
S006846,M02042,2025-06-11,Fraud Complaint,Escalated,14
S006847,M01612,2024-04-21,Account Access,Pending,45
S006848,M00448,2024-01-23,Fraud Complaint,Escalated,19
S006849,M02124,2025-03-06,Fraud Complaint,Escalated,31
S006850,M01944,2024-05-17,Refund Request,Escalated,20
S006851,M02879,2024-01-25,KYC Verification,Pending,36
S006852,M02995,2024-07-08,API Integration,Escalated,17
S006853,M02488,2025-05-07,Refund Request,Resolved,29
S006854,M02060,2024-08-07,Account Access,Pending,7
S006855,M01870,2024-08-31,Account Access,Pending,15
S006856,M00500,2024-08-25,Fraud Complaint,Pending,13
S006857,M02203,2024-05-31,KYC Verification,Pending,22
S006858,M01755,2024-04-11,Failed Payment,Pending,9
S006859,M02959,2025-07-02,Fraud Complaint,Resolved,36
S006860,M00301,2024-07-25,API Integration,Pending,22
S006861,M02925,2024-10-14,Failed Payment,Resolved,16
S006862,M02325,2024-09-22,KYC Verification,Escalated,6
S006863,M02090,2025-03-27,Refund Request,Escalated,22
S006864,M02757,2025-06-19,Fraud Complaint,Pending,32
S006865,M00482,2024-05-03,KYC Verification,Resolved,25
S006866,M00492,2024-12-23,Failed Payment,Resolved,14
S006867,M02034,2024-04-09,Failed Payment,Pending,27
S006868,M02058,2024-10-30,KYC Verification,Resolved,17
S006869,M01731,2024-03-22,KYC Verification,Pending,9
S006870,M00201,2024-01-03,Failed Payment,Pending,25
S006871,M00863,2024-03-21,Failed Payment,Pending,23
S006872,M00380,2024-07-22,Refund Request,Resolved,24
S006873,M00036,2024-04-22,Refund Request,Escalated,29
S006874,M02621,2024-06-06,Fraud Complaint,Resolved,14
S006875,M02677,2025-03-12,Refund Request,Escalated,19
S006876,M02112,2024-02-08,Failed Payment,Escalated,23
S006877,M01908,2024-08-09,KYC Verification,Escalated,12
S006878,M01011,2025-06-09,Refund Request,Pending,31
S006879,M00857,2025-06-13,Refund Request,Pending,25
S006880,M01580,2024-12-13,KYC Verification,Escalated,12
S006881,M00613,2024-05-25,KYC Verification,Resolved,20
S006882,M02513,2024-11-23,Refund Request,Escalated,29
S006883,M01482,2024-02-20,API Integration,Escalated,19
S006884,M00940,2025-03-05,KYC Verification,Resolved,11
S006885,M01687,2025-05-05,API Integration,Pending,7
S006886,M01404,2024-07-31,Refund Request,Resolved,30
S006887,M02902,2024-05-24,Refund Request,Pending,19
S006888,M01562,2024-04-27,KYC Verification,Resolved,32
S006889,M02445,2024-06-12,API Integration,Resolved,41
S006890,M02216,2024-02-25,KYC Verification,Escalated,16
S006891,M02977,2024-06-12,API Integration,Pending,37
S006892,M02148,2024-07-27,KYC Verification,Escalated,16
S006893,M02068,2024-10-15,Fraud Complaint,Escalated,10
S006894,M00237,2024-09-25,Account Access,Resolved,12
S006895,M00571,2024-09-26,Refund Request,Resolved,33
S006896,M00756,2025-02-06,Account Access,Escalated,56
S006897,M01221,2025-05-05,KYC Verification,Pending,21
S006898,M00734,2024-02-29,Account Access,Escalated,32
S006899,M01603,2025-01-29,Failed Payment,Escalated,44
S006900,M02151,2024-12-08,KYC Verification,Escalated,30
S006901,M00228,2024-05-03,Account Access,Resolved,35
S006902,M02183,2024-05-23,Failed Payment,Escalated,29
S006903,M00956,2025-01-06,Fraud Complaint,Resolved,17
S006904,M01248,2025-07-04,KYC Verification,Pending,40
S006905,M02506,2024-06-09,KYC Verification,Pending,30
S006906,M01616,2025-03-31,Refund Request,Resolved,32
S006907,M01676,2025-02-18,Refund Request,Pending,26
S006908,M00310,2025-03-18,API Integration,Pending,32
S006909,M00722,2024-04-15,Failed Payment,Resolved,33
S006910,M00048,2024-11-29,KYC Verification,Resolved,23
S006911,M01928,2025-04-21,KYC Verification,Resolved,18
S006912,M00249,2024-10-14,API Integration,Resolved,20
S006913,M00756,2025-01-07,Failed Payment,Resolved,17
S006914,M02298,2025-06-10,Account Access,Escalated,38
S006915,M01913,2025-01-01,API Integration,Pending,2
S006916,M00825,2024-04-30,Failed Payment,Escalated,38
S006917,M00625,2024-08-21,Fraud Complaint,Pending,5
S006918,M00851,2024-07-29,Fraud Complaint,Resolved,34
S006919,M01541,2025-06-03,Account Access,Resolved,34
S006920,M00145,2024-04-22,Account Access,Escalated,34
S006921,M00434,2025-05-25,KYC Verification,Escalated,20
S006922,M00587,2024-10-06,KYC Verification,Resolved,29
S006923,M02017,2025-01-18,Fraud Complaint,Escalated,17
S006924,M02867,2024-06-09,Fraud Complaint,Resolved,26
S006925,M02491,2024-10-17,Failed Payment,Pending,24
S006926,M00262,2024-06-24,Fraud Complaint,Resolved,39
S006927,M02602,2025-05-28,Account Access,Pending,14
S006928,M02743,2024-01-17,Failed Payment,Escalated,21
S006929,M01603,2024-05-23,Fraud Complaint,Pending,21
S006930,M01354,2025-02-01,API Integration,Resolved,5
S006931,M02477,2025-02-19,API Integration,Escalated,25
S006932,M02340,2024-09-16,Account Access,Escalated,31
S006933,M02965,2024-02-21,KYC Verification,Escalated,13
S006934,M01154,2024-02-06,API Integration,Escalated,31
S006935,M01144,2024-03-23,Refund Request,Escalated,20
S006936,M02558,2024-01-29,Account Access,Pending,35
S006937,M00793,2025-06-15,API Integration,Escalated,13
S006938,M00006,2025-05-04,Fraud Complaint,Resolved,28
S006939,M00478,2024-07-27,Failed Payment,Pending,25
S006940,M01320,2025-05-22,Refund Request,Resolved,29
S006941,M01049,2024-02-29,Refund Request,Pending,38
S006942,M01844,2024-05-18,Account Access,Pending,13
S006943,M01498,2024-11-20,API Integration,Pending,27
S006944,M02997,2025-02-02,API Integration,Escalated,16
S006945,M00040,2024-11-23,KYC Verification,Pending,15
S006946,M02233,2025-06-23,KYC Verification,Resolved,21
S006947,M01762,2025-01-01,Failed Payment,Resolved,21
S006948,M00462,2024-07-22,API Integration,Pending,23
S006949,M01465,2025-05-02,Account Access,Escalated,24
S006950,M00981,2025-04-27,KYC Verification,Escalated,37
S006951,M00915,2024-05-02,Account Access,Resolved,31
S006952,M01849,2024-04-10,Account Access,Pending,10
S006953,M00274,2024-07-04,KYC Verification,Resolved,30
S006954,M00177,2025-06-10,API Integration,Pending,32
S006955,M02655,2024-04-27,Failed Payment,Escalated,28
S006956,M00756,2025-05-10,Refund Request,Pending,26
S006957,M01623,2024-03-12,Fraud Complaint,Resolved,29
S006958,M00634,2024-07-01,Fraud Complaint,Resolved,17
S006959,M00446,2024-02-26,Fraud Complaint,Pending,17
S006960,M00616,2024-01-13,Failed Payment,Resolved,15
S006961,M02125,2024-07-21,Account Access,Resolved,1
S006962,M01511,2024-10-28,Failed Payment,Resolved,18
S006963,M00173,2025-03-01,KYC Verification,Resolved,11
S006964,M00688,2025-06-23,KYC Verification,Pending,17
S006965,M02548,2025-06-01,Fraud Complaint,Escalated,14
S006966,M00829,2024-09-15,Refund Request,Resolved,23
S006967,M02793,2025-05-30,Fraud Complaint,Pending,32
S006968,M00521,2024-01-07,KYC Verification,Pending,18
S006969,M01834,2024-11-16,Refund Request,Escalated,36
S006970,M01998,2025-02-27,KYC Verification,Resolved,19
S006971,M02536,2024-03-14,KYC Verification,Pending,3
S006972,M02550,2024-11-22,Failed Payment,Resolved,25
S006973,M01818,2024-10-16,Refund Request,Pending,12
S006974,M02789,2025-04-11,Failed Payment,Pending,29
S006975,M02045,2025-04-06,Failed Payment,Escalated,29
S006976,M02367,2024-04-27,KYC Verification,Pending,27
S006977,M01440,2024-04-12,Refund Request,Escalated,32
S006978,M00178,2024-08-30,Fraud Complaint,Pending,16
S006979,M02719,2024-05-13,KYC Verification,Resolved,19
S006980,M02225,2025-02-12,KYC Verification,Resolved,1
S006981,M01348,2024-11-02,Failed Payment,Escalated,28
S006982,M02105,2025-03-01,Failed Payment,Escalated,26
S006983,M02649,2025-03-13,Failed Payment,Pending,18
S006984,M02585,2025-03-22,Refund Request,Escalated,7
S006985,M02661,2024-05-17,KYC Verification,Resolved,10
S006986,M00148,2025-04-15,API Integration,Resolved,12
S006987,M00960,2025-03-05,KYC Verification,Pending,39
S006988,M01032,2025-06-09,Fraud Complaint,Pending,7
S006989,M01269,2024-10-18,Fraud Complaint,Resolved,45
S006990,M01672,2025-01-12,KYC Verification,Resolved,12
S006991,M00560,2025-06-08,Failed Payment,Escalated,3
S006992,M02601,2025-03-21,Fraud Complaint,Pending,11
S006993,M00253,2024-06-19,API Integration,Resolved,39
S006994,M02760,2025-07-04,API Integration,Resolved,27
S006995,M02202,2024-03-15,Account Access,Pending,17
S006996,M02353,2024-05-02,Failed Payment,Resolved,19
S006997,M01527,2024-12-10,Failed Payment,Escalated,27
S006998,M01860,2024-10-19,Fraud Complaint,Pending,32
S006999,M02574,2024-09-25,Fraud Complaint,Resolved,34
S007000,M01300,2025-05-01,Account Access,Pending,18
S007001,M01699,2024-02-27,KYC Verification,Escalated,5
S007002,M00670,2024-03-04,Refund Request,Resolved,31
S007003,M02311,2024-11-30,Failed Payment,Escalated,16
S007004,M00536,2025-04-04,Account Access,Escalated,40
S007005,M00568,2024-07-13,API Integration,Pending,37
S007006,M00218,2025-01-14,Fraud Complaint,Pending,11
S007007,M01228,2024-04-04,Failed Payment,Pending,26
S007008,M01009,2024-05-06,Refund Request,Pending,3
S007009,M01258,2024-06-06,API Integration,Pending,32
S007010,M01130,2024-11-29,Failed Payment,Pending,1
S007011,M00446,2024-10-23,Failed Payment,Escalated,32
S007012,M01114,2024-09-07,Refund Request,Pending,38
S007013,M02954,2025-06-09,API Integration,Resolved,9
S007014,M01634,2025-03-03,Account Access,Pending,26
S007015,M01455,2025-02-27,Fraud Complaint,Pending,1
S007016,M02250,2024-01-01,Account Access,Escalated,22
S007017,M01030,2024-06-08,KYC Verification,Escalated,15
S007018,M00632,2025-01-18,Refund Request,Resolved,25
S007019,M00166,2024-08-28,Fraud Complaint,Resolved,25
S007020,M01975,2025-06-11,Failed Payment,Escalated,22
S007021,M01440,2024-01-13,Failed Payment,Pending,24
S007022,M02226,2024-05-25,API Integration,Escalated,1
S007023,M01384,2024-10-14,Fraud Complaint,Escalated,18
S007024,M00558,2025-02-21,KYC Verification,Escalated,5
S007025,M01296,2024-05-29,Account Access,Resolved,45
S007026,M01384,2025-01-28,Account Access,Resolved,23
S007027,M01190,2024-05-23,KYC Verification,Resolved,20
S007028,M00082,2025-01-26,Failed Payment,Resolved,28
S007029,M02684,2024-10-16,Failed Payment,Escalated,39
S007030,M00543,2024-12-28,Failed Payment,Escalated,17
S007031,M01291,2025-02-14,Failed Payment,Resolved,1
S007032,M02255,2024-07-31,Fraud Complaint,Pending,9
S007033,M01880,2024-12-05,Fraud Complaint,Pending,28
S007034,M00826,2024-03-11,Failed Payment,Resolved,38
S007035,M00796,2024-01-18,Refund Request,Pending,33
S007036,M01292,2024-02-26,Refund Request,Resolved,25
S007037,M02258,2025-03-22,Account Access,Escalated,13
S007038,M01077,2024-10-21,API Integration,Resolved,26
S007039,M01283,2024-02-10,Refund Request,Escalated,35
S007040,M01289,2025-05-22,Failed Payment,Pending,36
S007041,M02976,2024-06-26,Fraud Complaint,Resolved,27
S007042,M00255,2025-04-05,Fraud Complaint,Escalated,11
S007043,M02764,2025-01-14,Fraud Complaint,Escalated,33
S007044,M00770,2025-01-03,Failed Payment,Pending,35
S007045,M00395,2024-03-26,KYC Verification,Resolved,16
S007046,M01081,2024-11-20,Fraud Complaint,Resolved,26
S007047,M00800,2024-02-29,Fraud Complaint,Escalated,22
S007048,M01683,2024-06-07,Account Access,Escalated,43
S007049,M00620,2024-08-02,KYC Verification,Escalated,16
S007050,M01989,2024-11-09,Fraud Complaint,Resolved,17
S007051,M00960,2025-01-05,API Integration,Resolved,29
S007052,M02456,2024-10-03,Fraud Complaint,Pending,19
S007053,M00640,2025-01-22,Failed Payment,Escalated,20
S007054,M00223,2024-03-11,Failed Payment,Pending,16
S007055,M01950,2025-04-13,Refund Request,Resolved,17
S007056,M01812,2025-01-28,KYC Verification,Resolved,1
S007057,M02669,2025-01-04,Account Access,Pending,43
S007058,M01626,2024-06-27,KYC Verification,Escalated,21
S007059,M00570,2024-03-25,API Integration,Resolved,30
S007060,M01776,2024-07-04,Fraud Complaint,Escalated,22
S007061,M02857,2024-02-23,Fraud Complaint,Pending,20
S007062,M02277,2025-04-05,Fraud Complaint,Pending,19
S007063,M00887,2024-03-28,Fraud Complaint,Escalated,42
S007064,M01241,2025-02-26,Failed Payment,Pending,19
S007065,M01306,2024-03-13,Refund Request,Pending,22
S007066,M01035,2025-04-12,KYC Verification,Pending,24
S007067,M02735,2024-12-27,Refund Request,Resolved,32
S007068,M00056,2025-06-14,KYC Verification,Escalated,56
S007069,M00447,2024-06-04,Account Access,Resolved,30
S007070,M02321,2024-07-19,Fraud Complaint,Pending,13
S007071,M00413,2024-12-08,Account Access,Escalated,16
S007072,M00608,2025-04-23,Account Access,Escalated,13
S007073,M01136,2025-01-17,Failed Payment,Escalated,26
S007074,M02760,2024-10-14,Failed Payment,Pending,19
S007075,M01921,2024-08-24,Account Access,Escalated,26
S007076,M00259,2024-07-22,Refund Request,Escalated,48
S007077,M02830,2024-04-05,Failed Payment,Resolved,20
S007078,M02950,2024-11-29,Fraud Complaint,Resolved,31
S007079,M01869,2024-01-12,Account Access,Resolved,45
S007080,M02140,2025-02-21,Account Access,Resolved,1
S007081,M02136,2024-08-19,Failed Payment,Escalated,32
S007082,M00999,2025-03-13,Fraud Complaint,Resolved,35
S007083,M00742,2024-10-02,Fraud Complaint,Escalated,21
S007084,M02085,2024-07-20,Account Access,Resolved,33
S007085,M01731,2024-05-22,Account Access,Resolved,29
S007086,M01902,2024-05-23,API Integration,Escalated,33
S007087,M02140,2024-05-04,KYC Verification,Escalated,24
S007088,M02432,2024-12-22,API Integration,Pending,4
S007089,M00158,2024-05-30,Account Access,Pending,15
S007090,M02202,2024-05-14,Account Access,Resolved,14
S007091,M01141,2025-01-24,Failed Payment,Escalated,17
S007092,M01216,2024-01-14,Failed Payment,Escalated,14
S007093,M02349,2025-02-21,Refund Request,Resolved,18
S007094,M00536,2025-06-24,Fraud Complaint,Resolved,20
S007095,M01387,2024-07-31,KYC Verification,Pending,18
S007096,M01394,2025-04-30,API Integration,Escalated,34
S007097,M00994,2024-01-17,Fraud Complaint,Pending,24
S007098,M02569,2025-04-19,Account Access,Pending,12
S007099,M02016,2024-11-19,Failed Payment,Pending,29
S007100,M00008,2025-06-06,Account Access,Escalated,15
S007101,M01141,2025-06-12,KYC Verification,Pending,16
S007102,M00608,2024-06-25,Account Access,Resolved,21
S007103,M01775,2024-05-03,KYC Verification,Resolved,32
S007104,M02947,2024-10-23,Failed Payment,Escalated,20
S007105,M02003,2024-07-06,Fraud Complaint,Escalated,18
S007106,M00907,2024-08-26,Account Access,Escalated,8
S007107,M02025,2024-08-16,Refund Request,Pending,23
S007108,M01330,2024-11-17,API Integration,Pending,26
S007109,M02061,2024-05-28,Fraud Complaint,Pending,19
S007110,M00744,2024-06-24,Refund Request,Resolved,29
S007111,M01854,2025-05-16,Failed Payment,Escalated,13
S007112,M00172,2025-03-18,Refund Request,Escalated,26
S007113,M02285,2025-04-14,Fraud Complaint,Pending,31
S007114,M01394,2024-01-24,API Integration,Pending,12
S007115,M00796,2024-06-16,Failed Payment,Pending,16
S007116,M01921,2025-07-02,Refund Request,Escalated,1
S007117,M01747,2025-05-02,API Integration,Pending,22
S007118,M02532,2025-05-24,Fraud Complaint,Pending,17
S007119,M00735,2024-12-31,Failed Payment,Resolved,15
S007120,M02318,2024-10-01,KYC Verification,Resolved,18
S007121,M02778,2024-09-29,Fraud Complaint,Resolved,26
S007122,M02641,2024-02-26,KYC Verification,Escalated,7
S007123,M00447,2025-02-25,Fraud Complaint,Pending,29
S007124,M02094,2024-01-28,KYC Verification,Escalated,24
S007125,M01014,2024-09-19,API Integration,Escalated,26
S007126,M00726,2024-02-22,KYC Verification,Resolved,18
S007127,M01669,2024-01-21,KYC Verification,Pending,15
S007128,M01360,2024-05-06,Failed Payment,Pending,8
S007129,M01507,2025-05-14,Refund Request,Escalated,33
S007130,M00015,2024-05-11,KYC Verification,Resolved,37
S007131,M00726,2025-03-01,Failed Payment,Resolved,31
S007132,M00992,2024-06-19,KYC Verification,Pending,20
S007133,M01945,2025-02-11,Fraud Complaint,Resolved,29
S007134,M01643,2024-06-13,KYC Verification,Pending,15
S007135,M02348,2025-06-15,KYC Verification,Escalated,13
S007136,M01265,2024-01-07,API Integration,Pending,38
S007137,M00221,2024-06-11,Failed Payment,Resolved,21
S007138,M01830,2024-10-16,Refund Request,Escalated,30
S007139,M01379,2024-12-05,Failed Payment,Resolved,14
S007140,M02802,2025-05-11,Failed Payment,Pending,18
S007141,M01971,2025-02-20,API Integration,Resolved,34
S007142,M00597,2025-06-14,Failed Payment,Pending,40
S007143,M00422,2024-02-29,KYC Verification,Pending,4
S007144,M00216,2024-03-29,Account Access,Escalated,19
S007145,M01853,2025-06-22,Failed Payment,Escalated,34
S007146,M01012,2024-10-24,Fraud Complaint,Resolved,33
S007147,M01335,2024-03-23,Account Access,Escalated,31
S007148,M02993,2025-02-19,API Integration,Pending,12
S007149,M01267,2025-02-16,Refund Request,Escalated,4
S007150,M00699,2025-04-09,Failed Payment,Escalated,25
S007151,M02686,2025-03-06,Fraud Complaint,Escalated,17
S007152,M00517,2024-07-10,Fraud Complaint,Escalated,26
S007153,M00791,2024-01-08,API Integration,Escalated,22
S007154,M02681,2024-05-09,Refund Request,Resolved,39
S007155,M00498,2024-10-26,Fraud Complaint,Pending,43
S007156,M02695,2024-05-13,KYC Verification,Resolved,28
S007157,M00892,2025-01-16,Failed Payment,Pending,23
S007158,M02741,2025-01-13,Failed Payment,Escalated,23
S007159,M02942,2024-10-23,API Integration,Escalated,21
S007160,M02947,2025-03-22,Failed Payment,Pending,8
S007161,M01931,2024-04-20,Fraud Complaint,Resolved,10
S007162,M01019,2024-01-01,API Integration,Pending,13
S007163,M00695,2025-07-04,Account Access,Escalated,16
S007164,M02695,2024-06-09,API Integration,Pending,11
S007165,M00065,2024-09-26,Failed Payment,Pending,23
S007166,M02008,2025-02-04,API Integration,Escalated,10
S007167,M02971,2025-04-28,Refund Request,Resolved,28
S007168,M02279,2024-09-05,KYC Verification,Resolved,35
S007169,M00641,2024-11-20,Fraud Complaint,Escalated,27
S007170,M00455,2024-01-06,Failed Payment,Pending,25
S007171,M01908,2024-10-30,Fraud Complaint,Escalated,17
S007172,M00905,2024-11-10,Account Access,Escalated,25
S007173,M00077,2024-08-12,Refund Request,Pending,28
S007174,M01790,2025-06-18,Refund Request,Resolved,19
S007175,M01126,2024-01-30,KYC Verification,Resolved,11
S007176,M02626,2025-06-12,Refund Request,Pending,21
S007177,M00419,2025-03-10,API Integration,Pending,44
S007178,M02519,2024-01-04,Refund Request,Escalated,18
S007179,M00620,2025-06-14,Account Access,Pending,21
S007180,M02068,2024-07-30,Refund Request,Resolved,1
S007181,M02654,2024-11-07,API Integration,Pending,22
S007182,M00206,2025-03-04,KYC Verification,Pending,26
S007183,M00869,2024-06-21,Refund Request,Pending,14
S007184,M01818,2025-05-06,Fraud Complaint,Escalated,8
S007185,M00459,2025-03-26,Account Access,Resolved,19
S007186,M00407,2024-03-26,Account Access,Escalated,21
S007187,M01612,2024-09-13,KYC Verification,Resolved,15
S007188,M02343,2024-08-30,Fraud Complaint,Resolved,18
S007189,M00176,2025-05-17,API Integration,Pending,23
S007190,M00061,2024-09-15,Refund Request,Pending,39
S007191,M02530,2025-01-24,Fraud Complaint,Escalated,26
S007192,M01428,2024-07-10,Failed Payment,Escalated,22
S007193,M00956,2024-09-16,API Integration,Escalated,1
S007194,M02171,2025-06-23,API Integration,Escalated,27
S007195,M02045,2024-12-13,Fraud Complaint,Pending,18
S007196,M02055,2024-01-28,KYC Verification,Resolved,17
S007197,M02209,2024-03-03,KYC Verification,Resolved,17
S007198,M00366,2024-10-11,API Integration,Escalated,35
S007199,M01254,2024-11-25,Fraud Complaint,Escalated,29
S007200,M01095,2025-01-07,Failed Payment,Pending,42
S007201,M01707,2025-04-29,Account Access,Pending,7
S007202,M01280,2025-06-07,KYC Verification,Resolved,36
S007203,M01198,2024-01-19,KYC Verification,Pending,9
S007204,M00162,2024-04-07,Account Access,Resolved,18
S007205,M00907,2025-04-13,Fraud Complaint,Resolved,21
S007206,M01172,2024-10-03,KYC Verification,Pending,24
S007207,M02323,2024-05-02,API Integration,Pending,40
S007208,M01924,2024-01-19,KYC Verification,Resolved,23
S007209,M00992,2024-12-01,Account Access,Escalated,24
S007210,M00976,2024-08-07,Account Access,Pending,8
S007211,M02856,2024-09-17,Refund Request,Resolved,15
S007212,M02076,2025-06-19,Refund Request,Pending,14
S007213,M01180,2024-04-22,Account Access,Escalated,21
S007214,M01275,2024-06-07,Fraud Complaint,Escalated,17
S007215,M00896,2024-12-02,KYC Verification,Escalated,15
S007216,M00717,2025-03-23,Refund Request,Pending,15
S007217,M00080,2025-05-18,Failed Payment,Resolved,47
S007218,M01887,2024-08-02,Refund Request,Pending,41
S007219,M00051,2024-07-28,Account Access,Resolved,1
S007220,M02528,2025-05-19,Failed Payment,Pending,13
S007221,M02879,2024-06-04,Failed Payment,Resolved,11
S007222,M02105,2024-09-06,Failed Payment,Escalated,12
S007223,M00041,2025-03-12,Refund Request,Pending,43
S007224,M02493,2025-03-08,Account Access,Pending,20
S007225,M00310,2025-04-22,Refund Request,Resolved,6
S007226,M01282,2024-02-27,Failed Payment,Resolved,22
S007227,M02212,2024-10-28,Refund Request,Escalated,36
S007228,M02812,2024-04-08,Failed Payment,Pending,34
S007229,M01836,2024-09-22,Fraud Complaint,Escalated,27
S007230,M02094,2024-09-12,API Integration,Resolved,33
S007231,M01494,2024-05-26,KYC Verification,Resolved,35
S007232,M02910,2024-12-25,API Integration,Resolved,26
S007233,M02556,2024-01-16,Refund Request,Resolved,10
S007234,M02119,2024-05-19,KYC Verification,Resolved,21
S007235,M02063,2024-06-09,Failed Payment,Resolved,41
S007236,M00891,2025-06-12,KYC Verification,Escalated,21
S007237,M00290,2025-02-25,Failed Payment,Resolved,23
S007238,M00817,2024-04-16,KYC Verification,Escalated,12
S007239,M01054,2024-08-22,Failed Payment,Escalated,7
S007240,M00419,2024-09-20,Fraud Complaint,Pending,17
S007241,M02194,2024-08-12,KYC Verification,Pending,14
S007242,M02449,2024-03-13,Refund Request,Escalated,19
S007243,M00704,2024-09-10,KYC Verification,Escalated,26
S007244,M01459,2024-06-09,Fraud Complaint,Resolved,14
S007245,M00296,2024-05-11,KYC Verification,Pending,25
S007246,M01851,2024-02-05,API Integration,Resolved,24
S007247,M00283,2025-05-23,Failed Payment,Pending,49
S007248,M02450,2024-12-11,KYC Verification,Resolved,32
S007249,M01077,2024-04-27,Failed Payment,Escalated,25
S007250,M02427,2024-11-14,KYC Verification,Resolved,9
S007251,M01058,2025-03-02,Account Access,Escalated,27
S007252,M00610,2024-05-18,Refund Request,Pending,25
S007253,M02500,2024-12-24,Fraud Complaint,Pending,19
S007254,M02082,2024-03-07,Account Access,Pending,22
S007255,M00443,2024-05-12,Refund Request,Escalated,25
S007256,M00109,2025-01-31,Failed Payment,Pending,34
S007257,M00059,2025-01-22,Account Access,Escalated,21
S007258,M01683,2024-12-20,Account Access,Escalated,26
S007259,M00210,2024-02-14,Refund Request,Escalated,23
S007260,M01559,2024-02-14,API Integration,Pending,12
S007261,M00788,2025-05-19,Account Access,Resolved,17
S007262,M01627,2024-04-18,API Integration,Escalated,27
S007263,M01956,2025-04-12,KYC Verification,Escalated,42
S007264,M01119,2024-05-25,Refund Request,Escalated,21
S007265,M01661,2024-10-22,API Integration,Escalated,27
S007266,M00230,2024-12-08,API Integration,Resolved,26
S007267,M02456,2024-01-27,Account Access,Resolved,24
S007268,M01686,2025-04-14,Fraud Complaint,Escalated,10
S007269,M02349,2025-03-08,KYC Verification,Resolved,10
S007270,M01725,2025-03-09,Refund Request,Pending,10
S007271,M01686,2024-09-10,KYC Verification,Resolved,32
S007272,M01180,2025-03-09,Refund Request,Pending,36
S007273,M02618,2025-02-19,KYC Verification,Pending,17
S007274,M00972,2024-10-23,API Integration,Pending,42
S007275,M00090,2024-04-27,Account Access,Pending,28
S007276,M00760,2024-05-28,Fraud Complaint,Pending,30
S007277,M01072,2024-09-30,Refund Request,Pending,26
S007278,M00138,2025-04-17,Failed Payment,Escalated,7
S007279,M01344,2024-03-03,Refund Request,Resolved,15
S007280,M00635,2024-04-10,Failed Payment,Resolved,32
S007281,M00952,2024-06-17,Fraud Complaint,Escalated,11
S007282,M01331,2024-02-14,KYC Verification,Pending,30
S007283,M01261,2024-07-25,Refund Request,Resolved,36
S007284,M02763,2024-07-14,Refund Request,Resolved,23
S007285,M02157,2025-07-01,Fraud Complaint,Pending,43
S007286,M01721,2025-03-03,API Integration,Resolved,24
S007287,M02845,2024-05-19,Fraud Complaint,Resolved,28
S007288,M01194,2025-01-20,Fraud Complaint,Escalated,25
S007289,M02086,2024-08-16,Fraud Complaint,Escalated,24
S007290,M00831,2024-10-13,Account Access,Escalated,21
S007291,M00477,2024-02-20,Fraud Complaint,Pending,12
S007292,M00593,2024-04-19,Failed Payment,Resolved,41
S007293,M02409,2024-11-22,Failed Payment,Pending,12
S007294,M01096,2025-04-04,Failed Payment,Escalated,40
S007295,M02120,2024-12-14,Failed Payment,Resolved,25
S007296,M00459,2024-04-25,Account Access,Resolved,13
S007297,M00666,2025-01-31,API Integration,Pending,24
S007298,M01783,2024-04-09,API Integration,Resolved,24
S007299,M00437,2024-08-05,KYC Verification,Resolved,30
S007300,M01811,2024-11-16,API Integration,Escalated,24
S007301,M02314,2024-02-10,Fraud Complaint,Escalated,32
S007302,M02503,2024-01-04,Refund Request,Resolved,27
S007303,M01162,2024-01-27,Account Access,Pending,39
S007304,M01857,2025-05-22,Refund Request,Resolved,13
S007305,M01405,2025-04-29,Account Access,Pending,27
S007306,M02567,2025-06-18,Failed Payment,Resolved,10
S007307,M00235,2024-12-08,Failed Payment,Escalated,7
S007308,M00971,2024-06-18,KYC Verification,Escalated,29
S007309,M02951,2024-08-23,KYC Verification,Pending,1
S007310,M02722,2025-02-10,Refund Request,Pending,15
S007311,M00161,2024-07-18,Fraud Complaint,Escalated,26
S007312,M00214,2024-11-18,Failed Payment,Resolved,14
S007313,M02615,2025-01-23,API Integration,Escalated,22
S007314,M02834,2024-07-23,Refund Request,Resolved,32
S007315,M02882,2024-03-05,Account Access,Escalated,30
S007316,M02655,2024-09-07,Refund Request,Escalated,27
S007317,M02649,2024-09-27,Fraud Complaint,Pending,26
S007318,M00795,2025-01-23,Account Access,Resolved,23
S007319,M02202,2024-12-22,Fraud Complaint,Pending,17
S007320,M00522,2024-10-26,Failed Payment,Escalated,11
S007321,M02189,2024-07-24,Fraud Complaint,Resolved,22
S007322,M01106,2024-08-06,Fraud Complaint,Pending,21
S007323,M02000,2024-10-08,Failed Payment,Escalated,25
S007324,M02980,2025-03-06,Failed Payment,Resolved,40
S007325,M02351,2025-01-31,API Integration,Resolved,19
S007326,M00502,2024-09-01,API Integration,Pending,31
S007327,M01859,2024-09-21,Account Access,Pending,19
S007328,M00724,2024-05-06,Account Access,Escalated,29
S007329,M02196,2024-06-19,Fraud Complaint,Escalated,23
S007330,M01795,2024-04-16,Fraud Complaint,Escalated,5
S007331,M01275,2024-01-26,Account Access,Escalated,31
S007332,M00499,2024-02-29,API Integration,Resolved,34
S007333,M01347,2025-03-05,Failed Payment,Resolved,25
S007334,M01125,2024-07-31,Refund Request,Pending,16
S007335,M02101,2024-02-28,Refund Request,Resolved,16
S007336,M00920,2024-06-04,KYC Verification,Escalated,46
S007337,M00102,2025-03-02,KYC Verification,Resolved,25
S007338,M00658,2024-03-04,Failed Payment,Escalated,42
S007339,M02101,2024-06-23,Account Access,Escalated,21
S007340,M00492,2024-03-11,Failed Payment,Pending,25
S007341,M01757,2025-05-19,API Integration,Pending,44
S007342,M02053,2024-08-17,Failed Payment,Escalated,16
S007343,M02559,2024-05-22,KYC Verification,Pending,29
S007344,M02496,2025-03-31,Refund Request,Pending,35
S007345,M00525,2025-02-12,Refund Request,Resolved,26
S007346,M02773,2024-05-22,Failed Payment,Escalated,26
S007347,M02589,2024-12-01,Refund Request,Escalated,25
S007348,M00176,2024-06-21,Failed Payment,Pending,30
S007349,M00957,2024-08-04,Fraud Complaint,Escalated,43
S007350,M00548,2024-11-10,API Integration,Pending,37
S007351,M02418,2025-07-01,Fraud Complaint,Pending,20
S007352,M01247,2024-05-06,Refund Request,Escalated,23
S007353,M01659,2024-11-13,Refund Request,Escalated,13
S007354,M01861,2025-04-26,Failed Payment,Pending,43
S007355,M00126,2024-02-03,Refund Request,Resolved,19
S007356,M00348,2024-11-03,Failed Payment,Pending,38
S007357,M00265,2025-01-14,Account Access,Resolved,13
S007358,M00984,2024-05-01,Refund Request,Escalated,29
S007359,M01289,2024-05-03,Failed Payment,Pending,15
S007360,M01257,2024-02-18,KYC Verification,Escalated,33
S007361,M02401,2025-03-13,Failed Payment,Escalated,19
S007362,M02741,2024-07-28,KYC Verification,Escalated,29
S007363,M02346,2024-03-24,Fraud Complaint,Pending,28
S007364,M01482,2024-08-20,KYC Verification,Resolved,21
S007365,M01012,2025-01-21,Account Access,Escalated,31
S007366,M02879,2024-02-12,KYC Verification,Pending,33
S007367,M01023,2025-01-31,Failed Payment,Resolved,28
S007368,M02078,2024-03-31,Fraud Complaint,Escalated,14
S007369,M00504,2024-01-18,KYC Verification,Pending,34
S007370,M01582,2024-09-08,Account Access,Pending,30
S007371,M02167,2025-05-28,KYC Verification,Resolved,26
S007372,M02707,2025-03-06,Failed Payment,Escalated,28
S007373,M02961,2025-04-09,Account Access,Pending,3
S007374,M02685,2025-01-16,Refund Request,Escalated,24
S007375,M01105,2025-01-26,API Integration,Pending,1
S007376,M02848,2025-02-23,API Integration,Escalated,24
S007377,M01118,2024-02-05,Fraud Complaint,Pending,41
S007378,M02554,2025-02-06,KYC Verification,Escalated,27
S007379,M02084,2025-01-23,KYC Verification,Pending,27
S007380,M01353,2025-06-12,Failed Payment,Resolved,33
S007381,M02676,2024-06-13,API Integration,Escalated,25
S007382,M01344,2025-03-21,Account Access,Escalated,27
S007383,M01199,2024-02-20,Failed Payment,Resolved,18
S007384,M00196,2025-01-15,KYC Verification,Escalated,25
S007385,M00518,2024-08-28,Account Access,Escalated,26
S007386,M01492,2024-04-15,API Integration,Resolved,7
S007387,M02209,2024-11-24,Refund Request,Pending,33
S007388,M02921,2024-04-02,Fraud Complaint,Resolved,19
S007389,M01963,2024-02-10,Account Access,Pending,18
S007390,M01747,2025-02-06,Failed Payment,Escalated,19
S007391,M01416,2024-01-27,Failed Payment,Escalated,3
S007392,M00346,2024-04-21,KYC Verification,Pending,5
S007393,M00563,2025-06-01,KYC Verification,Resolved,24
S007394,M02437,2024-01-04,Account Access,Pending,26
S007395,M01313,2025-01-29,KYC Verification,Escalated,32
S007396,M00242,2024-11-25,API Integration,Pending,14
S007397,M00381,2025-02-04,Fraud Complaint,Pending,10
S007398,M00049,2024-11-14,Failed Payment,Escalated,36
S007399,M01136,2024-07-01,Fraud Complaint,Pending,30
S007400,M01643,2024-03-30,Failed Payment,Pending,20
S007401,M01614,2024-10-17,Failed Payment,Pending,34
S007402,M00975,2024-12-24,Refund Request,Escalated,40
S007403,M01173,2024-02-07,KYC Verification,Pending,28
S007404,M01106,2024-10-03,Account Access,Pending,17
S007405,M00740,2024-02-21,Fraud Complaint,Escalated,2
S007406,M00337,2024-02-01,Account Access,Resolved,24
S007407,M00975,2025-04-27,Account Access,Pending,14
S007408,M00731,2025-01-25,Account Access,Pending,10
S007409,M00661,2024-08-20,Failed Payment,Pending,20
S007410,M01349,2024-10-06,Refund Request,Pending,40
S007411,M00257,2024-03-16,Failed Payment,Resolved,26
S007412,M02366,2025-02-16,Fraud Complaint,Resolved,34
S007413,M02220,2025-04-29,API Integration,Escalated,39
S007414,M02803,2024-05-05,Refund Request,Pending,12
S007415,M00848,2025-04-14,Refund Request,Escalated,21
S007416,M01567,2025-02-12,API Integration,Resolved,21
S007417,M01515,2024-02-06,API Integration,Pending,35
S007418,M01879,2024-08-22,Account Access,Resolved,22
S007419,M01935,2024-04-15,Refund Request,Pending,16
S007420,M01262,2024-10-02,Failed Payment,Escalated,23
S007421,M00304,2025-02-15,KYC Verification,Pending,14
S007422,M01526,2024-08-07,KYC Verification,Pending,13
S007423,M01205,2024-11-02,API Integration,Resolved,20
S007424,M00732,2024-08-26,Fraud Complaint,Resolved,36
S007425,M01849,2024-06-06,Account Access,Resolved,21
S007426,M00914,2025-01-14,Fraud Complaint,Escalated,11
S007427,M02436,2024-11-20,Refund Request,Escalated,34
S007428,M00484,2025-06-10,Refund Request,Pending,41
S007429,M00981,2025-05-14,API Integration,Pending,21
S007430,M01797,2024-07-17,Fraud Complaint,Escalated,27
S007431,M00419,2024-03-17,Refund Request,Resolved,15
S007432,M02503,2024-10-23,Fraud Complaint,Resolved,19
S007433,M00598,2024-11-03,KYC Verification,Escalated,18
S007434,M01073,2024-08-04,Failed Payment,Resolved,1
S007435,M00639,2024-11-29,API Integration,Resolved,23
S007436,M02957,2024-02-11,Account Access,Escalated,19
S007437,M00194,2024-05-02,API Integration,Resolved,30
S007438,M00255,2024-03-11,API Integration,Escalated,29
S007439,M01597,2025-04-23,Fraud Complaint,Pending,37
S007440,M00623,2024-06-25,API Integration,Pending,22
S007441,M01288,2024-11-29,Refund Request,Resolved,12
S007442,M02272,2024-02-14,Fraud Complaint,Resolved,24
S007443,M00665,2024-10-08,Account Access,Escalated,27
S007444,M02430,2025-06-29,API Integration,Escalated,23
S007445,M00570,2025-02-09,Refund Request,Pending,14
S007446,M02355,2024-10-24,Fraud Complaint,Pending,10
S007447,M01984,2025-02-24,Failed Payment,Escalated,26
S007448,M02509,2024-07-17,Failed Payment,Resolved,4
S007449,M01678,2024-08-26,API Integration,Pending,19
S007450,M02249,2025-01-29,KYC Verification,Resolved,30
S007451,M01965,2024-10-26,KYC Verification,Escalated,24
S007452,M00683,2025-05-20,Fraud Complaint,Resolved,26
S007453,M01712,2024-07-12,KYC Verification,Escalated,31
S007454,M02135,2025-06-23,Refund Request,Pending,19
S007455,M00500,2024-07-06,KYC Verification,Escalated,12
S007456,M01590,2025-04-11,KYC Verification,Pending,30
S007457,M02595,2025-02-03,Account Access,Resolved,22
S007458,M02060,2024-06-14,Account Access,Escalated,35
S007459,M02753,2025-06-25,Account Access,Escalated,24
S007460,M01143,2024-08-29,KYC Verification,Pending,22
S007461,M01686,2025-05-17,Failed Payment,Resolved,1
S007462,M02973,2025-01-10,API Integration,Pending,32
S007463,M00230,2025-05-02,Fraud Complaint,Pending,33
S007464,M00247,2025-01-21,API Integration,Escalated,6
S007465,M00117,2024-04-02,Account Access,Resolved,29
S007466,M02784,2024-06-16,Fraud Complaint,Resolved,31
S007467,M02176,2024-05-08,Failed Payment,Resolved,24
S007468,M02174,2024-01-04,Refund Request,Escalated,19
S007469,M02966,2025-06-11,KYC Verification,Pending,27
S007470,M02630,2024-06-30,Fraud Complaint,Resolved,19
S007471,M00624,2025-06-07,KYC Verification,Pending,22
S007472,M01008,2024-10-01,Refund Request,Escalated,1
S007473,M02143,2025-03-07,Failed Payment,Pending,17
S007474,M01685,2025-01-31,Account Access,Pending,11
S007475,M01282,2024-01-11,Account Access,Escalated,35
S007476,M02893,2025-04-22,Fraud Complaint,Escalated,18
S007477,M00760,2024-06-02,API Integration,Escalated,12
S007478,M01740,2024-12-25,Fraud Complaint,Escalated,29
S007479,M02057,2024-09-01,Failed Payment,Pending,16
S007480,M00276,2024-03-25,API Integration,Resolved,22
S007481,M01351,2024-12-22,Account Access,Resolved,22
S007482,M02741,2024-12-06,Fraud Complaint,Escalated,29
S007483,M02115,2025-06-13,API Integration,Resolved,9
S007484,M02791,2024-10-13,KYC Verification,Resolved,28
S007485,M02352,2025-01-12,KYC Verification,Resolved,26
S007486,M01482,2024-12-06,Refund Request,Escalated,19
S007487,M02268,2025-01-02,Fraud Complaint,Resolved,34
S007488,M02111,2024-10-08,KYC Verification,Pending,29
S007489,M02604,2025-04-09,API Integration,Escalated,36
S007490,M02936,2025-06-24,KYC Verification,Escalated,34
S007491,M00131,2024-03-21,Account Access,Escalated,31
S007492,M02889,2025-06-08,Account Access,Resolved,10
S007493,M02864,2025-02-08,API Integration,Escalated,36
S007494,M01689,2024-10-29,KYC Verification,Escalated,36
S007495,M02594,2025-06-27,Failed Payment,Resolved,9
S007496,M02166,2025-03-15,API Integration,Pending,11
S007497,M00412,2024-06-29,Fraud Complaint,Pending,19
S007498,M00913,2024-01-23,KYC Verification,Escalated,32
S007499,M02731,2025-03-24,Failed Payment,Pending,27
S007500,M01159,2024-02-23,Fraud Complaint,Escalated,44
S007501,M00167,2024-02-20,Refund Request,Pending,22
S007502,M00152,2024-04-18,Account Access,Resolved,18
S007503,M01338,2024-01-23,KYC Verification,Escalated,30
S007504,M00411,2024-05-15,KYC Verification,Pending,25
S007505,M00644,2025-01-05,Account Access,Escalated,38
S007506,M00579,2024-06-30,Failed Payment,Resolved,27
S007507,M01212,2025-02-26,Failed Payment,Resolved,35
S007508,M00968,2025-04-09,Account Access,Resolved,19
S007509,M02662,2024-04-18,KYC Verification,Pending,11
S007510,M01312,2024-04-22,Account Access,Pending,23
S007511,M00617,2025-03-25,API Integration,Resolved,23
S007512,M01895,2024-07-16,API Integration,Escalated,23
S007513,M00715,2024-08-16,Failed Payment,Resolved,31
S007514,M02237,2025-03-04,KYC Verification,Escalated,24
S007515,M01086,2024-12-16,Account Access,Resolved,29
S007516,M00912,2024-01-08,Fraud Complaint,Escalated,40
S007517,M02460,2024-09-23,Fraud Complaint,Pending,10
S007518,M00052,2024-04-22,KYC Verification,Escalated,16
S007519,M02545,2025-01-31,API Integration,Resolved,18
S007520,M01816,2024-12-20,Failed Payment,Resolved,29
S007521,M02645,2025-02-14,Fraud Complaint,Pending,23
S007522,M01016,2025-04-19,Fraud Complaint,Resolved,6
S007523,M01510,2024-01-18,API Integration,Resolved,24
S007524,M02046,2024-12-19,Account Access,Escalated,37
S007525,M00227,2025-03-20,KYC Verification,Escalated,23
S007526,M02001,2024-04-18,KYC Verification,Resolved,30
S007527,M00714,2024-01-06,Failed Payment,Resolved,33
S007528,M00112,2024-07-28,API Integration,Escalated,33
S007529,M00409,2024-11-01,KYC Verification,Escalated,27
S007530,M00666,2025-06-11,Refund Request,Escalated,6
S007531,M00626,2024-05-14,Fraud Complaint,Escalated,23
S007532,M02741,2024-05-15,Refund Request,Pending,17
S007533,M01845,2025-05-15,Failed Payment,Resolved,16
S007534,M00655,2024-04-10,Refund Request,Escalated,19
S007535,M00252,2024-06-08,Account Access,Pending,30
S007536,M02867,2024-04-05,KYC Verification,Pending,19
S007537,M01589,2024-10-27,Failed Payment,Resolved,16
S007538,M02270,2024-10-05,API Integration,Pending,34
S007539,M01585,2025-06-14,KYC Verification,Pending,13
S007540,M01300,2025-06-12,Failed Payment,Pending,35
S007541,M02010,2024-02-21,Fraud Complaint,Escalated,28
S007542,M01322,2024-04-20,Refund Request,Escalated,29
S007543,M01280,2024-02-20,KYC Verification,Resolved,19
S007544,M02593,2025-04-01,Failed Payment,Resolved,14
S007545,M00460,2025-06-04,API Integration,Pending,26
S007546,M00333,2024-01-31,API Integration,Pending,31
S007547,M02708,2024-12-01,Fraud Complaint,Resolved,38
S007548,M02588,2025-06-04,API Integration,Resolved,24
S007549,M00832,2024-11-09,Failed Payment,Resolved,3
S007550,M02404,2024-09-29,API Integration,Pending,35
S007551,M02999,2025-06-27,Refund Request,Resolved,21
S007552,M02155,2025-04-27,KYC Verification,Pending,23
S007553,M01884,2025-03-26,KYC Verification,Escalated,25
S007554,M00084,2025-04-06,API Integration,Pending,22
S007555,M01651,2025-03-17,Refund Request,Pending,31
S007556,M02472,2025-02-01,Failed Payment,Escalated,42
S007557,M00608,2024-06-01,KYC Verification,Pending,8
S007558,M02465,2024-03-13,Failed Payment,Resolved,16
S007559,M02862,2024-05-14,KYC Verification,Escalated,17
S007560,M01542,2024-03-08,KYC Verification,Resolved,30
S007561,M00459,2024-11-23,Refund Request,Pending,32
S007562,M01010,2024-11-14,Refund Request,Escalated,17
S007563,M01424,2024-01-01,Failed Payment,Pending,14
S007564,M00469,2024-04-29,Account Access,Resolved,17
S007565,M01665,2025-06-06,Failed Payment,Escalated,36
S007566,M01746,2024-02-23,Failed Payment,Escalated,26
S007567,M00328,2024-09-24,Account Access,Pending,37
S007568,M01873,2025-02-17,API Integration,Resolved,20
S007569,M01281,2024-10-02,Account Access,Resolved,32
S007570,M00671,2024-03-27,Refund Request,Resolved,4
S007571,M00555,2024-04-11,Account Access,Resolved,45
S007572,M01647,2024-03-02,Failed Payment,Escalated,21
S007573,M00875,2024-06-21,KYC Verification,Pending,31
S007574,M01444,2025-04-05,API Integration,Escalated,7
S007575,M00770,2024-09-29,API Integration,Pending,33
S007576,M02319,2024-08-10,Failed Payment,Resolved,18
S007577,M01338,2025-01-07,Failed Payment,Escalated,21
S007578,M02028,2025-05-18,Failed Payment,Resolved,17
S007579,M00902,2024-09-16,Failed Payment,Escalated,33
S007580,M00448,2025-03-08,Account Access,Resolved,17
S007581,M02085,2025-06-23,KYC Verification,Escalated,29
S007582,M01355,2025-05-15,API Integration,Escalated,32
S007583,M00060,2025-03-08,API Integration,Escalated,22
S007584,M00410,2024-08-18,Refund Request,Pending,14
S007585,M00074,2024-09-02,Account Access,Escalated,30
S007586,M01691,2024-06-08,Refund Request,Resolved,46
S007587,M00333,2025-07-02,Refund Request,Resolved,27
S007588,M02047,2024-04-28,API Integration,Escalated,40
S007589,M01379,2025-03-29,Failed Payment,Resolved,20
S007590,M02949,2024-02-22,Fraud Complaint,Resolved,23
S007591,M00697,2024-12-09,Fraud Complaint,Resolved,30
S007592,M02602,2024-01-15,Failed Payment,Escalated,15
S007593,M01051,2025-06-10,Refund Request,Resolved,32
S007594,M01858,2024-03-14,API Integration,Pending,22
S007595,M00247,2024-05-09,Account Access,Pending,16
S007596,M02214,2025-03-30,API Integration,Resolved,20
S007597,M02987,2024-05-25,KYC Verification,Escalated,33
S007598,M01206,2024-04-26,KYC Verification,Pending,35
S007599,M00618,2024-01-30,Refund Request,Resolved,29
S007600,M00724,2025-02-04,Refund Request,Pending,32
S007601,M02881,2024-10-31,Refund Request,Escalated,35
S007602,M02017,2024-01-01,Fraud Complaint,Pending,27
S007603,M01071,2025-04-11,Refund Request,Resolved,10
S007604,M02255,2024-01-06,KYC Verification,Resolved,30
S007605,M00247,2025-06-08,API Integration,Pending,12
S007606,M00889,2025-04-06,Fraud Complaint,Pending,2
S007607,M01238,2025-04-11,KYC Verification,Escalated,27
S007608,M00848,2024-07-29,Fraud Complaint,Escalated,30
S007609,M00478,2025-04-29,Failed Payment,Resolved,20
S007610,M02754,2024-04-17,Failed Payment,Resolved,40
S007611,M02372,2025-05-26,KYC Verification,Pending,12
S007612,M02131,2025-04-11,Refund Request,Pending,31
S007613,M00168,2024-12-30,KYC Verification,Pending,25
S007614,M02071,2024-07-10,Fraud Complaint,Pending,20
S007615,M01084,2024-05-09,Account Access,Escalated,29
S007616,M02072,2025-03-05,API Integration,Resolved,24
S007617,M01266,2024-08-03,API Integration,Escalated,31
S007618,M00435,2025-03-03,Fraud Complaint,Resolved,27
S007619,M01130,2024-05-23,Account Access,Resolved,29
S007620,M01336,2024-04-28,Account Access,Pending,24
S007621,M02934,2024-03-11,Fraud Complaint,Resolved,18
S007622,M01327,2024-10-17,Refund Request,Escalated,18
S007623,M02819,2024-08-02,Failed Payment,Resolved,31
S007624,M02047,2024-07-02,Failed Payment,Pending,13
S007625,M02343,2025-01-27,Refund Request,Pending,40
S007626,M01742,2025-05-04,Refund Request,Resolved,31
S007627,M02869,2025-06-17,Account Access,Resolved,29
S007628,M02615,2024-02-26,Refund Request,Pending,32
S007629,M01086,2024-09-06,KYC Verification,Resolved,33
S007630,M01641,2025-06-19,Account Access,Escalated,17
S007631,M01929,2024-12-21,Fraud Complaint,Pending,26
S007632,M02835,2024-04-19,API Integration,Resolved,22
S007633,M02639,2025-01-01,Fraud Complaint,Resolved,26
S007634,M01489,2025-01-03,Account Access,Pending,26
S007635,M01008,2024-12-10,KYC Verification,Pending,15
S007636,M01109,2024-04-15,Refund Request,Resolved,33
S007637,M02640,2024-01-20,API Integration,Resolved,16
S007638,M01050,2024-08-01,KYC Verification,Resolved,33
S007639,M00163,2024-04-11,Fraud Complaint,Resolved,16
S007640,M01261,2025-03-15,Refund Request,Resolved,25
S007641,M01781,2025-06-05,Account Access,Escalated,7
S007642,M02625,2025-02-02,Failed Payment,Pending,17
S007643,M02724,2024-02-17,API Integration,Escalated,17
S007644,M02651,2024-04-24,Account Access,Pending,31
S007645,M01674,2024-11-14,Refund Request,Escalated,27
S007646,M01069,2025-06-06,KYC Verification,Resolved,20
S007647,M02817,2024-08-20,API Integration,Pending,26
S007648,M01991,2025-03-10,Fraud Complaint,Escalated,32
S007649,M02889,2024-11-02,Fraud Complaint,Pending,35
S007650,M02455,2024-02-17,KYC Verification,Pending,22
S007651,M02954,2024-10-30,API Integration,Escalated,6
S007652,M01737,2024-02-17,Failed Payment,Pending,26
S007653,M02911,2025-02-04,API Integration,Escalated,30
S007654,M02925,2025-01-01,Fraud Complaint,Escalated,30
S007655,M01137,2024-03-06,Fraud Complaint,Escalated,37
S007656,M00363,2024-03-27,KYC Verification,Escalated,22
S007657,M02877,2024-08-20,Fraud Complaint,Pending,26
S007658,M01160,2024-01-27,API Integration,Escalated,24
S007659,M02202,2024-12-02,KYC Verification,Escalated,43
S007660,M02159,2025-06-24,API Integration,Escalated,47
S007661,M02802,2024-03-17,Account Access,Escalated,42
S007662,M01592,2024-01-23,Account Access,Resolved,25
S007663,M02816,2025-05-08,Fraud Complaint,Resolved,14
S007664,M01805,2024-08-09,Account Access,Resolved,20
S007665,M00436,2024-05-08,Refund Request,Escalated,18
S007666,M02101,2024-08-23,Account Access,Escalated,22
S007667,M01956,2024-08-20,Failed Payment,Pending,43
S007668,M02113,2024-02-09,Fraud Complaint,Pending,31
S007669,M02092,2024-01-18,Refund Request,Resolved,25
S007670,M02844,2024-09-05,API Integration,Escalated,33
S007671,M00337,2025-05-18,KYC Verification,Pending,16
S007672,M01381,2024-04-28,Refund Request,Escalated,39
S007673,M01245,2025-02-11,Refund Request,Pending,1
S007674,M01281,2025-05-22,Account Access,Resolved,18
S007675,M00867,2025-01-17,Fraud Complaint,Resolved,13
S007676,M00500,2024-03-30,Refund Request,Resolved,9
S007677,M01387,2024-02-26,Account Access,Escalated,38
S007678,M02147,2025-02-26,Fraud Complaint,Resolved,42
S007679,M02750,2024-02-18,Account Access,Resolved,14
S007680,M02361,2024-12-17,Account Access,Escalated,11
S007681,M01454,2024-06-22,API Integration,Resolved,14
S007682,M02177,2024-10-17,Refund Request,Pending,23
S007683,M00394,2024-07-25,Refund Request,Pending,32
S007684,M01116,2024-10-30,Refund Request,Resolved,22
S007685,M00461,2024-06-27,Account Access,Escalated,34
S007686,M00431,2024-09-03,Refund Request,Resolved,23
S007687,M00963,2025-04-28,KYC Verification,Resolved,17
S007688,M02541,2024-09-15,Account Access,Resolved,24
S007689,M01837,2025-06-14,Refund Request,Resolved,39
S007690,M02803,2025-02-11,Fraud Complaint,Escalated,54
S007691,M02897,2024-10-22,Failed Payment,Pending,26
S007692,M02219,2025-06-16,Refund Request,Escalated,15
S007693,M02137,2024-01-10,Refund Request,Pending,28
S007694,M01609,2024-05-10,KYC Verification,Pending,17
S007695,M00603,2025-04-26,Refund Request,Escalated,9
S007696,M01103,2024-01-14,Failed Payment,Resolved,16
S007697,M01473,2024-09-21,API Integration,Escalated,35
S007698,M00888,2024-10-06,Refund Request,Escalated,34
S007699,M00812,2024-11-01,KYC Verification,Escalated,23
S007700,M00881,2024-08-01,Failed Payment,Resolved,20
S007701,M00946,2025-04-10,KYC Verification,Resolved,23
S007702,M00025,2025-02-11,API Integration,Pending,9
S007703,M02877,2025-06-17,KYC Verification,Resolved,24
S007704,M00083,2025-04-15,API Integration,Pending,42
S007705,M01419,2024-11-02,KYC Verification,Resolved,21
S007706,M00320,2024-10-10,Account Access,Resolved,18
S007707,M02994,2024-10-20,Refund Request,Resolved,37
S007708,M02935,2024-08-31,API Integration,Resolved,36
S007709,M02678,2024-06-30,Failed Payment,Resolved,38
S007710,M02080,2024-03-08,Account Access,Pending,18
S007711,M02910,2024-09-10,Fraud Complaint,Escalated,27
S007712,M00807,2025-06-04,Failed Payment,Escalated,30
S007713,M01726,2024-08-21,KYC Verification,Resolved,30
S007714,M00015,2025-06-25,Fraud Complaint,Pending,21
S007715,M02903,2024-02-13,API Integration,Pending,16
S007716,M02441,2024-03-18,API Integration,Escalated,22
S007717,M02502,2024-06-23,Fraud Complaint,Resolved,32
S007718,M01809,2024-02-11,Failed Payment,Escalated,26
S007719,M02418,2024-10-11,API Integration,Resolved,51
S007720,M02967,2024-04-14,Fraud Complaint,Pending,34
S007721,M02273,2024-08-14,Failed Payment,Escalated,12
S007722,M01539,2025-01-01,Account Access,Resolved,38
S007723,M02740,2025-01-18,API Integration,Pending,42
S007724,M01385,2024-11-12,Fraud Complaint,Resolved,5
S007725,M02648,2024-04-10,KYC Verification,Pending,38
S007726,M02827,2024-05-01,KYC Verification,Escalated,27
S007727,M02548,2025-07-02,Refund Request,Resolved,28
S007728,M01578,2024-05-03,Fraud Complaint,Pending,18
S007729,M02055,2025-06-15,Fraud Complaint,Pending,33
S007730,M00220,2024-11-07,Refund Request,Escalated,15
S007731,M01900,2024-10-02,API Integration,Resolved,22
S007732,M02411,2024-06-23,Refund Request,Resolved,30
S007733,M02991,2024-09-09,API Integration,Resolved,39
S007734,M01941,2024-08-31,Account Access,Escalated,41
S007735,M00516,2025-06-14,Fraud Complaint,Escalated,36
S007736,M00355,2024-06-03,API Integration,Escalated,34
S007737,M00481,2024-12-27,Failed Payment,Resolved,49
S007738,M00453,2024-06-12,Refund Request,Escalated,36
S007739,M02605,2025-03-28,KYC Verification,Escalated,16
S007740,M02075,2024-07-02,Account Access,Resolved,33
S007741,M02331,2025-06-01,Refund Request,Pending,31
S007742,M02006,2024-12-08,API Integration,Escalated,8
S007743,M00846,2024-11-27,Failed Payment,Resolved,29
S007744,M01699,2025-04-04,API Integration,Resolved,21
S007745,M00178,2025-04-20,API Integration,Escalated,15
S007746,M00047,2024-01-05,Account Access,Pending,14
S007747,M02324,2025-04-27,KYC Verification,Pending,27
S007748,M01973,2024-09-27,API Integration,Pending,16
S007749,M02260,2024-05-19,Refund Request,Resolved,17
S007750,M01536,2024-03-05,KYC Verification,Resolved,19
S007751,M01402,2025-04-25,Failed Payment,Escalated,28
S007752,M02606,2025-03-01,Account Access,Resolved,28
S007753,M02370,2024-11-08,Refund Request,Escalated,35
S007754,M01281,2024-11-08,Failed Payment,Resolved,11
S007755,M00483,2024-07-28,Failed Payment,Resolved,33
S007756,M00543,2024-05-13,Failed Payment,Pending,28
S007757,M02229,2024-01-22,Refund Request,Resolved,42
S007758,M00390,2025-02-10,Failed Payment,Resolved,30
S007759,M00094,2024-02-09,API Integration,Escalated,30
S007760,M00671,2025-05-03,Account Access,Pending,27
S007761,M01297,2025-06-14,Failed Payment,Resolved,29
S007762,M02381,2025-05-12,Account Access,Resolved,17
S007763,M00389,2024-11-07,Failed Payment,Pending,31
S007764,M00331,2024-01-01,Failed Payment,Pending,30
S007765,M02589,2025-02-07,API Integration,Pending,35
S007766,M00503,2024-07-28,API Integration,Resolved,20
S007767,M00612,2025-05-25,Failed Payment,Pending,29
S007768,M01562,2025-03-27,Account Access,Escalated,22
S007769,M02970,2024-06-24,Fraud Complaint,Resolved,20
S007770,M00435,2024-11-27,Fraud Complaint,Resolved,20
S007771,M02302,2024-02-01,Fraud Complaint,Resolved,23
S007772,M00295,2024-07-08,Failed Payment,Resolved,5
S007773,M01778,2025-05-20,Account Access,Resolved,19
S007774,M00477,2024-08-24,KYC Verification,Resolved,37
S007775,M02392,2025-04-25,KYC Verification,Escalated,19
S007776,M00685,2024-10-10,Fraud Complaint,Pending,10
S007777,M01698,2025-05-26,Fraud Complaint,Resolved,1
S007778,M00315,2024-08-22,Account Access,Pending,20
S007779,M01014,2024-06-18,Failed Payment,Pending,9
S007780,M00514,2025-03-02,Fraud Complaint,Resolved,48
S007781,M00229,2024-07-05,Refund Request,Escalated,32
S007782,M00304,2024-12-22,Fraud Complaint,Pending,13
S007783,M00421,2024-05-14,API Integration,Pending,29
S007784,M01219,2024-11-30,Fraud Complaint,Resolved,22
S007785,M02613,2025-04-02,API Integration,Escalated,4
S007786,M02047,2025-01-18,Account Access,Escalated,18
S007787,M01263,2024-01-12,API Integration,Escalated,33
S007788,M02340,2025-05-03,Account Access,Escalated,38
S007789,M01043,2024-03-15,Account Access,Resolved,18
S007790,M00419,2024-07-26,API Integration,Pending,19
S007791,M02584,2025-03-11,Failed Payment,Pending,16
S007792,M02222,2025-03-01,Fraud Complaint,Resolved,27
S007793,M02206,2024-04-06,KYC Verification,Resolved,21
S007794,M00889,2024-09-02,Refund Request,Escalated,27
S007795,M02447,2024-12-14,API Integration,Pending,25
S007796,M01271,2024-09-27,API Integration,Pending,4
S007797,M02956,2024-12-27,API Integration,Resolved,15
S007798,M00521,2025-03-01,KYC Verification,Resolved,25
S007799,M02640,2024-12-17,Fraud Complaint,Pending,10
S007800,M00197,2024-03-01,API Integration,Escalated,34
S007801,M00801,2025-06-14,API Integration,Escalated,21
S007802,M01458,2025-03-31,Failed Payment,Resolved,29
S007803,M02556,2024-01-18,KYC Verification,Escalated,7
S007804,M00324,2025-02-26,Account Access,Escalated,15
S007805,M00942,2024-07-16,KYC Verification,Escalated,27
S007806,M02247,2024-04-27,Refund Request,Escalated,31
S007807,M00740,2025-03-02,Fraud Complaint,Pending,28
S007808,M02764,2025-05-10,Failed Payment,Resolved,4
S007809,M02267,2025-06-08,Failed Payment,Resolved,31
S007810,M01882,2024-02-08,Refund Request,Resolved,12
S007811,M00585,2024-08-12,KYC Verification,Escalated,20
S007812,M00793,2024-12-23,API Integration,Resolved,9
S007813,M00083,2024-09-13,Refund Request,Resolved,32
S007814,M00237,2024-07-26,Fraud Complaint,Escalated,17
S007815,M02570,2024-03-11,API Integration,Pending,14
S007816,M01085,2025-07-01,Failed Payment,Pending,21
S007817,M02015,2025-06-10,API Integration,Pending,34
S007818,M02840,2024-08-24,Fraud Complaint,Resolved,33
S007819,M01359,2024-09-28,Account Access,Resolved,26
S007820,M00877,2024-10-16,Failed Payment,Resolved,28
S007821,M01994,2025-05-09,Refund Request,Escalated,22
S007822,M02047,2024-12-28,Refund Request,Pending,14
S007823,M02645,2025-03-08,KYC Verification,Pending,27
S007824,M00005,2024-04-28,Fraud Complaint,Pending,11
S007825,M02194,2024-08-07,API Integration,Resolved,22
S007826,M00308,2024-10-17,API Integration,Escalated,10
S007827,M02892,2024-04-27,Fraud Complaint,Resolved,9
S007828,M00274,2024-07-10,Fraud Complaint,Resolved,34
S007829,M01882,2025-03-09,Refund Request,Pending,32
S007830,M01771,2025-04-26,Refund Request,Escalated,30
S007831,M00965,2024-07-23,Refund Request,Escalated,31
S007832,M02854,2025-03-20,Refund Request,Escalated,18
S007833,M00708,2024-01-07,Refund Request,Escalated,23
S007834,M02684,2024-10-07,API Integration,Pending,31
S007835,M00879,2025-03-27,Failed Payment,Pending,21
S007836,M02755,2024-05-22,KYC Verification,Pending,23
S007837,M00543,2024-04-28,Account Access,Escalated,19
S007838,M01436,2024-02-10,Fraud Complaint,Pending,9
S007839,M01038,2024-04-18,API Integration,Pending,29
S007840,M00198,2024-02-26,Refund Request,Escalated,6
S007841,M01452,2024-08-14,Refund Request,Pending,24
S007842,M00582,2025-04-29,KYC Verification,Resolved,26
S007843,M02229,2024-10-14,Account Access,Resolved,43
S007844,M01765,2024-03-24,Fraud Complaint,Escalated,6
S007845,M02788,2025-02-12,Refund Request,Resolved,22
S007846,M00791,2025-02-23,API Integration,Escalated,49
S007847,M01690,2025-06-12,KYC Verification,Escalated,10
S007848,M02639,2024-12-19,API Integration,Resolved,7
S007849,M02622,2024-05-06,Account Access,Escalated,19
S007850,M01518,2025-03-24,API Integration,Escalated,14
S007851,M01620,2024-07-06,KYC Verification,Pending,27
S007852,M00979,2024-09-06,API Integration,Pending,44
S007853,M00059,2024-06-18,Account Access,Escalated,16
S007854,M02594,2024-04-16,Refund Request,Escalated,24
S007855,M02606,2025-03-09,Fraud Complaint,Pending,17
S007856,M01999,2024-11-30,Account Access,Escalated,14
S007857,M02216,2025-06-07,API Integration,Escalated,13
S007858,M01872,2024-12-31,KYC Verification,Pending,15
S007859,M00106,2024-04-11,API Integration,Resolved,28
S007860,M02998,2024-07-21,API Integration,Escalated,10
S007861,M01847,2024-07-15,Failed Payment,Resolved,17
S007862,M02124,2024-01-30,Fraud Complaint,Escalated,25
S007863,M02932,2024-11-08,Account Access,Pending,37
S007864,M02202,2025-05-11,Account Access,Escalated,28
S007865,M00813,2024-06-13,Refund Request,Resolved,19
S007866,M01466,2024-09-15,API Integration,Resolved,28
S007867,M00871,2024-11-14,Account Access,Resolved,30
S007868,M00408,2024-06-28,Account Access,Escalated,30
S007869,M02062,2024-03-13,Failed Payment,Pending,21
S007870,M00028,2024-11-03,Refund Request,Escalated,39
S007871,M02715,2025-02-12,Fraud Complaint,Resolved,21
S007872,M02865,2025-05-09,API Integration,Resolved,19
S007873,M01440,2025-03-11,Account Access,Pending,25
S007874,M00688,2024-09-16,Account Access,Escalated,27
S007875,M00608,2024-05-17,Fraud Complaint,Escalated,29
S007876,M01529,2024-12-23,Account Access,Resolved,33
S007877,M02743,2025-01-15,Failed Payment,Pending,10
S007878,M01483,2025-01-29,Failed Payment,Escalated,45
S007879,M00513,2024-01-15,KYC Verification,Escalated,16
S007880,M02973,2025-04-17,API Integration,Escalated,29
S007881,M01562,2025-02-03,KYC Verification,Escalated,31
S007882,M01303,2025-06-07,Fraud Complaint,Resolved,22
S007883,M02854,2024-04-23,Refund Request,Pending,29
S007884,M01920,2025-02-12,Fraud Complaint,Pending,6
S007885,M01036,2024-02-09,Account Access,Pending,14
S007886,M02416,2024-07-29,Refund Request,Escalated,17
S007887,M02531,2024-06-29,API Integration,Resolved,19
S007888,M01216,2025-03-22,Failed Payment,Resolved,24
S007889,M02672,2024-05-21,Refund Request,Pending,23
S007890,M00244,2024-01-26,Fraud Complaint,Escalated,32
S007891,M00331,2024-11-28,Failed Payment,Resolved,13
S007892,M02270,2024-05-21,API Integration,Escalated,23
S007893,M01710,2024-06-18,Failed Payment,Escalated,39
S007894,M00331,2024-10-13,Account Access,Pending,31
S007895,M00944,2024-10-31,Account Access,Escalated,28
S007896,M00636,2025-01-04,API Integration,Pending,25
S007897,M02328,2025-05-21,Failed Payment,Resolved,11
S007898,M00816,2024-10-05,Refund Request,Resolved,6
S007899,M01639,2024-01-05,Account Access,Escalated,31
S007900,M01343,2024-06-20,Account Access,Escalated,17
S007901,M02832,2024-05-25,Refund Request,Escalated,23
S007902,M02395,2025-01-05,Refund Request,Escalated,19
S007903,M02440,2024-04-11,Failed Payment,Pending,24
S007904,M01621,2025-05-16,Fraud Complaint,Resolved,24
S007905,M01907,2024-05-05,Fraud Complaint,Pending,14
S007906,M02849,2024-04-12,KYC Verification,Resolved,33
S007907,M00762,2025-02-11,Fraud Complaint,Resolved,7
S007908,M02582,2025-06-12,Refund Request,Pending,28
S007909,M00579,2024-10-08,KYC Verification,Resolved,1
S007910,M00113,2024-03-18,Account Access,Resolved,29
S007911,M01372,2024-09-16,KYC Verification,Escalated,28
S007912,M00971,2024-09-01,Refund Request,Resolved,23
S007913,M00670,2024-01-06,KYC Verification,Pending,30
S007914,M02013,2024-02-10,API Integration,Resolved,15
S007915,M00015,2025-02-19,API Integration,Escalated,14
S007916,M02533,2024-03-03,Refund Request,Escalated,46
S007917,M02300,2024-12-14,Account Access,Resolved,14
S007918,M01828,2025-03-26,Fraud Complaint,Escalated,21
S007919,M02057,2024-09-09,Refund Request,Resolved,21
S007920,M00784,2025-04-15,Failed Payment,Pending,22
S007921,M00008,2024-08-29,API Integration,Resolved,42
S007922,M02715,2024-03-21,Fraud Complaint,Escalated,27
S007923,M01279,2025-05-10,Fraud Complaint,Escalated,33
S007924,M02174,2024-01-23,KYC Verification,Resolved,21
S007925,M02525,2024-05-12,Refund Request,Escalated,17
S007926,M01427,2024-10-21,Fraud Complaint,Pending,27
S007927,M01999,2024-08-07,Account Access,Escalated,22
S007928,M00806,2024-12-05,API Integration,Escalated,19
S007929,M00690,2024-07-28,Fraud Complaint,Resolved,22
S007930,M02763,2024-06-19,Account Access,Pending,42
S007931,M01318,2024-07-20,Account Access,Pending,35
S007932,M01551,2024-08-01,Fraud Complaint,Pending,34
S007933,M00723,2024-07-04,Failed Payment,Resolved,27
S007934,M02019,2024-10-11,Failed Payment,Escalated,15
S007935,M02054,2024-07-27,Failed Payment,Escalated,28
S007936,M02008,2024-12-14,Fraud Complaint,Resolved,18
S007937,M00943,2024-04-26,Fraud Complaint,Pending,20
S007938,M01185,2025-01-07,API Integration,Pending,7
S007939,M01750,2024-02-10,KYC Verification,Escalated,8
S007940,M00076,2024-11-27,Refund Request,Escalated,31
S007941,M02899,2024-06-02,KYC Verification,Resolved,31
S007942,M02057,2025-05-14,Account Access,Resolved,22
S007943,M01617,2024-09-01,Account Access,Resolved,1
S007944,M02468,2024-08-10,Fraud Complaint,Resolved,30
S007945,M02092,2024-11-19,API Integration,Pending,18
S007946,M02844,2025-02-02,API Integration,Resolved,44
S007947,M00698,2024-07-09,Account Access,Pending,16
S007948,M00219,2024-07-17,Fraud Complaint,Escalated,37
S007949,M01256,2025-01-01,Fraud Complaint,Pending,35
S007950,M01074,2024-07-14,API Integration,Escalated,17
S007951,M01098,2025-02-03,Failed Payment,Pending,22
S007952,M02785,2024-08-29,KYC Verification,Pending,19
S007953,M00740,2024-11-17,Fraud Complaint,Resolved,23
S007954,M02850,2024-05-12,Failed Payment,Escalated,14
S007955,M00517,2024-04-09,Refund Request,Resolved,47
S007956,M02460,2024-05-04,Refund Request,Pending,13
S007957,M01626,2024-01-02,Fraud Complaint,Pending,32
S007958,M00214,2025-06-09,KYC Verification,Resolved,9
S007959,M00480,2025-03-20,Fraud Complaint,Pending,32
S007960,M01209,2024-09-01,KYC Verification,Escalated,28
S007961,M02189,2024-02-21,Fraud Complaint,Escalated,34
S007962,M02518,2024-01-21,Fraud Complaint,Resolved,20
S007963,M02692,2024-03-29,Failed Payment,Pending,24
S007964,M00472,2024-02-14,Failed Payment,Pending,24
S007965,M00360,2024-04-10,Failed Payment,Pending,10
S007966,M00325,2024-01-13,Failed Payment,Escalated,18
S007967,M00489,2025-05-11,API Integration,Pending,21
S007968,M00206,2024-10-16,Fraud Complaint,Resolved,21
S007969,M02373,2024-04-30,Refund Request,Resolved,23
S007970,M02703,2024-03-18,KYC Verification,Escalated,25
S007971,M02626,2024-10-23,Account Access,Escalated,18
S007972,M01475,2024-11-04,Refund Request,Resolved,36
S007973,M01321,2024-12-21,API Integration,Resolved,14
S007974,M00323,2024-06-10,Account Access,Resolved,35
S007975,M02984,2024-03-14,KYC Verification,Escalated,15
S007976,M00687,2024-07-01,Refund Request,Pending,23
S007977,M02771,2024-03-26,Account Access,Pending,31
S007978,M00108,2025-07-01,Fraud Complaint,Resolved,44
S007979,M02213,2024-01-30,Refund Request,Escalated,7
S007980,M02041,2024-12-24,API Integration,Pending,14
S007981,M02631,2024-06-12,Failed Payment,Pending,27
S007982,M02483,2024-05-16,Failed Payment,Resolved,17
S007983,M01890,2024-12-07,API Integration,Pending,27
S007984,M02793,2025-05-11,API Integration,Pending,41
S007985,M00607,2024-11-19,KYC Verification,Resolved,19
S007986,M01934,2024-04-03,Account Access,Pending,21
S007987,M01352,2024-02-12,Failed Payment,Escalated,35
S007988,M00061,2025-01-15,Fraud Complaint,Pending,19
S007989,M01955,2024-02-21,KYC Verification,Escalated,10
S007990,M00075,2024-09-29,Failed Payment,Escalated,23
S007991,M02282,2024-11-29,API Integration,Resolved,29
S007992,M02041,2024-02-04,Failed Payment,Escalated,7
S007993,M01613,2025-01-22,KYC Verification,Resolved,42
S007994,M01642,2025-04-26,Account Access,Escalated,38
S007995,M00847,2025-03-19,Fraud Complaint,Resolved,28
S007996,M00437,2024-09-23,KYC Verification,Escalated,29
S007997,M00980,2024-12-20,Fraud Complaint,Resolved,25
S007998,M01599,2024-10-26,Refund Request,Escalated,28
S007999,M00686,2024-04-12,Account Access,Resolved,25
S008000,M02337,2025-07-02,Account Access,Escalated,14
S008001,M01573,2024-08-29,Failed Payment,Escalated,34
S008002,M01354,2025-01-25,Refund Request,Escalated,33
S008003,M00750,2024-11-03,Refund Request,Resolved,3
S008004,M01738,2024-05-27,API Integration,Resolved,26
S008005,M01356,2024-06-07,Refund Request,Escalated,15
S008006,M00971,2024-10-23,Refund Request,Escalated,32
S008007,M00252,2024-04-23,Refund Request,Resolved,14
S008008,M00265,2024-05-24,Fraud Complaint,Escalated,21
S008009,M01044,2024-12-08,Failed Payment,Escalated,20
S008010,M00386,2025-03-25,API Integration,Resolved,29
S008011,M02244,2024-12-20,Fraud Complaint,Resolved,37
S008012,M00216,2024-05-28,KYC Verification,Resolved,26
S008013,M02577,2025-05-03,Account Access,Pending,10
S008014,M00618,2024-10-18,KYC Verification,Resolved,21
S008015,M00868,2025-03-14,Refund Request,Escalated,24
S008016,M00037,2024-03-07,Failed Payment,Pending,14
S008017,M01228,2025-01-20,API Integration,Pending,13
S008018,M01261,2024-08-07,Refund Request,Pending,18
S008019,M01833,2025-01-13,API Integration,Escalated,1
S008020,M00476,2024-11-12,Fraud Complaint,Resolved,21
S008021,M00751,2024-02-27,Account Access,Resolved,26
S008022,M02203,2024-05-28,Account Access,Escalated,21
S008023,M00102,2024-02-24,KYC Verification,Pending,15
S008024,M02218,2024-06-03,Fraud Complaint,Resolved,24
S008025,M02330,2024-03-27,Account Access,Pending,24
S008026,M00176,2025-04-24,Refund Request,Escalated,12
S008027,M01821,2024-09-28,Fraud Complaint,Resolved,19
S008028,M01796,2025-01-24,Refund Request,Resolved,19
S008029,M02409,2024-06-02,Fraud Complaint,Escalated,21
S008030,M00708,2024-09-23,Failed Payment,Resolved,20
S008031,M00241,2025-04-12,Refund Request,Resolved,19
S008032,M02051,2025-06-03,API Integration,Resolved,25
S008033,M00284,2025-02-22,API Integration,Pending,23
S008034,M01755,2024-06-13,Failed Payment,Resolved,12
S008035,M02991,2025-01-07,Fraud Complaint,Resolved,41
S008036,M01656,2025-03-24,Failed Payment,Pending,23
S008037,M00141,2025-05-12,Refund Request,Escalated,22
S008038,M00484,2025-03-11,Refund Request,Pending,11
S008039,M00628,2024-01-10,API Integration,Escalated,16
S008040,M02794,2024-10-17,Fraud Complaint,Pending,21
S008041,M01871,2025-06-25,API Integration,Escalated,22
S008042,M00814,2024-11-09,Failed Payment,Escalated,17
S008043,M00332,2025-06-23,Account Access,Escalated,37
S008044,M02752,2024-09-17,Fraud Complaint,Resolved,9
S008045,M02851,2024-03-08,Refund Request,Pending,39
S008046,M01384,2024-08-19,Refund Request,Resolved,21
S008047,M00872,2025-07-04,KYC Verification,Pending,23
S008048,M02855,2024-07-19,API Integration,Pending,23
S008049,M02914,2024-01-25,Failed Payment,Resolved,40
S008050,M01206,2024-01-16,Fraud Complaint,Pending,18
S008051,M00444,2024-05-08,API Integration,Resolved,31
S008052,M00174,2025-06-04,Account Access,Escalated,29
S008053,M00769,2024-02-28,Refund Request,Pending,21
S008054,M01528,2024-12-08,Fraud Complaint,Resolved,24
S008055,M01158,2024-04-16,KYC Verification,Escalated,33
S008056,M00221,2025-06-28,Fraud Complaint,Resolved,19
S008057,M02095,2025-03-14,Refund Request,Pending,31
S008058,M02025,2024-02-14,Fraud Complaint,Pending,20
S008059,M02962,2024-07-22,Account Access,Escalated,30
S008060,M00904,2024-01-02,API Integration,Resolved,27
S008061,M01298,2024-08-05,Failed Payment,Resolved,2
S008062,M00757,2024-10-22,API Integration,Pending,11
S008063,M01251,2024-08-17,KYC Verification,Resolved,24
S008064,M00003,2024-06-26,API Integration,Resolved,13
S008065,M02711,2024-10-12,Refund Request,Resolved,24
S008066,M02154,2024-11-26,Account Access,Escalated,28
S008067,M00487,2024-11-12,KYC Verification,Pending,32
S008068,M00371,2024-04-01,KYC Verification,Pending,19
S008069,M02285,2025-04-09,Refund Request,Pending,1
S008070,M00896,2024-01-20,KYC Verification,Resolved,6
S008071,M00758,2024-05-26,Account Access,Escalated,22
S008072,M01027,2024-09-18,Fraud Complaint,Pending,38
S008073,M00751,2024-11-28,Failed Payment,Resolved,22
S008074,M02699,2024-09-17,API Integration,Resolved,30
S008075,M01066,2025-03-06,API Integration,Resolved,16
S008076,M00100,2025-06-14,Account Access,Resolved,18
S008077,M01836,2025-02-23,Failed Payment,Pending,31
S008078,M01638,2024-02-05,Refund Request,Escalated,32
S008079,M02128,2024-08-09,KYC Verification,Resolved,26
S008080,M01139,2024-12-16,Failed Payment,Pending,30
S008081,M00994,2025-03-23,Failed Payment,Resolved,17
S008082,M00252,2024-08-14,Failed Payment,Pending,33
S008083,M01025,2024-11-19,Fraud Complaint,Pending,31
S008084,M02828,2025-06-25,Failed Payment,Resolved,27
S008085,M00905,2025-03-25,Account Access,Pending,16
S008086,M01763,2024-11-15,Refund Request,Resolved,29
S008087,M01854,2024-04-17,KYC Verification,Resolved,20
S008088,M01426,2024-05-10,Fraud Complaint,Resolved,41
S008089,M02050,2025-01-17,Failed Payment,Pending,26
S008090,M02916,2024-10-15,API Integration,Resolved,15
S008091,M01543,2024-02-11,Fraud Complaint,Escalated,16
S008092,M01826,2024-04-10,Account Access,Resolved,41
S008093,M02192,2025-05-07,Fraud Complaint,Pending,38
S008094,M00274,2024-10-25,API Integration,Pending,16
S008095,M00226,2025-03-19,Account Access,Resolved,22
S008096,M01715,2024-03-19,KYC Verification,Escalated,30
S008097,M00511,2024-04-27,Refund Request,Resolved,35
S008098,M00707,2024-05-18,Refund Request,Pending,19
S008099,M01101,2024-09-13,KYC Verification,Pending,28
S008100,M02558,2025-04-02,API Integration,Escalated,23
S008101,M00751,2024-07-30,Failed Payment,Resolved,32
S008102,M00622,2024-08-31,KYC Verification,Resolved,33
S008103,M02454,2024-12-30,Refund Request,Pending,14
S008104,M02451,2024-05-14,Failed Payment,Pending,21
S008105,M02407,2024-12-05,Failed Payment,Pending,23
S008106,M02132,2024-05-19,Account Access,Pending,1
S008107,M01431,2024-01-29,API Integration,Pending,11
S008108,M00317,2024-02-04,Account Access,Escalated,17
S008109,M02233,2025-02-10,KYC Verification,Resolved,27
S008110,M00018,2024-10-11,Fraud Complaint,Pending,24
S008111,M02953,2025-04-18,Refund Request,Escalated,16
S008112,M02404,2025-05-28,Fraud Complaint,Pending,32
S008113,M00695,2024-05-20,Failed Payment,Resolved,14
S008114,M00532,2024-05-20,KYC Verification,Pending,34
S008115,M02443,2024-04-09,Fraud Complaint,Escalated,22
S008116,M01264,2025-03-07,Refund Request,Pending,40
S008117,M02588,2024-09-25,KYC Verification,Pending,17
S008118,M01182,2025-01-19,Account Access,Escalated,21
S008119,M02068,2025-01-05,Failed Payment,Escalated,20
S008120,M01921,2024-12-06,Account Access,Pending,17
S008121,M02348,2024-12-27,Fraud Complaint,Pending,24
S008122,M01690,2025-02-25,API Integration,Pending,19
S008123,M00932,2024-08-22,KYC Verification,Resolved,33
S008124,M00968,2025-06-22,Fraud Complaint,Pending,34
S008125,M01656,2024-01-27,Fraud Complaint,Escalated,33
S008126,M00297,2024-06-08,Fraud Complaint,Pending,29
S008127,M02008,2024-12-09,Account Access,Resolved,1
S008128,M02926,2024-03-27,API Integration,Pending,38
S008129,M00534,2025-03-19,API Integration,Escalated,37
S008130,M01721,2024-12-31,Fraud Complaint,Pending,18
S008131,M02345,2024-05-29,API Integration,Pending,26
S008132,M02261,2025-03-31,Account Access,Resolved,25
S008133,M02734,2024-03-31,Fraud Complaint,Resolved,23
S008134,M02808,2025-04-14,Refund Request,Resolved,18
S008135,M01733,2024-01-29,Refund Request,Escalated,20
S008136,M01870,2025-02-13,API Integration,Pending,42
S008137,M00361,2024-02-05,Failed Payment,Pending,8
S008138,M02219,2025-01-07,Refund Request,Pending,30
S008139,M02158,2024-07-12,Fraud Complaint,Escalated,5
S008140,M01302,2024-02-10,Account Access,Pending,13
S008141,M00438,2024-04-18,Failed Payment,Escalated,1
S008142,M02462,2025-06-20,Refund Request,Pending,40
S008143,M02529,2024-12-31,Refund Request,Resolved,26
S008144,M01868,2025-06-16,API Integration,Pending,15
S008145,M01639,2024-06-18,KYC Verification,Pending,38
S008146,M02405,2024-09-16,Account Access,Pending,23
S008147,M02642,2025-07-04,Fraud Complaint,Resolved,29
S008148,M00213,2025-06-25,Account Access,Pending,14
S008149,M00613,2024-10-24,Failed Payment,Pending,38
S008150,M01061,2024-04-28,Fraud Complaint,Escalated,23
S008151,M00193,2024-07-20,Account Access,Pending,3
S008152,M00846,2025-05-22,API Integration,Resolved,34
S008153,M00837,2024-07-23,Refund Request,Escalated,20
S008154,M00502,2025-06-04,Account Access,Resolved,24
S008155,M00033,2025-04-12,API Integration,Escalated,12
S008156,M01422,2024-04-15,KYC Verification,Pending,5
S008157,M00217,2024-01-07,Fraud Complaint,Pending,38
S008158,M01891,2025-05-03,Failed Payment,Escalated,18
S008159,M02459,2024-05-20,Failed Payment,Pending,13
S008160,M02312,2025-01-29,Failed Payment,Escalated,27
S008161,M00579,2024-10-26,KYC Verification,Escalated,1
S008162,M00004,2024-04-26,Failed Payment,Resolved,6
S008163,M02062,2024-05-09,Fraud Complaint,Resolved,25
S008164,M02061,2025-01-15,Account Access,Pending,8
S008165,M00652,2024-11-28,Refund Request,Escalated,12
S008166,M00603,2025-05-30,Refund Request,Pending,5
S008167,M01685,2025-04-17,KYC Verification,Pending,23
S008168,M02452,2024-10-10,KYC Verification,Resolved,41
S008169,M00420,2024-01-17,Account Access,Escalated,31
S008170,M00192,2024-12-28,Account Access,Pending,49
S008171,M00522,2025-05-19,API Integration,Resolved,35
S008172,M01027,2025-01-08,Fraud Complaint,Pending,22
S008173,M01966,2025-01-09,Failed Payment,Escalated,19
S008174,M01577,2024-02-07,Failed Payment,Pending,27
S008175,M02750,2024-12-10,Fraud Complaint,Pending,13
S008176,M00709,2025-04-23,Failed Payment,Escalated,19
S008177,M00185,2024-12-20,Failed Payment,Escalated,14
S008178,M00209,2024-05-27,API Integration,Escalated,32
S008179,M01364,2024-09-29,Fraud Complaint,Resolved,5
S008180,M01584,2025-05-04,API Integration,Escalated,20
S008181,M01778,2024-06-16,Account Access,Pending,17
S008182,M02388,2025-02-26,Fraud Complaint,Resolved,44
S008183,M01731,2025-05-02,API Integration,Pending,38
S008184,M02142,2024-09-12,KYC Verification,Escalated,34
S008185,M01439,2024-12-07,Account Access,Escalated,4
S008186,M01434,2025-03-29,Fraud Complaint,Resolved,21
S008187,M01390,2025-05-30,Account Access,Pending,15
S008188,M00584,2024-03-01,Refund Request,Pending,17
S008189,M01431,2024-06-28,KYC Verification,Escalated,50
S008190,M02297,2024-01-19,Refund Request,Pending,24
S008191,M00120,2024-02-18,API Integration,Pending,13
S008192,M01154,2024-02-11,Failed Payment,Escalated,13
S008193,M00167,2025-03-03,API Integration,Resolved,39
S008194,M02273,2025-01-22,KYC Verification,Pending,24
S008195,M02012,2024-01-13,Fraud Complaint,Pending,20
S008196,M01630,2024-11-02,Fraud Complaint,Resolved,6
S008197,M02852,2024-04-29,Account Access,Escalated,26
S008198,M00070,2024-11-12,KYC Verification,Escalated,16
S008199,M01225,2024-02-07,KYC Verification,Pending,20
S008200,M00186,2024-02-05,Failed Payment,Resolved,8
S008201,M00774,2024-10-15,Account Access,Resolved,35
S008202,M02445,2024-08-21,Failed Payment,Pending,38
S008203,M00466,2024-11-18,Fraud Complaint,Escalated,31
S008204,M02099,2024-04-15,Failed Payment,Escalated,27
S008205,M02752,2024-10-29,Failed Payment,Escalated,16
S008206,M00813,2024-11-01,KYC Verification,Pending,17
S008207,M01059,2025-01-31,Account Access,Escalated,37
S008208,M00815,2024-07-13,Refund Request,Escalated,23
S008209,M02160,2025-03-26,API Integration,Pending,18
S008210,M01347,2024-10-01,Refund Request,Pending,25
S008211,M02202,2025-01-16,KYC Verification,Escalated,26
S008212,M00512,2024-08-27,Account Access,Resolved,40
S008213,M01258,2024-06-29,Refund Request,Escalated,33
S008214,M02687,2024-12-03,Account Access,Escalated,23
S008215,M00852,2024-04-02,Failed Payment,Pending,8
S008216,M02618,2024-03-05,Failed Payment,Resolved,24
S008217,M01618,2024-08-06,Fraud Complaint,Resolved,24
S008218,M02300,2024-03-26,Fraud Complaint,Resolved,20
S008219,M02456,2024-09-03,API Integration,Resolved,19
S008220,M02776,2024-12-20,Fraud Complaint,Pending,2
S008221,M00435,2024-06-22,Account Access,Escalated,30
S008222,M01586,2025-03-06,Fraud Complaint,Resolved,28
S008223,M01617,2025-04-25,Fraud Complaint,Resolved,26
S008224,M01130,2024-10-24,API Integration,Resolved,10
S008225,M01277,2024-02-10,API Integration,Resolved,20
S008226,M01138,2024-03-27,Failed Payment,Resolved,21
S008227,M01154,2025-05-09,KYC Verification,Escalated,21
S008228,M02351,2024-03-05,API Integration,Escalated,31
S008229,M02918,2025-04-15,API Integration,Resolved,37
S008230,M02746,2024-12-29,Refund Request,Escalated,16
S008231,M01440,2024-08-27,Fraud Complaint,Escalated,15
S008232,M00015,2024-01-21,Account Access,Escalated,22
S008233,M02269,2025-01-31,Account Access,Resolved,24
S008234,M01748,2025-03-14,Account Access,Escalated,1
S008235,M00866,2024-07-12,KYC Verification,Escalated,29
S008236,M02148,2025-06-05,KYC Verification,Resolved,19
S008237,M02905,2025-02-13,Fraud Complaint,Escalated,26
S008238,M02190,2025-05-10,KYC Verification,Pending,21
S008239,M02628,2024-09-06,API Integration,Escalated,34
S008240,M01873,2025-02-28,KYC Verification,Escalated,28
S008241,M00981,2025-01-22,Fraud Complaint,Pending,26
S008242,M02273,2025-05-27,Refund Request,Resolved,12
S008243,M02835,2024-10-11,Refund Request,Escalated,34
S008244,M00491,2024-01-16,Refund Request,Escalated,12
S008245,M02515,2024-02-09,Failed Payment,Pending,28
S008246,M01129,2024-11-13,API Integration,Resolved,25
S008247,M00240,2024-08-28,API Integration,Pending,29
S008248,M02359,2025-05-16,KYC Verification,Escalated,7
S008249,M00558,2024-06-09,Account Access,Resolved,28
S008250,M00763,2025-06-30,Fraud Complaint,Resolved,23
S008251,M02521,2024-01-17,KYC Verification,Escalated,19
S008252,M00688,2024-10-06,Refund Request,Escalated,36
S008253,M02258,2024-09-08,Fraud Complaint,Resolved,18
S008254,M00841,2024-09-11,KYC Verification,Pending,27
S008255,M01747,2024-06-06,Refund Request,Escalated,19
S008256,M01889,2024-05-10,Fraud Complaint,Resolved,18
S008257,M00127,2025-01-14,Failed Payment,Resolved,29
S008258,M02990,2024-08-03,Fraud Complaint,Resolved,30
S008259,M01888,2025-05-02,Account Access,Pending,13
S008260,M00931,2024-05-02,Account Access,Resolved,15
S008261,M00949,2025-05-02,KYC Verification,Escalated,16
S008262,M01342,2025-01-24,Fraud Complaint,Escalated,18
S008263,M01663,2025-04-03,Refund Request,Resolved,17
S008264,M00176,2025-03-17,Failed Payment,Pending,17
S008265,M00300,2025-04-23,Refund Request,Pending,21
S008266,M02208,2024-01-15,Account Access,Pending,38
S008267,M00651,2024-07-02,Refund Request,Pending,19
S008268,M00259,2024-10-21,KYC Verification,Resolved,25
S008269,M01165,2024-08-16,Fraud Complaint,Resolved,23
S008270,M01904,2024-01-06,API Integration,Pending,44
S008271,M00240,2024-10-04,Fraud Complaint,Resolved,23
S008272,M01724,2024-07-05,Refund Request,Resolved,27
S008273,M02815,2025-04-30,Refund Request,Escalated,3
S008274,M01805,2025-06-09,KYC Verification,Pending,15
S008275,M00794,2024-06-20,API Integration,Escalated,32
S008276,M02807,2024-01-19,Account Access,Resolved,24
S008277,M01036,2025-01-08,Fraud Complaint,Resolved,8
S008278,M00266,2024-11-20,Failed Payment,Resolved,7
S008279,M02571,2024-09-12,KYC Verification,Pending,9
S008280,M01104,2025-05-20,Fraud Complaint,Resolved,24
S008281,M02292,2024-06-18,Account Access,Pending,30
S008282,M01760,2024-06-01,KYC Verification,Pending,24
S008283,M00163,2024-06-08,KYC Verification,Pending,35
S008284,M02225,2024-08-14,KYC Verification,Escalated,40
S008285,M01610,2024-04-26,Refund Request,Escalated,22
S008286,M02791,2025-05-18,Fraud Complaint,Resolved,14
S008287,M01914,2024-11-18,KYC Verification,Escalated,24
S008288,M02407,2025-04-10,Failed Payment,Pending,15
S008289,M00827,2024-01-17,Fraud Complaint,Resolved,15
S008290,M00357,2024-11-27,Failed Payment,Resolved,32
S008291,M00458,2025-01-09,Failed Payment,Escalated,32
S008292,M02482,2024-12-07,Refund Request,Escalated,5
S008293,M01214,2024-11-10,KYC Verification,Resolved,13
S008294,M00659,2025-02-13,API Integration,Pending,29
S008295,M02755,2025-02-16,Fraud Complaint,Pending,41
S008296,M01681,2024-01-20,Fraud Complaint,Escalated,4
S008297,M01365,2025-01-14,KYC Verification,Resolved,22
S008298,M00620,2025-03-12,Account Access,Escalated,24
S008299,M02779,2025-04-16,Failed Payment,Pending,28
S008300,M01562,2024-06-01,Failed Payment,Resolved,46
S008301,M00621,2024-12-26,Fraud Complaint,Pending,29
S008302,M02072,2024-03-24,Account Access,Resolved,23
S008303,M01884,2024-05-03,Refund Request,Escalated,18
S008304,M00754,2025-02-11,Failed Payment,Resolved,21
S008305,M00960,2025-03-07,Account Access,Pending,42
S008306,M00529,2024-03-22,Refund Request,Resolved,29
S008307,M02401,2025-05-20,Account Access,Pending,8
S008308,M00183,2024-04-07,KYC Verification,Escalated,47
S008309,M01483,2024-07-31,Failed Payment,Resolved,17
S008310,M01825,2025-05-01,KYC Verification,Pending,24
S008311,M02048,2024-09-17,Account Access,Pending,7
S008312,M00856,2024-03-30,Fraud Complaint,Resolved,23
S008313,M00796,2024-04-22,Fraud Complaint,Escalated,20
S008314,M00715,2024-04-08,Refund Request,Resolved,19
S008315,M00541,2025-01-18,Account Access,Escalated,13
S008316,M00824,2025-01-08,Refund Request,Escalated,53
S008317,M02196,2024-02-01,API Integration,Pending,22
S008318,M00785,2025-06-22,Fraud Complaint,Pending,28
S008319,M01598,2024-09-26,KYC Verification,Escalated,21
S008320,M01126,2025-02-02,API Integration,Resolved,41
S008321,M00168,2024-03-29,Failed Payment,Pending,15
S008322,M01706,2024-04-08,Failed Payment,Escalated,30
S008323,M01906,2025-05-27,KYC Verification,Resolved,38
S008324,M02499,2025-01-26,API Integration,Pending,31
S008325,M00859,2025-02-24,Fraud Complaint,Resolved,21
S008326,M00386,2025-06-09,Fraud Complaint,Escalated,9
S008327,M01733,2024-08-03,API Integration,Resolved,8
S008328,M00748,2024-02-05,API Integration,Resolved,31
S008329,M02540,2025-01-31,API Integration,Resolved,36
S008330,M00408,2024-03-17,Fraud Complaint,Resolved,17
S008331,M02049,2024-11-22,Refund Request,Pending,32
S008332,M01828,2024-09-19,API Integration,Pending,17
S008333,M02067,2024-10-25,Fraud Complaint,Pending,26
S008334,M01079,2024-08-31,Failed Payment,Escalated,29
S008335,M00512,2024-08-22,KYC Verification,Resolved,21
S008336,M00404,2024-04-14,Account Access,Pending,27
S008337,M02781,2024-09-27,API Integration,Resolved,33
S008338,M00901,2025-05-20,Refund Request,Escalated,12
S008339,M02908,2024-03-11,Account Access,Resolved,2
S008340,M01911,2024-10-20,API Integration,Escalated,17
S008341,M02532,2024-12-09,API Integration,Escalated,34
S008342,M00799,2024-04-18,Refund Request,Resolved,21
S008343,M00199,2024-08-31,API Integration,Resolved,4
S008344,M01336,2024-05-14,Refund Request,Pending,36
S008345,M02116,2024-06-04,Failed Payment,Resolved,25
S008346,M00584,2024-07-29,Fraud Complaint,Pending,27
S008347,M00680,2024-03-25,Account Access,Escalated,35
S008348,M02822,2024-02-16,API Integration,Escalated,37
S008349,M01380,2024-04-30,Refund Request,Resolved,26
S008350,M01836,2025-03-29,KYC Verification,Resolved,23
S008351,M00910,2025-06-02,Refund Request,Resolved,18
S008352,M01650,2024-10-23,API Integration,Pending,20
S008353,M02801,2024-02-05,KYC Verification,Escalated,33
S008354,M00499,2024-09-08,Account Access,Pending,7
S008355,M02451,2024-02-14,Failed Payment,Pending,35
S008356,M01733,2025-02-06,Fraud Complaint,Pending,49
S008357,M02780,2025-02-18,Account Access,Resolved,9
S008358,M01770,2025-05-16,Refund Request,Resolved,16
S008359,M01608,2024-09-16,Refund Request,Pending,12
S008360,M00105,2024-05-11,Account Access,Resolved,18
S008361,M00828,2024-10-05,Account Access,Resolved,28
S008362,M02613,2024-10-03,API Integration,Escalated,27
S008363,M00343,2024-05-07,Refund Request,Resolved,29
S008364,M01658,2025-05-10,Refund Request,Resolved,38
S008365,M00051,2025-04-24,Fraud Complaint,Resolved,24
S008366,M02604,2025-04-19,KYC Verification,Pending,40
S008367,M01861,2024-08-06,Fraud Complaint,Resolved,29
S008368,M02960,2024-04-20,Refund Request,Escalated,20
S008369,M00061,2024-04-23,API Integration,Resolved,27
S008370,M00402,2024-01-28,Account Access,Pending,13
S008371,M02302,2024-04-01,Account Access,Escalated,23
S008372,M01901,2024-08-25,Failed Payment,Escalated,22
S008373,M01760,2024-05-18,Account Access,Pending,22
S008374,M00661,2024-04-15,Refund Request,Resolved,46
S008375,M01115,2024-12-30,Refund Request,Resolved,29
S008376,M00263,2024-10-03,KYC Verification,Resolved,43
S008377,M02835,2024-01-26,Account Access,Escalated,23
S008378,M01022,2024-01-02,Account Access,Escalated,16
S008379,M00301,2024-05-10,API Integration,Escalated,35
S008380,M02956,2025-02-08,KYC Verification,Resolved,14
S008381,M01402,2024-08-16,Refund Request,Pending,27
S008382,M02986,2024-10-27,API Integration,Resolved,22
S008383,M00217,2024-03-11,KYC Verification,Escalated,8
S008384,M02364,2025-06-19,Failed Payment,Pending,24
S008385,M00720,2025-04-16,Failed Payment,Pending,24
S008386,M01721,2025-04-24,Fraud Complaint,Escalated,20
S008387,M00548,2024-05-23,Failed Payment,Escalated,26
S008388,M01122,2024-09-25,Fraud Complaint,Pending,24
S008389,M02562,2025-03-14,Refund Request,Resolved,22
S008390,M00702,2024-01-28,Failed Payment,Resolved,21
S008391,M00612,2024-03-10,KYC Verification,Escalated,9
S008392,M02667,2024-05-30,KYC Verification,Escalated,17
S008393,M00939,2025-01-30,Failed Payment,Pending,28
S008394,M00532,2024-02-12,API Integration,Pending,30
S008395,M00853,2025-04-29,Failed Payment,Pending,29
S008396,M01990,2024-08-31,Account Access,Escalated,15
S008397,M01528,2024-05-03,Account Access,Resolved,14
S008398,M02302,2025-06-01,Fraud Complaint,Pending,20
S008399,M02285,2024-09-04,API Integration,Resolved,24
S008400,M00407,2024-06-13,Fraud Complaint,Pending,27
S008401,M01699,2025-04-21,KYC Verification,Resolved,22
S008402,M02271,2025-01-17,Refund Request,Pending,23
S008403,M01689,2025-04-01,Account Access,Resolved,48
S008404,M00520,2025-01-21,Account Access,Pending,36
S008405,M00644,2024-11-10,KYC Verification,Resolved,39
S008406,M01519,2024-01-03,API Integration,Pending,26
S008407,M02414,2025-01-04,API Integration,Pending,36
S008408,M01017,2024-12-14,Failed Payment,Resolved,18
S008409,M00667,2025-02-02,KYC Verification,Pending,12
S008410,M01712,2024-01-16,Refund Request,Resolved,23
S008411,M00938,2025-01-17,Account Access,Pending,34
S008412,M01653,2024-05-24,Account Access,Pending,5
S008413,M02510,2024-12-09,API Integration,Pending,15
S008414,M00694,2024-12-31,Account Access,Pending,22
S008415,M02163,2024-06-17,Failed Payment,Resolved,21
S008416,M00332,2025-03-17,Fraud Complaint,Resolved,28
S008417,M01256,2024-04-18,Fraud Complaint,Resolved,58
S008418,M02588,2024-07-21,Fraud Complaint,Escalated,34
S008419,M02100,2025-04-23,Fraud Complaint,Pending,32
S008420,M01049,2024-09-15,Account Access,Escalated,30
S008421,M00201,2024-05-04,API Integration,Escalated,8
S008422,M01394,2025-04-25,Fraud Complaint,Escalated,30
S008423,M00270,2024-03-26,Refund Request,Escalated,29
S008424,M02036,2024-05-11,Failed Payment,Pending,32
S008425,M01604,2024-05-17,Failed Payment,Escalated,27
S008426,M02475,2024-06-28,KYC Verification,Pending,38
S008427,M02683,2025-03-17,KYC Verification,Escalated,40
S008428,M02347,2025-02-24,Refund Request,Resolved,42
S008429,M02216,2024-12-05,Fraud Complaint,Escalated,20
S008430,M00767,2025-03-27,Fraud Complaint,Escalated,8
S008431,M00078,2025-01-15,KYC Verification,Escalated,43
S008432,M02079,2025-02-02,Failed Payment,Pending,13
S008433,M01228,2024-05-21,Fraud Complaint,Pending,24
S008434,M01434,2024-05-15,Failed Payment,Escalated,38
S008435,M01422,2024-12-21,KYC Verification,Escalated,24
S008436,M01643,2024-03-25,Account Access,Escalated,36
S008437,M00961,2025-04-08,Fraud Complaint,Resolved,6
S008438,M00495,2024-04-19,Account Access,Resolved,22
S008439,M01672,2024-02-22,Failed Payment,Escalated,13
S008440,M01246,2025-02-27,Account Access,Resolved,34
S008441,M01095,2024-10-27,Refund Request,Resolved,45
S008442,M01579,2024-12-08,Account Access,Escalated,20
S008443,M02659,2024-01-06,Fraud Complaint,Pending,13
S008444,M01884,2025-04-07,Refund Request,Escalated,18
S008445,M01171,2024-07-24,KYC Verification,Pending,23
S008446,M01124,2024-06-21,API Integration,Pending,16
S008447,M01436,2024-02-02,API Integration,Pending,11
S008448,M00373,2025-03-04,Fraud Complaint,Escalated,9
S008449,M01378,2024-07-23,Fraud Complaint,Pending,25
S008450,M02240,2024-07-02,API Integration,Escalated,3
S008451,M01040,2024-12-16,Failed Payment,Pending,12
S008452,M02980,2025-01-01,Account Access,Resolved,36
S008453,M00753,2024-12-02,Failed Payment,Escalated,21
S008454,M00684,2025-04-04,API Integration,Pending,9
S008455,M02250,2025-03-17,Fraud Complaint,Resolved,37
S008456,M00020,2024-02-23,Failed Payment,Escalated,30
S008457,M00727,2025-02-28,Refund Request,Pending,20
S008458,M00184,2025-06-17,Account Access,Pending,23
S008459,M00957,2025-02-05,KYC Verification,Escalated,31
S008460,M02000,2024-03-19,Failed Payment,Escalated,15
S008461,M01729,2024-07-11,Failed Payment,Pending,19
S008462,M00607,2024-02-01,KYC Verification,Resolved,30
S008463,M01473,2025-05-28,Fraud Complaint,Pending,15
S008464,M02426,2025-04-19,Failed Payment,Resolved,30
S008465,M02254,2024-04-12,Account Access,Resolved,43
S008466,M00395,2024-07-30,Failed Payment,Escalated,43
S008467,M02429,2024-06-06,KYC Verification,Resolved,12
S008468,M01907,2025-05-27,Refund Request,Pending,28
S008469,M01659,2025-03-30,Fraud Complaint,Escalated,37
S008470,M01673,2025-02-17,Refund Request,Resolved,26
S008471,M02633,2024-05-09,Account Access,Escalated,25
S008472,M00677,2025-03-24,Failed Payment,Escalated,31
S008473,M01289,2024-01-08,Refund Request,Escalated,24
S008474,M02720,2024-08-07,Account Access,Resolved,36
S008475,M01550,2024-12-02,Account Access,Pending,7
S008476,M01013,2025-04-28,KYC Verification,Pending,6
S008477,M02454,2024-04-24,Account Access,Resolved,31
S008478,M00118,2025-03-03,Account Access,Pending,25
S008479,M02699,2024-11-04,KYC Verification,Resolved,31
S008480,M00505,2025-05-24,KYC Verification,Pending,26
S008481,M02350,2025-06-05,Account Access,Resolved,22
S008482,M01158,2024-01-10,Failed Payment,Resolved,13
S008483,M01149,2024-09-05,Fraud Complaint,Escalated,24
S008484,M01709,2024-01-12,Refund Request,Resolved,33
S008485,M00712,2025-06-25,Fraud Complaint,Resolved,14
S008486,M02553,2024-08-22,KYC Verification,Pending,28
S008487,M01406,2024-09-02,Fraud Complaint,Pending,8
S008488,M01620,2024-04-08,KYC Verification,Pending,20
S008489,M02825,2025-02-06,KYC Verification,Resolved,42
S008490,M00674,2024-06-30,Fraud Complaint,Pending,21
S008491,M01754,2024-08-17,Failed Payment,Escalated,24
S008492,M02068,2024-04-22,Fraud Complaint,Pending,12
S008493,M02999,2025-01-15,Failed Payment,Escalated,14
S008494,M02180,2025-06-26,API Integration,Pending,19
S008495,M01442,2024-02-08,Fraud Complaint,Escalated,42
S008496,M00536,2024-06-18,Refund Request,Pending,30
S008497,M01162,2024-10-02,Account Access,Escalated,20
S008498,M01085,2024-05-08,API Integration,Escalated,24
S008499,M01838,2024-01-27,Refund Request,Escalated,8
S008500,M00596,2024-05-20,Fraud Complaint,Escalated,39
S008501,M00213,2024-10-25,KYC Verification,Escalated,30
S008502,M01772,2024-05-07,Failed Payment,Resolved,27
S008503,M02414,2024-07-08,Account Access,Resolved,31
S008504,M01671,2025-05-25,Refund Request,Pending,40
S008505,M00638,2025-05-29,Account Access,Escalated,20
S008506,M00439,2024-05-29,Failed Payment,Resolved,12
S008507,M02130,2025-03-06,KYC Verification,Pending,18
S008508,M01109,2024-06-25,Account Access,Pending,21
S008509,M01131,2024-12-25,KYC Verification,Pending,37
S008510,M00999,2025-02-01,Account Access,Escalated,19
S008511,M02644,2024-07-30,Account Access,Resolved,16
S008512,M02765,2024-08-07,Fraud Complaint,Pending,37
S008513,M02361,2024-02-23,Failed Payment,Resolved,20
S008514,M00520,2024-08-01,Account Access,Pending,38
S008515,M00083,2024-03-27,Fraud Complaint,Escalated,16
S008516,M01739,2024-05-28,API Integration,Pending,10
S008517,M00281,2024-06-20,Account Access,Escalated,5
S008518,M02018,2024-07-30,API Integration,Pending,21
S008519,M01035,2024-08-23,Account Access,Pending,34
S008520,M02463,2025-06-11,Account Access,Resolved,25
S008521,M02473,2024-11-17,Fraud Complaint,Pending,15
S008522,M01553,2024-12-31,Account Access,Escalated,26
S008523,M00421,2024-02-15,Failed Payment,Escalated,14
S008524,M00787,2024-04-28,Account Access,Escalated,10
S008525,M00895,2024-01-19,Fraud Complaint,Pending,17
S008526,M00461,2024-07-06,KYC Verification,Resolved,36
S008527,M02099,2025-01-25,Refund Request,Resolved,25
S008528,M00543,2024-03-30,Refund Request,Resolved,24
S008529,M02537,2024-02-21,API Integration,Resolved,32
S008530,M02157,2024-11-24,API Integration,Resolved,18
S008531,M00815,2024-12-21,Refund Request,Resolved,1
S008532,M01811,2024-06-20,Refund Request,Escalated,43
S008533,M01319,2025-05-18,Failed Payment,Resolved,30
S008534,M01768,2024-10-23,KYC Verification,Resolved,33
S008535,M01819,2024-07-02,Account Access,Pending,26
S008536,M00599,2025-06-17,Account Access,Escalated,23
S008537,M00543,2025-03-08,Failed Payment,Resolved,33
S008538,M01328,2024-07-15,KYC Verification,Pending,38
S008539,M02002,2025-06-25,Failed Payment,Pending,19
S008540,M01617,2024-01-16,Refund Request,Resolved,13
S008541,M02271,2024-08-03,Account Access,Escalated,25
S008542,M01132,2025-04-25,Account Access,Escalated,23
S008543,M02397,2024-06-26,API Integration,Resolved,29
S008544,M01994,2025-05-19,KYC Verification,Resolved,20
S008545,M00209,2025-04-27,API Integration,Escalated,40
S008546,M00941,2024-04-21,Failed Payment,Resolved,10
S008547,M02233,2024-12-21,Account Access,Escalated,33
S008548,M01078,2024-04-25,API Integration,Pending,19
S008549,M02179,2025-02-20,Account Access,Escalated,28
S008550,M00507,2024-11-10,Account Access,Escalated,11
S008551,M01481,2024-09-19,KYC Verification,Escalated,28
S008552,M02395,2025-05-14,KYC Verification,Resolved,41
S008553,M02433,2025-05-21,API Integration,Resolved,18
S008554,M01334,2024-02-27,Failed Payment,Pending,11
S008555,M00742,2025-05-07,Failed Payment,Escalated,22
S008556,M01832,2024-09-10,Failed Payment,Resolved,38
S008557,M01718,2024-08-25,Fraud Complaint,Escalated,17
S008558,M00924,2025-01-08,Account Access,Resolved,21
S008559,M01160,2024-08-25,Fraud Complaint,Escalated,23
S008560,M02504,2025-07-02,Account Access,Pending,22
S008561,M01364,2024-08-31,API Integration,Resolved,32
S008562,M01011,2024-04-26,API Integration,Resolved,33
S008563,M01716,2025-05-23,Failed Payment,Pending,33
S008564,M01553,2024-01-13,Account Access,Resolved,20
S008565,M02611,2024-09-22,KYC Verification,Pending,35
S008566,M00669,2025-03-25,API Integration,Escalated,11
S008567,M02018,2024-03-24,Fraud Complaint,Resolved,13
S008568,M02139,2024-03-14,Failed Payment,Escalated,25
S008569,M01807,2024-06-04,Refund Request,Escalated,21
S008570,M01276,2024-11-08,KYC Verification,Escalated,21
S008571,M00926,2025-05-17,Account Access,Pending,19
S008572,M00814,2024-02-12,KYC Verification,Pending,32
S008573,M02191,2024-06-18,Account Access,Resolved,12
S008574,M01625,2025-02-09,Fraud Complaint,Pending,32
S008575,M01349,2025-03-01,Account Access,Pending,9
S008576,M01003,2025-04-25,Failed Payment,Resolved,25
S008577,M01571,2024-04-06,Refund Request,Resolved,28
S008578,M00790,2025-01-21,KYC Verification,Escalated,3
S008579,M02006,2025-01-27,Account Access,Resolved,14
S008580,M01229,2025-03-29,API Integration,Pending,32
S008581,M00687,2025-05-10,Failed Payment,Pending,39
S008582,M02890,2024-11-30,Fraud Complaint,Escalated,37
S008583,M00460,2025-02-04,Account Access,Escalated,36
S008584,M02752,2024-08-10,KYC Verification,Resolved,1
S008585,M02891,2024-01-19,KYC Verification,Resolved,25
S008586,M01131,2024-12-12,KYC Verification,Escalated,35
S008587,M01260,2024-07-06,API Integration,Resolved,31
S008588,M00723,2024-05-04,Account Access,Resolved,1
S008589,M01995,2024-04-08,Account Access,Resolved,44
S008590,M00729,2024-02-05,Failed Payment,Pending,12
S008591,M01317,2024-11-05,Failed Payment,Escalated,18
S008592,M01543,2025-05-03,KYC Verification,Pending,19
S008593,M02869,2024-05-30,API Integration,Resolved,19
S008594,M01578,2024-04-02,Account Access,Pending,16
S008595,M01807,2024-03-12,Refund Request,Escalated,31
S008596,M01847,2024-11-15,KYC Verification,Resolved,20
S008597,M01890,2024-04-27,API Integration,Pending,17
S008598,M01222,2025-06-30,Account Access,Resolved,36
S008599,M01626,2024-12-04,KYC Verification,Pending,25
S008600,M00247,2024-11-30,Refund Request,Pending,34
S008601,M02967,2024-04-21,Refund Request,Resolved,12
S008602,M00894,2024-01-02,Failed Payment,Escalated,31
S008603,M02387,2025-03-31,Account Access,Pending,16
S008604,M00944,2024-10-15,Failed Payment,Escalated,15
S008605,M00289,2024-09-05,Refund Request,Escalated,23
S008606,M01362,2024-01-17,Failed Payment,Escalated,16
S008607,M01543,2024-07-21,Failed Payment,Pending,31
S008608,M02407,2025-05-04,Refund Request,Resolved,8
S008609,M01869,2024-10-08,Account Access,Resolved,23
S008610,M00381,2024-08-18,Account Access,Resolved,43
S008611,M02564,2025-05-11,Refund Request,Escalated,25
S008612,M02093,2024-01-28,API Integration,Pending,19
S008613,M01271,2024-06-21,Account Access,Pending,16
S008614,M02637,2024-06-18,Refund Request,Resolved,19
S008615,M02450,2024-10-19,Fraud Complaint,Pending,16
S008616,M01442,2024-08-30,Refund Request,Escalated,12
S008617,M00811,2025-04-01,KYC Verification,Resolved,47
S008618,M01469,2025-03-10,Account Access,Pending,20
S008619,M01989,2024-11-23,Account Access,Pending,28
S008620,M01970,2024-09-02,API Integration,Resolved,16
S008621,M01611,2025-06-30,Failed Payment,Escalated,19
S008622,M00439,2024-11-17,API Integration,Resolved,20
S008623,M00822,2024-06-08,Failed Payment,Escalated,14
S008624,M00432,2025-02-27,Fraud Complaint,Pending,19
S008625,M02084,2024-07-30,Failed Payment,Resolved,23
S008626,M02197,2025-02-04,Fraud Complaint,Pending,36
S008627,M01200,2024-04-20,KYC Verification,Pending,30
S008628,M02528,2025-01-08,API Integration,Resolved,35
S008629,M01487,2025-01-05,API Integration,Resolved,31
S008630,M01493,2024-05-26,Failed Payment,Escalated,25
S008631,M00998,2024-07-20,Refund Request,Resolved,16
S008632,M01240,2024-04-03,API Integration,Escalated,16
S008633,M00722,2024-04-18,Refund Request,Pending,26
S008634,M01701,2024-07-26,Account Access,Escalated,23
S008635,M02266,2024-04-05,Failed Payment,Resolved,42
S008636,M00507,2024-09-10,KYC Verification,Escalated,21
S008637,M00639,2025-04-04,Failed Payment,Resolved,39
S008638,M01545,2025-06-10,Fraud Complaint,Resolved,21
S008639,M01459,2025-05-13,Failed Payment,Escalated,17
S008640,M02521,2025-01-27,Refund Request,Resolved,29
S008641,M02793,2024-07-29,API Integration,Pending,44
S008642,M00240,2025-06-03,KYC Verification,Resolved,13
S008643,M01782,2025-02-17,Account Access,Pending,32
S008644,M02374,2025-01-16,Fraud Complaint,Escalated,17
S008645,M00847,2025-03-23,Account Access,Resolved,29
S008646,M01868,2024-03-20,Failed Payment,Resolved,19
S008647,M02586,2024-11-13,Failed Payment,Pending,24
S008648,M00504,2024-09-15,Fraud Complaint,Resolved,40
S008649,M01751,2025-05-15,Fraud Complaint,Pending,23
S008650,M01920,2024-01-24,Failed Payment,Resolved,26
S008651,M01996,2025-02-20,API Integration,Escalated,12
S008652,M00485,2024-03-15,Refund Request,Escalated,32
S008653,M00721,2024-09-29,Failed Payment,Pending,18
S008654,M02613,2024-02-16,KYC Verification,Escalated,11
S008655,M00204,2025-02-27,Failed Payment,Resolved,1
S008656,M02495,2024-11-24,API Integration,Escalated,11
S008657,M00410,2025-01-19,Account Access,Escalated,15
S008658,M00729,2024-01-11,Failed Payment,Escalated,1
S008659,M01911,2024-01-23,Failed Payment,Resolved,36
S008660,M02331,2024-06-19,Failed Payment,Pending,43
S008661,M02564,2025-03-16,Fraud Complaint,Escalated,35
S008662,M01428,2025-05-18,Refund Request,Pending,21
S008663,M02805,2024-07-25,Account Access,Escalated,19
S008664,M00971,2025-06-10,API Integration,Resolved,24
S008665,M01181,2024-05-16,Fraud Complaint,Resolved,19
S008666,M00012,2024-06-08,Account Access,Escalated,1
S008667,M02766,2024-01-31,Failed Payment,Escalated,22
S008668,M00640,2024-08-14,Account Access,Pending,23
S008669,M01567,2025-05-13,API Integration,Pending,41
S008670,M02638,2025-03-04,Account Access,Escalated,10
S008671,M01503,2025-04-26,API Integration,Escalated,27
S008672,M02064,2025-01-17,Fraud Complaint,Resolved,13
S008673,M00356,2024-12-02,Failed Payment,Resolved,18
S008674,M00776,2025-03-14,Account Access,Pending,34
S008675,M01472,2024-10-07,Fraud Complaint,Pending,9
S008676,M02354,2024-12-08,Account Access,Resolved,33
S008677,M01550,2025-01-31,Refund Request,Resolved,17
S008678,M02266,2024-01-07,Failed Payment,Escalated,26
S008679,M00096,2024-02-14,Account Access,Escalated,22
S008680,M00810,2025-03-07,Refund Request,Escalated,25
S008681,M02485,2024-03-28,Account Access,Resolved,25
S008682,M02802,2025-02-01,KYC Verification,Pending,19
S008683,M02146,2024-03-14,Refund Request,Escalated,31
S008684,M02311,2025-06-19,Account Access,Resolved,38
S008685,M02419,2024-04-18,KYC Verification,Resolved,36
S008686,M02077,2024-03-04,Refund Request,Resolved,30
S008687,M00175,2024-06-29,KYC Verification,Pending,1
S008688,M02820,2025-04-24,API Integration,Pending,19
S008689,M01222,2024-08-30,Refund Request,Escalated,16
S008690,M01558,2024-01-13,Fraud Complaint,Pending,27
S008691,M00310,2024-04-28,API Integration,Resolved,21
S008692,M01337,2024-05-21,Account Access,Pending,12
S008693,M02151,2025-05-30,Account Access,Resolved,30
S008694,M01068,2024-08-31,Account Access,Pending,26
S008695,M01996,2024-12-20,Fraud Complaint,Resolved,29
S008696,M00687,2024-04-27,Failed Payment,Resolved,27
S008697,M00943,2025-02-19,Account Access,Pending,33
S008698,M02743,2024-04-16,Fraud Complaint,Escalated,14
S008699,M00319,2025-01-29,Failed Payment,Resolved,12
S008700,M02475,2025-05-29,API Integration,Pending,31
S008701,M02705,2024-01-01,Failed Payment,Escalated,25
S008702,M01446,2024-07-22,Failed Payment,Pending,32
S008703,M00276,2024-09-13,Account Access,Resolved,16
S008704,M01063,2024-09-12,Failed Payment,Pending,10
S008705,M02466,2024-04-06,KYC Verification,Resolved,15
S008706,M02075,2024-11-23,API Integration,Pending,25
S008707,M02834,2024-09-06,Failed Payment,Resolved,18
S008708,M02326,2024-12-27,Account Access,Pending,19
S008709,M02516,2024-06-17,Account Access,Pending,1
S008710,M01083,2024-05-27,Account Access,Pending,9
S008711,M02144,2024-10-04,Refund Request,Pending,15
S008712,M02099,2025-04-14,KYC Verification,Pending,13
S008713,M01741,2025-03-04,API Integration,Pending,21
S008714,M01908,2025-05-10,Failed Payment,Resolved,29
S008715,M01399,2024-10-18,Failed Payment,Escalated,31
S008716,M01985,2024-12-13,Refund Request,Escalated,31
S008717,M02928,2024-04-10,API Integration,Escalated,25
S008718,M02580,2024-05-23,Fraud Complaint,Resolved,13
S008719,M00148,2024-06-26,Account Access,Escalated,37
S008720,M02522,2025-06-01,API Integration,Pending,19
S008721,M02901,2024-11-29,Account Access,Pending,33
S008722,M00225,2025-04-15,KYC Verification,Escalated,30
S008723,M00217,2025-01-18,Refund Request,Pending,8
S008724,M00755,2024-09-10,KYC Verification,Resolved,15
S008725,M02890,2024-05-19,Fraud Complaint,Resolved,33
S008726,M02550,2024-04-09,Fraud Complaint,Pending,43
S008727,M00940,2024-10-21,Failed Payment,Resolved,27
S008728,M00412,2024-04-26,Account Access,Resolved,21
S008729,M02386,2025-06-08,API Integration,Escalated,28
S008730,M00393,2025-01-20,KYC Verification,Resolved,22
S008731,M02497,2024-08-17,Fraud Complaint,Resolved,18
S008732,M02356,2025-01-18,Refund Request,Resolved,37
S008733,M01700,2024-03-07,KYC Verification,Pending,6
S008734,M02760,2025-03-01,Failed Payment,Resolved,17
S008735,M01149,2025-03-19,KYC Verification,Resolved,22
S008736,M02228,2025-05-31,KYC Verification,Escalated,21
S008737,M01430,2024-12-19,Fraud Complaint,Resolved,14
S008738,M01878,2024-01-25,Refund Request,Pending,21
S008739,M02106,2024-09-25,Fraud Complaint,Resolved,36
S008740,M01322,2025-01-12,Failed Payment,Resolved,28
S008741,M01059,2024-12-30,Refund Request,Escalated,25
S008742,M01441,2024-01-31,Fraud Complaint,Resolved,21
S008743,M00566,2025-05-25,Fraud Complaint,Escalated,30
S008744,M00923,2024-04-28,Account Access,Resolved,8
S008745,M02087,2025-05-16,Fraud Complaint,Escalated,40
S008746,M02299,2024-02-14,Fraud Complaint,Pending,27
S008747,M01905,2024-09-21,Fraud Complaint,Escalated,19
S008748,M02068,2024-10-16,API Integration,Resolved,12
S008749,M02555,2025-03-26,KYC Verification,Escalated,4
S008750,M01075,2025-06-24,Fraud Complaint,Escalated,30
S008751,M00735,2024-03-13,KYC Verification,Resolved,17
S008752,M02086,2025-06-07,Fraud Complaint,Escalated,25
S008753,M00134,2024-08-05,Refund Request,Pending,29
S008754,M02408,2025-02-06,API Integration,Escalated,32
S008755,M02943,2024-08-27,Fraud Complaint,Resolved,1
S008756,M02807,2025-01-16,Account Access,Pending,23
S008757,M01552,2025-02-16,Fraud Complaint,Resolved,24
S008758,M00058,2025-05-19,Account Access,Escalated,25
S008759,M02168,2025-01-02,API Integration,Pending,1
S008760,M01830,2024-10-16,KYC Verification,Resolved,11
S008761,M02948,2025-03-22,Fraud Complaint,Escalated,26
S008762,M02390,2024-05-01,Failed Payment,Pending,13
S008763,M01076,2024-12-25,KYC Verification,Resolved,16
S008764,M02137,2025-06-04,KYC Verification,Escalated,34
S008765,M00621,2024-01-23,KYC Verification,Pending,17
S008766,M01991,2024-02-11,KYC Verification,Escalated,20
S008767,M00286,2024-05-29,Failed Payment,Resolved,18
S008768,M00953,2025-04-17,KYC Verification,Pending,19
S008769,M02506,2024-10-31,Failed Payment,Resolved,37
S008770,M01823,2024-08-11,Failed Payment,Escalated,13
S008771,M01082,2025-01-16,Failed Payment,Resolved,21
S008772,M00383,2025-02-27,Refund Request,Escalated,32
S008773,M00693,2024-03-16,Refund Request,Pending,13
S008774,M00180,2024-03-18,KYC Verification,Pending,25
S008775,M00426,2024-10-02,KYC Verification,Pending,33
S008776,M02766,2024-03-20,Failed Payment,Escalated,30
S008777,M01752,2024-03-11,Fraud Complaint,Pending,11
S008778,M01493,2024-10-19,Failed Payment,Escalated,23
S008779,M02479,2024-12-22,Fraud Complaint,Escalated,12
S008780,M01811,2025-01-24,Failed Payment,Escalated,26
S008781,M02763,2025-05-18,Refund Request,Escalated,18
S008782,M00756,2025-02-28,Refund Request,Pending,10
S008783,M00029,2024-03-10,API Integration,Escalated,21
S008784,M02155,2024-09-28,API Integration,Pending,9
S008785,M02036,2025-06-23,Refund Request,Pending,12
S008786,M01641,2025-06-30,Fraud Complaint,Escalated,24
S008787,M02678,2024-06-01,Failed Payment,Escalated,27
S008788,M01729,2024-08-08,Failed Payment,Escalated,5
S008789,M02347,2024-05-25,KYC Verification,Resolved,19
S008790,M00269,2024-12-30,KYC Verification,Pending,31
S008791,M01149,2025-05-29,API Integration,Pending,13
S008792,M02548,2024-03-05,Failed Payment,Pending,20
S008793,M01479,2024-06-11,Account Access,Pending,31
S008794,M01442,2024-11-08,Refund Request,Resolved,19
S008795,M01982,2024-09-11,API Integration,Resolved,35
S008796,M02262,2024-07-01,Fraud Complaint,Pending,17
S008797,M00435,2024-01-06,Refund Request,Escalated,41
S008798,M02024,2024-07-09,Refund Request,Escalated,18
S008799,M00404,2024-08-10,Failed Payment,Pending,21
S008800,M00851,2024-01-05,Fraud Complaint,Escalated,20
S008801,M01177,2024-09-04,Fraud Complaint,Pending,32
S008802,M02527,2024-07-03,Failed Payment,Escalated,29
S008803,M00592,2024-08-29,Fraud Complaint,Resolved,20
S008804,M00229,2024-08-19,KYC Verification,Resolved,24
S008805,M02053,2024-09-15,Refund Request,Escalated,33
S008806,M00483,2025-02-13,Refund Request,Escalated,20
S008807,M00068,2024-06-25,Refund Request,Resolved,18
S008808,M02815,2024-04-07,Refund Request,Resolved,12
S008809,M00627,2024-08-23,Failed Payment,Resolved,24
S008810,M02496,2024-03-31,KYC Verification,Resolved,26
S008811,M02957,2025-02-26,Fraud Complaint,Escalated,17
S008812,M01888,2025-06-25,Account Access,Resolved,35
S008813,M02166,2024-10-31,KYC Verification,Pending,30
S008814,M01549,2025-04-07,Refund Request,Escalated,28
S008815,M02863,2025-02-27,Account Access,Pending,25
S008816,M02691,2024-07-12,Failed Payment,Escalated,24
S008817,M01932,2025-03-17,Fraud Complaint,Resolved,33
S008818,M00718,2025-04-09,Fraud Complaint,Escalated,16
S008819,M02819,2025-06-09,Account Access,Resolved,29
S008820,M01548,2025-04-29,API Integration,Resolved,1
S008821,M02292,2025-02-27,Account Access,Escalated,29
S008822,M02758,2024-03-29,Failed Payment,Resolved,17
S008823,M00720,2024-05-14,Failed Payment,Escalated,24
S008824,M02319,2024-06-30,API Integration,Escalated,14
S008825,M02700,2024-10-11,Account Access,Pending,14
S008826,M01420,2024-03-22,KYC Verification,Pending,18
S008827,M02137,2024-02-26,Failed Payment,Resolved,20
S008828,M01923,2024-12-14,API Integration,Escalated,24
S008829,M01773,2025-06-28,Failed Payment,Escalated,21
S008830,M01780,2024-06-23,API Integration,Pending,27
S008831,M01897,2024-12-10,Refund Request,Pending,22
S008832,M02790,2024-02-02,Refund Request,Resolved,32
S008833,M02755,2024-04-29,Account Access,Escalated,26
S008834,M02446,2024-04-04,API Integration,Escalated,24
S008835,M02103,2024-02-18,API Integration,Resolved,29
S008836,M00280,2024-07-11,Account Access,Escalated,12
S008837,M01282,2025-03-21,Failed Payment,Resolved,23
S008838,M01298,2025-03-15,Fraud Complaint,Pending,11
S008839,M01673,2024-10-22,Refund Request,Escalated,23
S008840,M00209,2025-01-08,Fraud Complaint,Resolved,21
S008841,M00656,2024-07-26,Failed Payment,Pending,39
S008842,M01992,2024-08-27,Account Access,Resolved,8
S008843,M01715,2024-12-04,API Integration,Escalated,23
S008844,M01489,2024-10-15,Refund Request,Escalated,18
S008845,M00793,2025-01-03,KYC Verification,Pending,19
S008846,M00102,2024-12-14,Refund Request,Pending,16
S008847,M01885,2025-01-11,Failed Payment,Escalated,40
S008848,M02194,2024-08-21,Fraud Complaint,Pending,56
S008849,M00587,2024-11-07,Fraud Complaint,Escalated,36
S008850,M01665,2024-10-05,Account Access,Resolved,39
S008851,M00414,2024-09-06,Failed Payment,Pending,21
S008852,M02346,2025-01-08,Refund Request,Escalated,38
S008853,M00288,2024-12-01,Failed Payment,Resolved,12
S008854,M01885,2024-12-27,Fraud Complaint,Pending,23
S008855,M02800,2025-06-17,API Integration,Pending,20
S008856,M00003,2024-11-23,API Integration,Pending,27
S008857,M02427,2024-08-29,Fraud Complaint,Resolved,15
S008858,M02498,2024-12-04,KYC Verification,Pending,25
S008859,M00209,2024-09-18,Refund Request,Escalated,23
S008860,M01685,2024-05-26,Refund Request,Escalated,46
S008861,M02457,2024-12-06,Refund Request,Pending,27
S008862,M02511,2024-09-02,Refund Request,Resolved,21
S008863,M02796,2024-01-10,Refund Request,Escalated,12
S008864,M00001,2024-12-21,Failed Payment,Resolved,30
S008865,M00839,2024-03-05,KYC Verification,Resolved,29
S008866,M00282,2025-03-28,KYC Verification,Pending,30
S008867,M01060,2024-03-15,API Integration,Pending,12
S008868,M01146,2025-05-19,Failed Payment,Resolved,8
S008869,M01304,2024-11-04,Failed Payment,Resolved,10
S008870,M02831,2024-07-27,Failed Payment,Pending,34
S008871,M01661,2024-12-25,KYC Verification,Pending,27
S008872,M01961,2025-04-15,Refund Request,Pending,31
S008873,M00448,2024-01-26,KYC Verification,Escalated,21
S008874,M01350,2024-06-11,Refund Request,Escalated,24
S008875,M00202,2025-02-25,Failed Payment,Escalated,24
S008876,M00854,2025-05-04,KYC Verification,Escalated,16
S008877,M00597,2024-05-11,Fraud Complaint,Pending,20
S008878,M02556,2024-07-26,Failed Payment,Resolved,19
S008879,M01882,2025-01-31,Refund Request,Pending,30
S008880,M02830,2024-01-08,KYC Verification,Escalated,43
S008881,M00799,2025-02-04,Fraud Complaint,Escalated,26
S008882,M00764,2024-04-18,KYC Verification,Resolved,8
S008883,M00203,2024-07-11,API Integration,Pending,35
S008884,M02987,2024-02-04,Account Access,Escalated,18
S008885,M00488,2025-02-22,Failed Payment,Resolved,24
S008886,M01927,2024-11-13,Refund Request,Resolved,18
S008887,M02434,2024-07-26,Refund Request,Resolved,23
S008888,M00713,2024-04-22,Failed Payment,Pending,13
S008889,M00321,2025-03-28,KYC Verification,Pending,15
S008890,M01649,2024-06-14,Refund Request,Pending,14
S008891,M00434,2025-05-17,API Integration,Escalated,15
S008892,M01442,2024-03-27,API Integration,Resolved,23
S008893,M01899,2025-03-18,API Integration,Escalated,18
S008894,M02792,2024-07-11,KYC Verification,Pending,28
S008895,M01480,2024-11-06,KYC Verification,Resolved,23
S008896,M02528,2025-05-05,Refund Request,Escalated,20
S008897,M00080,2024-09-26,Account Access,Pending,16
S008898,M00426,2024-12-06,Account Access,Escalated,28
S008899,M01023,2025-03-30,Failed Payment,Escalated,16
S008900,M00165,2024-02-10,API Integration,Pending,23
S008901,M01237,2025-04-09,KYC Verification,Escalated,36
S008902,M02165,2025-06-09,Refund Request,Pending,23
S008903,M00924,2025-01-14,Failed Payment,Pending,22
S008904,M02692,2024-12-25,KYC Verification,Pending,23
S008905,M00504,2025-03-09,Failed Payment,Escalated,7
S008906,M00126,2024-11-02,Failed Payment,Pending,14
S008907,M01046,2024-06-12,Failed Payment,Escalated,29
S008908,M00222,2024-01-14,Failed Payment,Resolved,42
S008909,M00294,2024-05-13,Refund Request,Pending,24
S008910,M02573,2025-03-27,API Integration,Escalated,50
S008911,M01091,2024-07-28,Refund Request,Pending,30
S008912,M00475,2025-06-03,Refund Request,Resolved,25
S008913,M02411,2024-01-22,API Integration,Escalated,30
S008914,M02867,2024-01-28,Fraud Complaint,Pending,31
S008915,M02681,2025-01-16,KYC Verification,Pending,32
S008916,M00855,2024-03-28,Refund Request,Pending,19
S008917,M02229,2024-12-31,API Integration,Resolved,38
S008918,M01258,2024-08-18,API Integration,Resolved,28
S008919,M00039,2024-11-11,API Integration,Escalated,39
S008920,M02209,2024-03-25,KYC Verification,Resolved,34
S008921,M00956,2024-11-01,KYC Verification,Escalated,23
S008922,M02962,2024-03-27,Refund Request,Resolved,18
S008923,M01848,2024-12-26,API Integration,Resolved,9
S008924,M02518,2024-02-05,Fraud Complaint,Resolved,20
S008925,M01774,2024-04-18,Fraud Complaint,Resolved,16
S008926,M02493,2024-04-05,KYC Verification,Pending,35
S008927,M01657,2025-04-06,Fraud Complaint,Pending,37
S008928,M01356,2025-06-26,Account Access,Resolved,8
S008929,M01598,2024-10-18,KYC Verification,Escalated,42
S008930,M00907,2024-11-02,Refund Request,Pending,16
S008931,M00971,2025-03-23,Fraud Complaint,Escalated,25
S008932,M02847,2024-07-18,KYC Verification,Pending,38
S008933,M01408,2024-05-10,Failed Payment,Resolved,1
S008934,M02804,2025-01-12,Account Access,Resolved,25
S008935,M02346,2024-02-25,Fraud Complaint,Escalated,25
S008936,M01308,2024-08-22,API Integration,Resolved,11
S008937,M00759,2025-01-11,Fraud Complaint,Pending,28
S008938,M02433,2025-06-08,KYC Verification,Pending,1
S008939,M00973,2024-07-28,Failed Payment,Escalated,22
S008940,M00046,2024-09-13,Fraud Complaint,Escalated,26
S008941,M02504,2024-03-24,API Integration,Escalated,7
S008942,M01126,2024-03-23,Fraud Complaint,Escalated,27
S008943,M00685,2024-03-02,Refund Request,Pending,26
S008944,M00384,2025-01-19,Account Access,Escalated,20
S008945,M00737,2025-03-18,Fraud Complaint,Pending,33
S008946,M02237,2024-10-07,Fraud Complaint,Resolved,20
S008947,M01334,2024-10-05,Fraud Complaint,Escalated,18
S008948,M02829,2024-11-29,Fraud Complaint,Pending,1
S008949,M01511,2024-07-24,Failed Payment,Pending,17
S008950,M00213,2025-05-06,API Integration,Escalated,20
S008951,M01783,2025-02-08,Refund Request,Resolved,28
S008952,M02775,2025-02-08,Fraud Complaint,Resolved,31
S008953,M01400,2025-02-04,Failed Payment,Resolved,29
S008954,M02762,2024-02-16,Account Access,Resolved,17
S008955,M02616,2024-10-24,Refund Request,Pending,27
S008956,M00563,2024-10-28,API Integration,Escalated,28
S008957,M00061,2024-04-20,Fraud Complaint,Escalated,14
S008958,M01859,2025-03-16,Fraud Complaint,Resolved,20
S008959,M02173,2024-09-27,Refund Request,Escalated,18
S008960,M01441,2024-10-06,Fraud Complaint,Pending,42
S008961,M01576,2024-07-17,KYC Verification,Escalated,13
S008962,M00169,2024-01-15,Refund Request,Pending,18
S008963,M00886,2024-10-05,Fraud Complaint,Escalated,24
S008964,M02982,2024-12-04,Refund Request,Resolved,38
S008965,M01358,2024-11-25,API Integration,Resolved,17
S008966,M02206,2024-07-19,Refund Request,Resolved,22
S008967,M02432,2025-06-06,KYC Verification,Escalated,22
S008968,M01221,2025-03-04,API Integration,Escalated,34
S008969,M00443,2024-11-07,Account Access,Pending,41
S008970,M01979,2024-02-28,API Integration,Escalated,31
S008971,M00119,2025-01-02,Refund Request,Resolved,32
S008972,M02646,2024-11-12,Fraud Complaint,Pending,7
S008973,M01431,2024-06-13,KYC Verification,Pending,13
S008974,M02845,2024-02-19,KYC Verification,Pending,30
S008975,M01489,2024-07-05,KYC Verification,Pending,26
S008976,M02040,2024-10-15,Failed Payment,Pending,33
S008977,M02534,2024-11-03,Fraud Complaint,Pending,20
S008978,M01379,2024-09-18,Account Access,Resolved,17
S008979,M00467,2024-06-11,KYC Verification,Pending,4
S008980,M02014,2024-05-03,Failed Payment,Escalated,27
S008981,M02900,2024-07-17,Fraud Complaint,Escalated,17
S008982,M02005,2025-04-19,Account Access,Escalated,42
S008983,M01811,2024-02-03,Refund Request,Escalated,6
S008984,M00021,2024-01-27,Failed Payment,Resolved,40
S008985,M02611,2025-03-29,Fraud Complaint,Escalated,9
S008986,M00883,2024-02-13,KYC Verification,Resolved,38
S008987,M02937,2025-02-21,Account Access,Resolved,14
S008988,M01918,2025-04-06,Refund Request,Pending,23
S008989,M00043,2025-03-11,Fraud Complaint,Escalated,22
S008990,M02769,2024-11-16,Refund Request,Escalated,33
S008991,M00781,2024-03-08,Account Access,Resolved,10
S008992,M02784,2024-03-26,KYC Verification,Escalated,13
S008993,M01063,2025-02-03,API Integration,Resolved,36
S008994,M00985,2024-08-25,Failed Payment,Resolved,31
S008995,M02330,2024-02-01,Refund Request,Pending,30
S008996,M02009,2024-06-18,Refund Request,Pending,38
S008997,M00834,2024-01-10,Fraud Complaint,Resolved,37
S008998,M00970,2025-03-23,API Integration,Pending,25
S008999,M00895,2025-03-01,Fraud Complaint,Resolved,21
S009000,M00635,2025-01-08,Fraud Complaint,Resolved,9
S009001,M02684,2024-06-19,Refund Request,Pending,17
S009002,M02469,2024-05-29,Failed Payment,Resolved,12
S009003,M02359,2024-12-24,Failed Payment,Resolved,25
S009004,M00145,2024-08-20,Fraud Complaint,Escalated,2
S009005,M00194,2024-08-11,Failed Payment,Pending,21
S009006,M02921,2024-12-27,Fraud Complaint,Resolved,34
S009007,M02449,2024-09-15,API Integration,Resolved,26
S009008,M02159,2024-04-16,KYC Verification,Resolved,27
S009009,M01944,2024-03-06,KYC Verification,Pending,28
S009010,M02858,2025-06-22,API Integration,Pending,11
S009011,M01013,2024-11-04,Refund Request,Resolved,13
S009012,M01116,2024-09-18,Failed Payment,Escalated,24
S009013,M02853,2024-04-01,Fraud Complaint,Resolved,19
S009014,M02420,2025-01-12,Account Access,Resolved,14
S009015,M00035,2024-08-03,Account Access,Pending,13
S009016,M02878,2025-04-17,Account Access,Resolved,32
S009017,M01874,2025-03-10,Refund Request,Resolved,30
S009018,M01182,2025-06-08,KYC Verification,Pending,33
S009019,M02260,2024-10-24,Account Access,Pending,57
S009020,M00948,2024-07-09,Refund Request,Pending,18
S009021,M02482,2024-11-10,KYC Verification,Resolved,22
S009022,M00533,2024-03-16,Fraud Complaint,Resolved,16
S009023,M01154,2024-09-29,Fraud Complaint,Escalated,32
S009024,M00400,2025-04-24,Fraud Complaint,Escalated,27
S009025,M00328,2024-06-19,Failed Payment,Escalated,32
S009026,M00473,2024-07-20,Fraud Complaint,Resolved,15
S009027,M00360,2024-03-10,Account Access,Resolved,8
S009028,M00439,2025-06-19,KYC Verification,Pending,22
S009029,M02731,2025-02-21,Failed Payment,Pending,25
S009030,M02609,2024-08-06,KYC Verification,Resolved,11
S009031,M01069,2024-03-25,Fraud Complaint,Resolved,14
S009032,M02539,2024-12-25,Account Access,Pending,13
S009033,M00769,2024-03-13,Fraud Complaint,Escalated,19
S009034,M01753,2024-04-23,Failed Payment,Resolved,27
S009035,M00118,2024-11-10,Account Access,Escalated,27
S009036,M02373,2024-02-01,API Integration,Escalated,22
S009037,M02439,2024-02-17,API Integration,Resolved,22
S009038,M02315,2025-04-29,Failed Payment,Pending,22
S009039,M00912,2024-05-16,Refund Request,Resolved,20
S009040,M01676,2025-02-22,API Integration,Pending,6
S009041,M02441,2024-01-13,Failed Payment,Pending,3
S009042,M02933,2024-08-21,Fraud Complaint,Escalated,25
S009043,M01122,2024-05-09,API Integration,Resolved,46
S009044,M00863,2024-08-27,Refund Request,Escalated,26
S009045,M00376,2025-03-30,Fraud Complaint,Escalated,18
S009046,M02208,2025-02-07,KYC Verification,Resolved,9
S009047,M00756,2025-01-08,Fraud Complaint,Pending,24
S009048,M01108,2024-09-22,Refund Request,Resolved,29
S009049,M02449,2025-01-08,Failed Payment,Escalated,18
S009050,M02001,2025-04-14,Account Access,Resolved,17
S009051,M02085,2024-04-13,KYC Verification,Escalated,20
S009052,M00924,2025-04-20,API Integration,Resolved,38
S009053,M01241,2024-05-14,Fraud Complaint,Pending,26
S009054,M01438,2024-07-09,Account Access,Escalated,31
S009055,M01112,2025-04-14,Failed Payment,Resolved,4
S009056,M01006,2024-07-21,Account Access,Escalated,39
S009057,M00468,2025-01-19,Refund Request,Escalated,11
S009058,M00563,2025-01-18,Failed Payment,Pending,32
S009059,M00137,2024-08-05,Failed Payment,Escalated,7
S009060,M01660,2025-04-28,Refund Request,Escalated,28
S009061,M02268,2024-01-22,Fraud Complaint,Pending,23
S009062,M01187,2025-01-17,Refund Request,Escalated,36
S009063,M00595,2024-08-13,Failed Payment,Escalated,20
S009064,M01269,2024-12-22,API Integration,Escalated,14
S009065,M00961,2025-04-24,Account Access,Resolved,42
S009066,M02163,2025-06-21,Failed Payment,Escalated,19
S009067,M02732,2024-07-13,Refund Request,Resolved,19
S009068,M02853,2025-02-16,Fraud Complaint,Escalated,22
S009069,M00978,2025-04-10,Account Access,Resolved,17
S009070,M02421,2025-06-09,Failed Payment,Escalated,23
S009071,M01199,2024-10-14,Failed Payment,Resolved,31
S009072,M02877,2024-12-22,Fraud Complaint,Escalated,6
S009073,M01425,2024-01-21,KYC Verification,Resolved,10
S009074,M02889,2025-01-12,Refund Request,Resolved,26
S009075,M00117,2025-05-01,API Integration,Escalated,20
S009076,M00759,2024-01-21,Account Access,Pending,20
S009077,M00976,2024-03-11,Account Access,Pending,24
S009078,M02362,2024-05-13,Refund Request,Pending,28
S009079,M00352,2024-05-15,KYC Verification,Pending,36
S009080,M00106,2025-04-29,API Integration,Escalated,10
S009081,M00655,2024-08-15,KYC Verification,Pending,1
S009082,M00111,2025-01-17,KYC Verification,Pending,17
S009083,M02035,2024-05-06,Account Access,Pending,14
S009084,M00842,2024-09-03,KYC Verification,Escalated,21
S009085,M02673,2025-05-02,Fraud Complaint,Resolved,6
S009086,M02726,2024-09-16,Refund Request,Resolved,4
S009087,M01145,2024-09-25,API Integration,Escalated,29
S009088,M02039,2024-02-14,Account Access,Pending,8
S009089,M02551,2024-09-20,Fraud Complaint,Escalated,28
S009090,M02489,2025-01-28,Failed Payment,Pending,28
S009091,M01662,2025-05-14,KYC Verification,Pending,30
S009092,M00661,2024-01-20,Fraud Complaint,Resolved,11
S009093,M02945,2024-07-15,Account Access,Escalated,34
S009094,M01018,2024-11-07,KYC Verification,Escalated,35
S009095,M00172,2025-03-11,Account Access,Escalated,49
S009096,M02595,2024-10-24,KYC Verification,Pending,31
S009097,M02201,2025-05-28,Account Access,Resolved,34
S009098,M02213,2025-02-17,API Integration,Resolved,9
S009099,M02542,2024-03-10,API Integration,Pending,31
S009100,M02557,2025-05-08,API Integration,Resolved,10
S009101,M00738,2024-05-31,Fraud Complaint,Resolved,6
S009102,M01569,2024-09-14,Account Access,Pending,34
S009103,M00750,2024-01-06,Refund Request,Resolved,37
S009104,M00821,2024-04-23,Fraud Complaint,Escalated,29
S009105,M01023,2024-05-31,Account Access,Resolved,18
S009106,M01566,2025-01-18,KYC Verification,Resolved,44
S009107,M02763,2024-10-25,Account Access,Pending,10
S009108,M02595,2025-01-28,Fraud Complaint,Resolved,19
S009109,M02609,2025-03-27,KYC Verification,Resolved,39
S009110,M00674,2024-01-09,KYC Verification,Pending,23
S009111,M01721,2024-03-14,Failed Payment,Resolved,23
S009112,M01930,2024-05-01,Refund Request,Pending,23
S009113,M02762,2024-09-09,Failed Payment,Pending,32
S009114,M00642,2025-02-27,Refund Request,Resolved,18
S009115,M02115,2024-06-06,Refund Request,Escalated,24
S009116,M02385,2024-04-16,Account Access,Pending,34
S009117,M02016,2025-01-09,API Integration,Escalated,30
S009118,M01767,2024-07-26,KYC Verification,Resolved,16
S009119,M00465,2025-04-22,Account Access,Resolved,42
S009120,M02953,2024-08-13,Refund Request,Pending,19
S009121,M02805,2024-07-19,KYC Verification,Pending,15
S009122,M01310,2024-09-28,KYC Verification,Pending,21
S009123,M02982,2024-08-11,Fraud Complaint,Pending,42
S009124,M02842,2024-02-21,Account Access,Pending,1
S009125,M02128,2024-04-04,KYC Verification,Pending,40
S009126,M01424,2024-07-20,Refund Request,Escalated,31
S009127,M02779,2024-02-11,Failed Payment,Resolved,1
S009128,M01514,2024-12-06,Fraud Complaint,Pending,28
S009129,M02014,2024-10-25,KYC Verification,Resolved,14
S009130,M02213,2024-07-20,Account Access,Resolved,24
S009131,M00031,2024-06-12,KYC Verification,Pending,30
S009132,M01171,2024-06-30,Failed Payment,Resolved,15
S009133,M01461,2024-07-28,Fraud Complaint,Pending,21
S009134,M00830,2024-03-30,Failed Payment,Pending,38
S009135,M01121,2024-01-15,API Integration,Pending,27
S009136,M01112,2024-08-27,KYC Verification,Resolved,30
S009137,M01021,2024-11-25,KYC Verification,Escalated,20
S009138,M01987,2024-06-27,Failed Payment,Escalated,22
S009139,M00893,2025-06-18,Account Access,Pending,21
S009140,M00778,2024-12-27,Fraud Complaint,Escalated,30
S009141,M02846,2024-06-01,Account Access,Resolved,11
S009142,M01089,2024-12-12,KYC Verification,Escalated,11
S009143,M02512,2024-07-18,KYC Verification,Escalated,32
S009144,M01732,2025-06-11,Failed Payment,Escalated,22
S009145,M02526,2024-04-27,Failed Payment,Escalated,40
S009146,M00569,2024-06-12,Refund Request,Escalated,34
S009147,M02200,2024-10-23,Refund Request,Resolved,32
S009148,M00609,2025-03-06,KYC Verification,Escalated,25
S009149,M02901,2024-07-16,KYC Verification,Pending,30
S009150,M00728,2025-06-13,KYC Verification,Resolved,5
S009151,M01458,2024-05-08,API Integration,Resolved,13
S009152,M02415,2025-03-23,Fraud Complaint,Escalated,28
S009153,M02524,2024-11-21,API Integration,Pending,33
S009154,M01549,2025-04-05,API Integration,Escalated,12
S009155,M00809,2024-09-28,Failed Payment,Escalated,26
S009156,M00132,2025-06-18,API Integration,Pending,37
S009157,M01413,2024-07-02,API Integration,Pending,35
S009158,M00344,2025-06-01,Account Access,Pending,23
S009159,M00516,2025-06-23,Failed Payment,Pending,20
S009160,M00074,2024-02-14,Failed Payment,Resolved,16
S009161,M01203,2025-02-10,Failed Payment,Resolved,37
S009162,M02179,2024-12-05,Failed Payment,Escalated,17
S009163,M01469,2024-06-16,API Integration,Pending,7
S009164,M01832,2024-10-12,Refund Request,Pending,9
S009165,M00746,2024-07-04,API Integration,Pending,30
S009166,M00734,2024-08-10,API Integration,Resolved,20
S009167,M00186,2024-02-03,Refund Request,Pending,35
S009168,M02326,2024-07-29,Fraud Complaint,Pending,10
S009169,M02564,2024-01-08,API Integration,Pending,32
S009170,M02999,2024-03-12,Account Access,Escalated,16
S009171,M02502,2024-03-20,Account Access,Pending,24
S009172,M00108,2024-09-05,Refund Request,Escalated,37
S009173,M02551,2024-03-22,API Integration,Resolved,29
S009174,M00574,2025-01-20,Failed Payment,Escalated,24
S009175,M02538,2025-01-16,Fraud Complaint,Pending,34
S009176,M01058,2025-03-26,Fraud Complaint,Resolved,16
S009177,M00647,2024-06-14,Account Access,Escalated,14
S009178,M02639,2024-12-05,Failed Payment,Escalated,9
S009179,M01017,2024-12-04,Failed Payment,Resolved,15
S009180,M01983,2025-07-02,API Integration,Resolved,20
S009181,M00890,2024-11-26,KYC Verification,Escalated,38
S009182,M00711,2024-11-19,Failed Payment,Escalated,11
S009183,M01852,2025-05-25,Refund Request,Escalated,23
S009184,M02282,2025-05-09,Refund Request,Resolved,24
S009185,M01672,2024-08-14,API Integration,Escalated,31
S009186,M02624,2025-01-19,KYC Verification,Pending,28
S009187,M02826,2025-04-27,KYC Verification,Escalated,26
S009188,M02077,2025-05-26,Failed Payment,Resolved,21
S009189,M02629,2025-02-01,API Integration,Pending,35
S009190,M01590,2024-04-07,Refund Request,Escalated,22
S009191,M01799,2025-03-21,Failed Payment,Resolved,25
S009192,M02195,2024-03-12,KYC Verification,Pending,35
S009193,M02142,2025-02-05,KYC Verification,Escalated,23
S009194,M01792,2024-05-11,KYC Verification,Escalated,11
S009195,M00356,2025-07-01,Account Access,Resolved,24
S009196,M02057,2024-08-17,Account Access,Pending,22
S009197,M02486,2024-11-20,Failed Payment,Escalated,24
S009198,M01214,2024-02-20,Refund Request,Escalated,26
S009199,M00665,2024-09-12,Failed Payment,Resolved,10
S009200,M01545,2024-07-06,Account Access,Resolved,24
S009201,M01123,2024-03-30,Fraud Complaint,Pending,24
S009202,M01680,2025-04-03,Refund Request,Escalated,33
S009203,M01912,2024-05-21,Fraud Complaint,Pending,25
S009204,M00145,2024-01-24,Failed Payment,Pending,32
S009205,M00573,2025-03-12,Refund Request,Pending,25
S009206,M00115,2024-05-05,Refund Request,Escalated,27
S009207,M01043,2025-01-08,Fraud Complaint,Pending,33
S009208,M02030,2024-06-28,KYC Verification,Pending,24
S009209,M02900,2024-11-13,API Integration,Escalated,27
S009210,M02275,2024-09-06,Fraud Complaint,Escalated,11
S009211,M00608,2024-01-04,Refund Request,Escalated,18
S009212,M02885,2024-04-06,Account Access,Pending,17
S009213,M01248,2024-08-10,KYC Verification,Pending,1
S009214,M02989,2024-06-30,Failed Payment,Resolved,24
S009215,M02989,2024-01-07,KYC Verification,Escalated,34
S009216,M02927,2025-05-14,Refund Request,Escalated,18
S009217,M01106,2024-09-18,API Integration,Pending,18
S009218,M02018,2025-05-26,Failed Payment,Escalated,17
S009219,M02878,2024-12-02,Fraud Complaint,Escalated,29
S009220,M01623,2025-06-08,Fraud Complaint,Escalated,28
S009221,M02093,2024-02-04,Fraud Complaint,Pending,19
S009222,M01963,2024-08-25,Account Access,Pending,14
S009223,M01758,2024-04-10,Account Access,Resolved,27
S009224,M01862,2025-05-23,Failed Payment,Pending,19
S009225,M00643,2025-05-13,Refund Request,Pending,31
S009226,M00610,2024-08-05,Fraud Complaint,Pending,8
S009227,M00148,2024-08-16,API Integration,Escalated,25
S009228,M00877,2025-06-18,Account Access,Pending,29
S009229,M01230,2024-06-09,Refund Request,Resolved,21
S009230,M00424,2024-12-31,Fraud Complaint,Resolved,24
S009231,M02471,2024-05-18,KYC Verification,Resolved,19
S009232,M00434,2025-04-20,KYC Verification,Escalated,12
S009233,M01342,2024-05-06,Failed Payment,Resolved,10
S009234,M00164,2025-04-20,Failed Payment,Escalated,23
S009235,M00953,2024-07-09,API Integration,Pending,27
S009236,M00919,2025-04-17,KYC Verification,Pending,22
S009237,M02964,2025-06-18,API Integration,Escalated,16
S009238,M02592,2024-09-26,Fraud Complaint,Escalated,17
S009239,M02897,2025-05-03,API Integration,Pending,31
S009240,M02857,2025-06-20,Fraud Complaint,Escalated,30
S009241,M02497,2024-09-24,Fraud Complaint,Pending,31
S009242,M02219,2024-01-28,Account Access,Resolved,36
S009243,M01863,2024-12-12,KYC Verification,Resolved,29
S009244,M00080,2024-03-02,API Integration,Escalated,27
S009245,M01339,2025-03-31,Refund Request,Resolved,25
S009246,M00436,2025-02-12,Refund Request,Resolved,37
S009247,M02901,2024-03-29,API Integration,Resolved,30
S009248,M00716,2024-10-16,Refund Request,Resolved,33
S009249,M00046,2024-10-03,Account Access,Resolved,33
S009250,M02755,2024-08-15,Account Access,Pending,23
S009251,M01726,2024-10-10,Account Access,Pending,16
S009252,M00199,2025-04-03,Failed Payment,Resolved,27
S009253,M02843,2024-12-14,KYC Verification,Pending,28
S009254,M00958,2024-03-16,Refund Request,Escalated,47
S009255,M00598,2024-04-26,API Integration,Escalated,32
S009256,M02139,2024-07-20,API Integration,Resolved,28
S009257,M01946,2024-06-13,KYC Verification,Resolved,34
S009258,M00360,2024-12-21,Refund Request,Escalated,7
S009259,M00343,2024-12-16,Failed Payment,Escalated,23
S009260,M01196,2024-12-25,KYC Verification,Pending,15
S009261,M02278,2024-09-24,KYC Verification,Pending,23
S009262,M01553,2024-07-20,KYC Verification,Resolved,30
S009263,M02347,2025-01-15,Refund Request,Pending,10
S009264,M01430,2024-12-25,Failed Payment,Resolved,25
S009265,M00801,2025-06-15,Fraud Complaint,Resolved,21
S009266,M01004,2024-09-24,API Integration,Pending,17
S009267,M01561,2025-01-03,Fraud Complaint,Resolved,34
S009268,M02767,2024-03-27,API Integration,Resolved,37
S009269,M02112,2024-05-30,Fraud Complaint,Escalated,36
S009270,M01907,2024-12-05,Fraud Complaint,Pending,38
S009271,M02238,2025-01-07,Account Access,Escalated,28
S009272,M01116,2024-03-06,Refund Request,Resolved,22
S009273,M02207,2024-10-27,Refund Request,Pending,6
S009274,M02202,2024-06-04,API Integration,Resolved,26
S009275,M01222,2025-06-24,Refund Request,Escalated,16
S009276,M01619,2024-06-19,KYC Verification,Pending,22
S009277,M00158,2025-04-01,Refund Request,Escalated,17
S009278,M01629,2025-03-07,API Integration,Resolved,18
S009279,M01278,2024-03-06,Account Access,Pending,26
S009280,M00760,2025-04-21,KYC Verification,Resolved,24
S009281,M00760,2025-05-20,API Integration,Resolved,16
S009282,M00478,2024-07-17,Fraud Complaint,Resolved,21
S009283,M02063,2024-11-03,Fraud Complaint,Pending,29
S009284,M02328,2025-05-09,Fraud Complaint,Pending,30
S009285,M01222,2024-10-21,API Integration,Escalated,27
S009286,M00301,2024-05-17,API Integration,Escalated,26
S009287,M02504,2024-04-01,KYC Verification,Pending,30
S009288,M02278,2025-06-14,Refund Request,Resolved,35
S009289,M00194,2024-12-27,Failed Payment,Escalated,19
S009290,M00130,2024-09-07,API Integration,Escalated,18
S009291,M02619,2024-06-12,Failed Payment,Pending,18
S009292,M02281,2024-03-25,Account Access,Resolved,16
S009293,M02664,2025-02-11,Account Access,Resolved,36
S009294,M00944,2025-05-28,Fraud Complaint,Resolved,21
S009295,M02961,2025-01-22,Failed Payment,Pending,17
S009296,M01736,2025-03-26,Fraud Complaint,Pending,28
S009297,M00533,2024-06-23,Failed Payment,Escalated,26
S009298,M00095,2024-10-24,KYC Verification,Pending,36
S009299,M01137,2024-02-03,KYC Verification,Pending,43
S009300,M00692,2024-02-28,Refund Request,Pending,27
S009301,M01734,2024-01-02,Account Access,Pending,38
S009302,M02624,2024-10-27,API Integration,Resolved,13
S009303,M00875,2024-01-27,Refund Request,Pending,41
S009304,M01302,2024-05-08,KYC Verification,Escalated,41
S009305,M00766,2024-04-19,KYC Verification,Resolved,20
S009306,M01238,2024-10-19,Refund Request,Escalated,26
S009307,M01848,2025-05-06,KYC Verification,Escalated,36
S009308,M00309,2025-03-17,Fraud Complaint,Pending,20
S009309,M01982,2024-09-05,KYC Verification,Escalated,22
S009310,M02389,2024-08-04,Failed Payment,Escalated,41
S009311,M02189,2025-06-26,Account Access,Resolved,44
S009312,M02502,2024-10-14,KYC Verification,Resolved,23
S009313,M02179,2024-08-07,KYC Verification,Escalated,14
S009314,M00297,2024-02-02,KYC Verification,Escalated,33
S009315,M00597,2025-03-15,Refund Request,Escalated,29
S009316,M01768,2024-04-25,Account Access,Escalated,26
S009317,M02889,2024-03-15,Failed Payment,Escalated,33
S009318,M02785,2024-03-16,Fraud Complaint,Pending,16
S009319,M01620,2025-05-25,API Integration,Pending,38
S009320,M02780,2024-03-25,Account Access,Pending,4
S009321,M02709,2024-01-31,API Integration,Resolved,7
S009322,M00907,2024-07-10,KYC Verification,Escalated,20
S009323,M02938,2025-03-15,API Integration,Escalated,35
S009324,M02304,2025-01-23,Failed Payment,Escalated,24
S009325,M01106,2024-03-28,Fraud Complaint,Pending,23
S009326,M00679,2024-12-27,Fraud Complaint,Escalated,18
S009327,M00293,2024-04-26,Account Access,Resolved,10
S009328,M01935,2024-05-09,KYC Verification,Pending,25
S009329,M01739,2025-03-28,Fraud Complaint,Pending,11
S009330,M02467,2025-04-23,API Integration,Resolved,10
S009331,M02997,2025-06-05,Fraud Complaint,Pending,1
S009332,M01173,2024-05-03,Refund Request,Resolved,31
S009333,M01347,2024-02-18,Account Access,Pending,32
S009334,M01825,2025-07-04,Account Access,Pending,18
S009335,M01402,2025-03-11,Refund Request,Escalated,11
S009336,M02989,2025-06-04,Refund Request,Resolved,28
S009337,M02424,2024-06-28,Failed Payment,Pending,34
S009338,M01715,2024-10-13,API Integration,Escalated,32
S009339,M02883,2024-10-05,Account Access,Escalated,23
S009340,M00687,2025-05-01,API Integration,Resolved,41
S009341,M00196,2025-02-21,KYC Verification,Resolved,45
S009342,M01448,2025-04-16,Account Access,Escalated,27
S009343,M02625,2024-06-07,Fraud Complaint,Resolved,27
S009344,M00947,2024-04-24,Fraud Complaint,Resolved,38
S009345,M00184,2024-01-06,Fraud Complaint,Resolved,34
S009346,M00925,2024-06-30,Fraud Complaint,Escalated,35
S009347,M01943,2024-05-07,API Integration,Resolved,25
S009348,M01601,2024-08-01,Failed Payment,Pending,20
S009349,M01350,2024-11-05,Failed Payment,Escalated,16
S009350,M02124,2025-04-19,Refund Request,Resolved,25
S009351,M00400,2024-07-05,Refund Request,Pending,34
S009352,M01987,2024-03-28,KYC Verification,Resolved,21
S009353,M00045,2025-03-12,Fraud Complaint,Pending,9
S009354,M01223,2024-07-02,Refund Request,Pending,5
S009355,M02366,2024-06-18,Refund Request,Pending,16
S009356,M00519,2025-03-08,API Integration,Pending,34
S009357,M01783,2024-06-08,KYC Verification,Pending,29
S009358,M00114,2024-12-18,Refund Request,Pending,24
S009359,M02036,2025-06-15,API Integration,Escalated,28
S009360,M01988,2024-08-21,API Integration,Resolved,14
S009361,M01041,2024-11-17,Fraud Complaint,Pending,32
S009362,M01391,2024-03-10,Fraud Complaint,Escalated,24
S009363,M01243,2024-08-27,API Integration,Escalated,39
S009364,M01174,2024-03-17,Account Access,Escalated,34
S009365,M00366,2025-01-02,Account Access,Escalated,42
S009366,M01933,2024-03-02,Refund Request,Escalated,16
S009367,M02636,2024-04-01,KYC Verification,Escalated,42
S009368,M02063,2024-06-16,Account Access,Pending,22
S009369,M00342,2024-03-05,KYC Verification,Resolved,30
S009370,M00348,2024-12-27,Failed Payment,Resolved,17
S009371,M00485,2024-01-12,Failed Payment,Pending,26
S009372,M00164,2024-12-06,API Integration,Escalated,29
S009373,M01107,2025-03-26,API Integration,Resolved,23
S009374,M02438,2024-05-22,KYC Verification,Escalated,33
S009375,M00017,2024-12-07,Account Access,Pending,40
S009376,M00282,2024-04-21,Failed Payment,Resolved,20
S009377,M02037,2024-05-15,Failed Payment,Resolved,5
S009378,M00652,2024-08-24,Failed Payment,Escalated,19
S009379,M02486,2024-05-21,Refund Request,Pending,31
S009380,M02081,2024-03-19,API Integration,Resolved,26
S009381,M02429,2025-03-08,Account Access,Resolved,4
S009382,M01085,2024-07-23,Refund Request,Resolved,20
S009383,M02892,2024-02-10,Failed Payment,Escalated,14
S009384,M02099,2025-05-27,API Integration,Resolved,17
S009385,M00669,2024-11-20,API Integration,Escalated,18
S009386,M01067,2024-02-26,Fraud Complaint,Escalated,30
S009387,M02440,2024-03-03,Fraud Complaint,Resolved,8
S009388,M00768,2024-04-06,KYC Verification,Escalated,26
S009389,M02684,2024-05-22,API Integration,Pending,12
S009390,M02431,2025-05-01,KYC Verification,Pending,17
S009391,M00947,2025-01-21,Account Access,Resolved,34
S009392,M02949,2025-05-23,Fraud Complaint,Escalated,28
S009393,M00301,2024-12-20,Fraud Complaint,Pending,10
S009394,M02864,2024-10-11,Account Access,Escalated,7
S009395,M02754,2024-05-25,Refund Request,Escalated,13
S009396,M01717,2024-04-01,Fraud Complaint,Resolved,5
S009397,M01481,2025-05-16,KYC Verification,Resolved,18
S009398,M02632,2024-04-11,KYC Verification,Escalated,13
S009399,M00156,2024-06-02,Failed Payment,Pending,31
S009400,M00125,2024-04-14,API Integration,Pending,11
S009401,M01381,2025-04-05,API Integration,Pending,23
S009402,M01799,2024-01-27,Failed Payment,Escalated,38
S009403,M02120,2024-04-08,Fraud Complaint,Resolved,22
S009404,M00527,2025-02-03,API Integration,Pending,8
S009405,M01997,2024-07-14,Account Access,Escalated,19
S009406,M00261,2024-08-02,API Integration,Pending,30
S009407,M02836,2024-12-31,KYC Verification,Escalated,20
S009408,M02379,2024-05-04,Failed Payment,Pending,19
S009409,M02196,2025-04-09,Fraud Complaint,Resolved,30
S009410,M00531,2024-06-22,Refund Request,Resolved,28
S009411,M01981,2025-04-02,Failed Payment,Resolved,16
S009412,M01233,2024-11-13,Failed Payment,Escalated,24
S009413,M01125,2025-05-30,API Integration,Resolved,5
S009414,M02247,2024-04-05,Failed Payment,Escalated,4
S009415,M01026,2024-10-24,Fraud Complaint,Pending,28
S009416,M02288,2024-01-31,Account Access,Resolved,14
S009417,M02320,2024-02-10,Failed Payment,Pending,23
S009418,M01621,2024-07-18,Failed Payment,Pending,26
S009419,M02551,2024-04-13,Account Access,Resolved,42
S009420,M01837,2024-02-22,KYC Verification,Resolved,34
S009421,M00400,2024-07-26,Failed Payment,Escalated,22
S009422,M02745,2024-04-10,Account Access,Resolved,29
S009423,M02085,2024-03-17,API Integration,Resolved,32
S009424,M00931,2024-09-03,Fraud Complaint,Resolved,21
S009425,M01988,2025-01-10,API Integration,Resolved,27
S009426,M01199,2024-04-29,KYC Verification,Pending,13
S009427,M02485,2024-09-30,Fraud Complaint,Pending,19
S009428,M01716,2025-06-29,Failed Payment,Escalated,12
S009429,M02567,2025-03-31,Refund Request,Pending,28
S009430,M01769,2025-05-18,KYC Verification,Resolved,29
S009431,M01718,2024-07-12,API Integration,Resolved,26
S009432,M00396,2024-11-15,Failed Payment,Escalated,27
S009433,M01734,2025-06-23,Failed Payment,Escalated,6
S009434,M01852,2025-03-31,Failed Payment,Resolved,34
S009435,M02158,2024-12-13,Fraud Complaint,Resolved,10
S009436,M00337,2024-12-29,Account Access,Escalated,22
S009437,M01200,2025-03-19,Fraud Complaint,Pending,31
S009438,M02998,2025-04-22,Fraud Complaint,Escalated,22
S009439,M02693,2024-10-16,Failed Payment,Escalated,12
S009440,M00414,2024-10-26,Refund Request,Resolved,15
S009441,M01604,2024-09-02,Refund Request,Resolved,12
S009442,M01801,2024-04-12,KYC Verification,Pending,16
S009443,M00494,2025-06-13,Failed Payment,Resolved,17
S009444,M00981,2024-12-18,Account Access,Pending,34
S009445,M01197,2024-12-17,KYC Verification,Pending,38
S009446,M00688,2025-06-03,API Integration,Resolved,27
S009447,M01254,2024-11-06,Refund Request,Escalated,30
S009448,M00420,2025-06-01,KYC Verification,Escalated,33
S009449,M02337,2024-03-14,Failed Payment,Resolved,38
S009450,M02133,2024-07-16,Failed Payment,Escalated,27
S009451,M01385,2024-07-28,Fraud Complaint,Resolved,16
S009452,M01334,2025-01-05,Account Access,Pending,22
S009453,M00837,2024-01-09,Failed Payment,Resolved,19
S009454,M02572,2024-07-10,KYC Verification,Pending,20
S009455,M01681,2024-03-07,Failed Payment,Pending,26
S009456,M00149,2025-02-15,Fraud Complaint,Resolved,23
S009457,M01084,2025-04-13,Account Access,Pending,23
S009458,M00593,2025-06-29,KYC Verification,Escalated,20
S009459,M01700,2024-12-11,Fraud Complaint,Resolved,20
S009460,M01636,2025-05-30,Fraud Complaint,Escalated,25
S009461,M00981,2024-05-25,KYC Verification,Resolved,25
S009462,M02836,2024-05-02,API Integration,Escalated,33
S009463,M01400,2025-02-06,Fraud Complaint,Resolved,22
S009464,M02579,2025-03-21,API Integration,Resolved,35
S009465,M01590,2025-03-12,KYC Verification,Escalated,12
S009466,M02959,2024-04-22,Failed Payment,Resolved,23
S009467,M00621,2024-08-11,Refund Request,Resolved,30
S009468,M01520,2024-01-07,Failed Payment,Escalated,21
S009469,M02782,2024-03-09,API Integration,Pending,8
S009470,M02580,2024-02-12,KYC Verification,Pending,36
S009471,M01635,2024-04-18,Refund Request,Escalated,17
S009472,M02478,2024-05-10,Refund Request,Resolved,41
S009473,M00021,2024-07-10,API Integration,Resolved,29
S009474,M01661,2025-02-15,Failed Payment,Pending,34
S009475,M02136,2024-12-08,Account Access,Resolved,14
S009476,M01437,2024-08-01,Failed Payment,Pending,13
S009477,M01560,2024-01-03,Refund Request,Resolved,10
S009478,M01612,2025-04-14,Fraud Complaint,Pending,17
S009479,M01184,2025-05-25,Fraud Complaint,Escalated,12
S009480,M00624,2024-07-13,Refund Request,Escalated,25
S009481,M01008,2024-07-06,API Integration,Pending,27
S009482,M02437,2024-11-15,Failed Payment,Resolved,26
S009483,M02428,2025-01-27,API Integration,Escalated,20
S009484,M01171,2025-04-28,API Integration,Resolved,30
S009485,M02411,2024-12-17,Fraud Complaint,Resolved,27
S009486,M02444,2024-08-14,API Integration,Escalated,22
S009487,M01584,2024-06-04,API Integration,Pending,30
S009488,M01228,2024-12-23,KYC Verification,Pending,27
S009489,M00112,2024-10-27,KYC Verification,Pending,22
S009490,M01920,2024-07-31,KYC Verification,Resolved,17
S009491,M00054,2025-01-18,Account Access,Pending,13
S009492,M01993,2024-12-09,Account Access,Pending,19
S009493,M02937,2024-06-28,Account Access,Escalated,19
S009494,M00323,2024-01-06,Failed Payment,Resolved,29
S009495,M01121,2024-09-14,Refund Request,Resolved,19
S009496,M00673,2025-06-02,Account Access,Resolved,27
S009497,M00183,2024-09-13,Refund Request,Pending,14
S009498,M00645,2024-10-22,API Integration,Pending,8
S009499,M02508,2025-05-23,KYC Verification,Pending,26
S009500,M00673,2024-03-19,Refund Request,Pending,10
S009501,M00558,2024-10-20,API Integration,Pending,23
S009502,M00635,2025-03-11,Fraud Complaint,Escalated,34
S009503,M00108,2025-02-05,Account Access,Pending,22
S009504,M02402,2024-11-06,KYC Verification,Resolved,23
S009505,M00920,2024-03-21,Failed Payment,Resolved,14
S009506,M00560,2024-10-28,Failed Payment,Escalated,33
S009507,M02926,2024-10-18,Refund Request,Escalated,17
S009508,M00484,2024-11-19,Failed Payment,Pending,19
S009509,M00282,2025-06-01,Failed Payment,Pending,34
S009510,M01156,2025-02-16,Refund Request,Resolved,20
S009511,M02309,2024-04-30,API Integration,Pending,18
S009512,M01570,2024-04-29,Refund Request,Escalated,14
S009513,M01855,2025-04-22,API Integration,Escalated,41
S009514,M02554,2024-05-31,Failed Payment,Resolved,17
S009515,M02529,2024-02-02,Failed Payment,Pending,21
S009516,M01727,2025-03-26,Failed Payment,Pending,42
S009517,M02110,2025-06-18,KYC Verification,Pending,12
S009518,M01090,2024-08-11,Account Access,Resolved,29
S009519,M02451,2024-11-01,Refund Request,Escalated,16
S009520,M02204,2024-08-01,Refund Request,Resolved,44
S009521,M01404,2025-06-25,API Integration,Escalated,38
S009522,M01530,2025-03-08,Refund Request,Escalated,32
S009523,M02188,2025-02-03,API Integration,Resolved,2
S009524,M02872,2025-03-03,Failed Payment,Escalated,12
S009525,M02094,2025-01-24,KYC Verification,Escalated,23
S009526,M01074,2024-01-31,Fraud Complaint,Resolved,28
S009527,M02550,2024-02-23,KYC Verification,Pending,27
S009528,M00516,2025-01-09,Refund Request,Resolved,10
S009529,M00286,2024-12-13,Fraud Complaint,Pending,17
S009530,M02853,2025-02-12,KYC Verification,Resolved,9
S009531,M01182,2025-02-03,KYC Verification,Pending,8
S009532,M02238,2024-03-20,KYC Verification,Pending,20
S009533,M00197,2025-01-11,Fraud Complaint,Escalated,38
S009534,M00110,2024-05-21,API Integration,Resolved,23
S009535,M01632,2024-11-16,Fraud Complaint,Escalated,18
S009536,M01280,2024-09-18,Fraud Complaint,Pending,32
S009537,M01576,2024-08-07,Failed Payment,Pending,21
S009538,M00243,2025-06-09,Fraud Complaint,Escalated,29
S009539,M01170,2024-11-03,Account Access,Pending,41
S009540,M00826,2024-05-29,Refund Request,Pending,24
S009541,M02097,2025-04-18,Refund Request,Resolved,20
S009542,M01314,2024-01-17,KYC Verification,Pending,30
S009543,M01589,2024-10-10,Account Access,Resolved,22
S009544,M02953,2024-11-03,Fraud Complaint,Escalated,14
S009545,M02227,2025-01-23,Fraud Complaint,Escalated,18
S009546,M00210,2024-08-30,Fraud Complaint,Pending,24
S009547,M02996,2024-07-04,API Integration,Escalated,20
S009548,M01843,2024-01-06,Account Access,Pending,32
S009549,M00155,2024-03-28,Account Access,Escalated,21
S009550,M02217,2024-12-02,Account Access,Escalated,20
S009551,M01873,2025-04-19,Failed Payment,Pending,28
S009552,M00278,2024-03-22,Failed Payment,Resolved,16
S009553,M01307,2024-10-13,Account Access,Resolved,24
S009554,M02227,2024-07-29,API Integration,Pending,11
S009555,M01243,2024-08-30,Fraud Complaint,Pending,15
S009556,M02469,2025-05-11,KYC Verification,Resolved,18
S009557,M02210,2024-07-17,Fraud Complaint,Resolved,22
S009558,M02537,2025-06-06,Refund Request,Escalated,19
S009559,M01453,2024-02-26,Account Access,Escalated,10
S009560,M02007,2025-05-14,KYC Verification,Pending,8
S009561,M02763,2024-11-25,Fraud Complaint,Resolved,29
S009562,M02103,2024-09-02,KYC Verification,Escalated,28
S009563,M02442,2025-06-22,KYC Verification,Resolved,28
S009564,M01463,2024-02-26,Failed Payment,Pending,2
S009565,M01458,2025-05-08,Refund Request,Pending,23
S009566,M01545,2024-01-11,Fraud Complaint,Resolved,19
S009567,M00507,2025-05-04,Account Access,Pending,22
S009568,M01453,2024-03-02,KYC Verification,Pending,16
S009569,M01629,2025-02-10,Fraud Complaint,Resolved,6
S009570,M02897,2024-01-13,Refund Request,Resolved,37
S009571,M00870,2024-07-24,API Integration,Pending,9
S009572,M02869,2024-09-09,Refund Request,Resolved,32
S009573,M00976,2024-12-10,API Integration,Pending,21
S009574,M00798,2025-04-29,KYC Verification,Resolved,26
S009575,M00083,2024-06-27,Refund Request,Escalated,27
S009576,M01426,2024-02-23,KYC Verification,Resolved,23
S009577,M01222,2024-08-13,Refund Request,Escalated,15
S009578,M00323,2025-01-24,Account Access,Escalated,26
S009579,M01420,2024-12-14,Refund Request,Escalated,30
S009580,M01868,2024-08-07,KYC Verification,Pending,21
S009581,M00853,2024-07-25,Account Access,Resolved,20
S009582,M02742,2024-09-02,Account Access,Pending,26
S009583,M01980,2025-03-28,Account Access,Escalated,32
S009584,M01635,2024-11-19,KYC Verification,Resolved,31
S009585,M01291,2024-06-24,API Integration,Pending,41
S009586,M01770,2024-02-14,KYC Verification,Resolved,9
S009587,M00136,2024-10-20,KYC Verification,Resolved,35
S009588,M00897,2025-05-25,API Integration,Resolved,24
S009589,M02384,2025-05-22,KYC Verification,Pending,26
S009590,M01233,2024-02-27,Fraud Complaint,Resolved,25
S009591,M01603,2025-04-13,Fraud Complaint,Pending,1
S009592,M01816,2024-07-30,KYC Verification,Resolved,41
S009593,M00737,2024-01-12,KYC Verification,Escalated,6
S009594,M01454,2024-12-10,Fraud Complaint,Escalated,19
S009595,M01841,2024-06-01,Account Access,Pending,10
S009596,M00382,2025-01-19,Refund Request,Resolved,27
S009597,M01193,2024-01-25,API Integration,Pending,30
S009598,M02386,2024-09-26,API Integration,Resolved,18
S009599,M02744,2024-08-28,Refund Request,Escalated,1
S009600,M00431,2024-01-13,Refund Request,Pending,36
S009601,M00570,2024-02-10,Account Access,Pending,25
S009602,M00229,2025-02-27,Account Access,Escalated,9
S009603,M02801,2024-06-23,API Integration,Escalated,27
S009604,M01415,2025-03-08,Account Access,Escalated,14
S009605,M00579,2025-05-18,KYC Verification,Resolved,45
S009606,M01692,2024-04-01,Account Access,Resolved,30
S009607,M00267,2025-04-14,KYC Verification,Resolved,13
S009608,M00286,2024-07-18,Refund Request,Escalated,18
S009609,M00126,2024-06-28,Failed Payment,Pending,19
S009610,M00082,2025-02-16,Failed Payment,Resolved,29
S009611,M01812,2024-06-12,KYC Verification,Pending,13
S009612,M01412,2025-01-27,Refund Request,Escalated,42
S009613,M01963,2025-07-02,KYC Verification,Escalated,22
S009614,M01716,2025-04-11,API Integration,Resolved,3
S009615,M02050,2024-10-23,API Integration,Escalated,32
S009616,M01932,2025-06-09,Fraud Complaint,Resolved,21
S009617,M00366,2024-11-17,Account Access,Resolved,26
S009618,M01020,2024-03-30,API Integration,Pending,33
S009619,M01341,2024-05-29,Refund Request,Escalated,22
S009620,M02407,2024-04-02,KYC Verification,Escalated,39
S009621,M00698,2025-02-27,Fraud Complaint,Pending,26
S009622,M00545,2024-08-15,KYC Verification,Pending,26
S009623,M01456,2024-02-10,Failed Payment,Pending,40
S009624,M00103,2024-07-30,Failed Payment,Resolved,40
S009625,M00606,2025-05-02,Account Access,Pending,14
S009626,M01050,2024-04-27,API Integration,Pending,24
S009627,M00014,2024-11-07,KYC Verification,Escalated,17
S009628,M00898,2024-06-17,KYC Verification,Escalated,35
S009629,M02861,2024-08-03,KYC Verification,Resolved,16
S009630,M01602,2024-05-05,Failed Payment,Resolved,13
S009631,M01346,2025-06-21,API Integration,Escalated,30
S009632,M01295,2024-07-03,API Integration,Pending,17
S009633,M01161,2024-03-14,API Integration,Escalated,18
S009634,M01631,2024-12-30,Fraud Complaint,Escalated,32
S009635,M00141,2024-04-30,API Integration,Resolved,23
S009636,M00352,2024-08-10,Refund Request,Pending,21
S009637,M01671,2025-05-29,KYC Verification,Escalated,35
S009638,M01590,2024-09-16,KYC Verification,Escalated,1
S009639,M02229,2024-02-27,API Integration,Resolved,25
S009640,M01876,2025-01-31,Refund Request,Escalated,24
S009641,M00519,2025-02-25,KYC Verification,Escalated,40
S009642,M02648,2025-06-27,Refund Request,Resolved,43
S009643,M02640,2024-01-26,KYC Verification,Escalated,27
S009644,M00704,2025-01-01,Failed Payment,Pending,17
S009645,M00212,2024-10-02,API Integration,Resolved,26
S009646,M02278,2024-12-12,Fraud Complaint,Escalated,35
S009647,M02214,2025-06-14,Failed Payment,Resolved,19
S009648,M02798,2024-05-22,Fraud Complaint,Escalated,3
S009649,M00341,2025-04-08,Refund Request,Pending,31
S009650,M00430,2024-02-08,Failed Payment,Pending,2
S009651,M01626,2025-01-11,Fraud Complaint,Pending,45
S009652,M02162,2024-06-03,API Integration,Resolved,26
S009653,M02836,2024-11-11,API Integration,Resolved,1
S009654,M00507,2024-10-10,Account Access,Resolved,21
S009655,M02784,2024-11-04,KYC Verification,Escalated,12
S009656,M02087,2024-07-29,Failed Payment,Resolved,9
S009657,M02407,2024-05-30,API Integration,Pending,7
S009658,M01841,2024-03-11,KYC Verification,Pending,14
S009659,M02677,2025-01-07,API Integration,Escalated,44
S009660,M00570,2024-06-08,Account Access,Escalated,13
S009661,M01978,2025-01-02,Fraud Complaint,Resolved,5
S009662,M00582,2024-10-10,KYC Verification,Resolved,9
S009663,M00884,2024-07-08,Refund Request,Resolved,37
S009664,M01444,2024-11-09,KYC Verification,Escalated,19
S009665,M02284,2024-11-02,KYC Verification,Escalated,25
S009666,M02655,2024-05-18,API Integration,Escalated,6
S009667,M02289,2024-11-15,Failed Payment,Pending,33
S009668,M02123,2025-05-21,Fraud Complaint,Resolved,7
S009669,M00574,2025-04-17,API Integration,Escalated,26
S009670,M00711,2024-11-26,Account Access,Resolved,13
S009671,M01831,2024-03-22,Failed Payment,Resolved,1
S009672,M01662,2025-01-07,Failed Payment,Escalated,21
S009673,M02132,2025-06-28,KYC Verification,Escalated,5
S009674,M00673,2024-09-26,Failed Payment,Pending,32
S009675,M02150,2024-05-07,Fraud Complaint,Escalated,18
S009676,M00053,2024-10-31,Failed Payment,Resolved,10
S009677,M00756,2024-01-03,Fraud Complaint,Resolved,35
S009678,M02456,2024-11-03,Failed Payment,Resolved,24
S009679,M00673,2025-06-06,Account Access,Pending,26
S009680,M00727,2024-11-19,API Integration,Pending,19
S009681,M01808,2025-07-02,Refund Request,Resolved,17
S009682,M01000,2024-04-13,API Integration,Pending,23
S009683,M01205,2025-06-04,Fraud Complaint,Resolved,28
S009684,M02300,2024-07-27,Fraud Complaint,Pending,11
S009685,M02993,2025-05-04,API Integration,Resolved,25
S009686,M01516,2024-11-27,Failed Payment,Escalated,19
S009687,M00801,2025-03-10,Failed Payment,Pending,29
S009688,M02938,2024-10-06,KYC Verification,Escalated,26
S009689,M00028,2024-10-03,API Integration,Pending,37
S009690,M00371,2025-04-16,Fraud Complaint,Escalated,38
S009691,M02663,2024-03-15,KYC Verification,Pending,15
S009692,M02697,2024-01-05,Failed Payment,Escalated,24
S009693,M00717,2024-06-17,Failed Payment,Pending,38
S009694,M01253,2024-11-24,API Integration,Pending,12
S009695,M01724,2025-06-21,KYC Verification,Pending,18
S009696,M01804,2024-11-03,Refund Request,Resolved,31
S009697,M01332,2024-12-28,Failed Payment,Escalated,7
S009698,M02209,2025-06-28,Refund Request,Resolved,24
S009699,M00134,2024-05-02,Fraud Complaint,Pending,22
S009700,M00088,2025-06-29,API Integration,Escalated,32
S009701,M01828,2024-08-22,Failed Payment,Pending,11
S009702,M01217,2024-12-01,Account Access,Escalated,39
S009703,M00786,2024-05-31,Fraud Complaint,Escalated,25
S009704,M02863,2024-10-11,Failed Payment,Escalated,32
S009705,M02392,2024-08-03,Fraud Complaint,Pending,21
S009706,M02903,2024-02-16,Fraud Complaint,Resolved,6
S009707,M02563,2024-04-18,API Integration,Pending,36
S009708,M01361,2024-05-17,Account Access,Pending,30
S009709,M01484,2024-03-24,Account Access,Pending,9
S009710,M02650,2024-01-14,Fraud Complaint,Pending,20
S009711,M02502,2024-07-17,Refund Request,Resolved,29
S009712,M00270,2025-01-26,Account Access,Resolved,39
S009713,M02889,2024-04-05,Refund Request,Pending,34
S009714,M00889,2024-08-27,Account Access,Resolved,19
S009715,M01941,2024-07-12,KYC Verification,Escalated,24
S009716,M01387,2024-06-02,KYC Verification,Resolved,17
S009717,M01551,2025-02-24,Refund Request,Pending,19
S009718,M02994,2025-05-28,Failed Payment,Pending,26
S009719,M00013,2024-09-08,KYC Verification,Escalated,39
S009720,M02391,2025-01-12,API Integration,Resolved,1
S009721,M01426,2025-01-28,Refund Request,Pending,17
S009722,M02638,2024-09-06,Failed Payment,Pending,29
S009723,M02741,2024-02-01,Account Access,Resolved,43
S009724,M01046,2024-03-20,Account Access,Resolved,11
S009725,M02747,2025-02-04,API Integration,Pending,16
S009726,M02505,2024-12-09,Failed Payment,Escalated,11
S009727,M02050,2024-09-27,Fraud Complaint,Resolved,11
S009728,M00180,2024-05-12,Failed Payment,Pending,2
S009729,M02897,2025-02-12,KYC Verification,Resolved,2
S009730,M02204,2024-02-01,API Integration,Pending,2
S009731,M02337,2024-09-20,Fraud Complaint,Pending,31
S009732,M01272,2024-01-08,Refund Request,Escalated,23
S009733,M02347,2024-04-28,Account Access,Pending,11
S009734,M01840,2024-12-07,Refund Request,Pending,21
S009735,M01864,2024-01-13,Account Access,Resolved,33
S009736,M02581,2024-01-03,KYC Verification,Pending,49
S009737,M02387,2025-04-16,Account Access,Pending,26
S009738,M02440,2024-11-30,KYC Verification,Pending,20
S009739,M02765,2025-01-26,API Integration,Pending,6
S009740,M01338,2025-06-23,Failed Payment,Pending,15
S009741,M00813,2025-06-06,Failed Payment,Escalated,26
S009742,M01367,2024-12-31,API Integration,Pending,3
S009743,M00834,2025-06-05,Fraud Complaint,Resolved,16
S009744,M02692,2025-04-16,Account Access,Escalated,20
S009745,M01006,2024-10-31,KYC Verification,Resolved,28
S009746,M01184,2024-07-21,Failed Payment,Resolved,24
S009747,M02511,2025-04-16,Failed Payment,Escalated,21
S009748,M02280,2025-06-10,API Integration,Escalated,25
S009749,M02326,2024-01-27,API Integration,Pending,26
S009750,M00316,2025-01-23,API Integration,Pending,17
S009751,M00731,2024-06-07,API Integration,Pending,35
S009752,M00548,2025-01-19,API Integration,Pending,11
S009753,M02307,2025-01-26,KYC Verification,Resolved,19
S009754,M01230,2024-08-30,Refund Request,Pending,6
S009755,M01225,2024-01-10,Account Access,Resolved,30
S009756,M00140,2025-06-04,KYC Verification,Escalated,14
S009757,M01147,2025-03-17,KYC Verification,Pending,15
S009758,M01981,2025-01-01,Failed Payment,Resolved,16
S009759,M02121,2024-12-30,Refund Request,Escalated,36
S009760,M01233,2024-08-04,Fraud Complaint,Pending,41
S009761,M00216,2024-10-14,Fraud Complaint,Resolved,30
S009762,M00036,2025-05-23,Fraud Complaint,Resolved,23
S009763,M02030,2025-03-07,API Integration,Resolved,12
S009764,M02738,2024-11-15,Refund Request,Pending,33
S009765,M00618,2024-01-02,Fraud Complaint,Escalated,36
S009766,M00340,2024-11-01,KYC Verification,Escalated,9
S009767,M00114,2025-05-03,Account Access,Escalated,24
S009768,M01663,2024-02-19,Failed Payment,Escalated,37
S009769,M01676,2024-09-11,KYC Verification,Escalated,14
S009770,M00873,2024-11-28,KYC Verification,Escalated,17
S009771,M00978,2025-04-29,KYC Verification,Pending,23
S009772,M02325,2025-03-13,API Integration,Pending,10
S009773,M01967,2024-11-10,Refund Request,Escalated,12
S009774,M01522,2024-12-02,KYC Verification,Escalated,11
S009775,M00266,2025-02-04,Failed Payment,Pending,20
S009776,M01489,2024-12-14,Fraud Complaint,Resolved,34
S009777,M01799,2024-06-05,Failed Payment,Escalated,10
S009778,M00419,2024-02-26,Account Access,Resolved,12
S009779,M02020,2024-11-23,Account Access,Pending,31
S009780,M02628,2024-02-06,Fraud Complaint,Escalated,20
S009781,M00552,2025-01-13,Refund Request,Escalated,40
S009782,M01319,2024-01-06,Failed Payment,Escalated,23
S009783,M00130,2024-01-12,KYC Verification,Resolved,7
S009784,M02905,2024-11-17,Failed Payment,Pending,34
S009785,M00556,2025-04-19,Refund Request,Resolved,31
S009786,M00198,2025-05-10,Account Access,Pending,31
S009787,M01522,2024-01-26,Account Access,Escalated,4
S009788,M01617,2024-09-21,KYC Verification,Pending,30
S009789,M00584,2024-12-23,Fraud Complaint,Pending,19
S009790,M01763,2025-01-07,KYC Verification,Escalated,38
S009791,M02385,2025-06-18,Account Access,Escalated,16
S009792,M01723,2025-01-22,Refund Request,Escalated,24
S009793,M01223,2024-11-03,API Integration,Escalated,18
S009794,M02990,2024-03-09,KYC Verification,Escalated,17
S009795,M00254,2024-04-29,Account Access,Resolved,9
S009796,M02010,2024-01-08,Account Access,Escalated,24
S009797,M00671,2024-06-26,Fraud Complaint,Resolved,16
S009798,M01664,2025-03-31,API Integration,Resolved,52
S009799,M01636,2024-01-18,Failed Payment,Resolved,7
S009800,M00617,2024-01-20,KYC Verification,Resolved,44
S009801,M00730,2024-05-21,Refund Request,Pending,20
S009802,M00417,2024-12-13,Fraud Complaint,Escalated,32
S009803,M01748,2025-03-01,KYC Verification,Resolved,11
S009804,M00552,2025-02-06,KYC Verification,Pending,27
S009805,M00868,2025-06-01,API Integration,Resolved,23
S009806,M00915,2024-06-12,Fraud Complaint,Pending,22
S009807,M00254,2025-05-20,Fraud Complaint,Escalated,58
S009808,M00915,2025-02-16,Fraud Complaint,Pending,29
S009809,M01807,2024-09-10,Failed Payment,Pending,22
S009810,M00616,2025-01-03,Fraud Complaint,Escalated,19
S009811,M01827,2025-02-03,Account Access,Escalated,24
S009812,M00844,2024-02-19,Fraud Complaint,Pending,31
S009813,M01277,2024-06-06,API Integration,Resolved,18
S009814,M01512,2024-01-31,Failed Payment,Resolved,22
S009815,M01262,2024-05-18,KYC Verification,Resolved,12
S009816,M02478,2024-04-06,Fraud Complaint,Pending,21
S009817,M01897,2024-12-30,Failed Payment,Resolved,26
S009818,M00594,2024-02-20,Failed Payment,Resolved,23
S009819,M00942,2024-07-20,Fraud Complaint,Resolved,25
S009820,M01093,2024-01-31,Failed Payment,Pending,11
S009821,M02150,2024-10-15,KYC Verification,Resolved,30
S009822,M02200,2024-12-23,Refund Request,Pending,28
S009823,M00943,2024-06-11,Account Access,Pending,13
S009824,M02393,2024-06-03,Account Access,Escalated,15
S009825,M02993,2024-12-04,Refund Request,Resolved,29
S009826,M01659,2025-01-04,Account Access,Resolved,18
S009827,M00615,2024-03-08,Account Access,Pending,21
S009828,M00144,2024-01-31,Failed Payment,Escalated,24
S009829,M02961,2025-04-29,Refund Request,Resolved,25
S009830,M01716,2024-12-28,Account Access,Escalated,17
S009831,M00306,2024-02-16,Refund Request,Resolved,22
S009832,M02760,2025-05-22,API Integration,Resolved,49
S009833,M02417,2024-01-08,Account Access,Escalated,17
S009834,M02397,2024-03-24,Account Access,Pending,22
S009835,M01846,2024-12-28,Fraud Complaint,Pending,8
S009836,M02285,2025-03-17,Fraud Complaint,Resolved,40
S009837,M00742,2024-08-02,Account Access,Escalated,16
S009838,M02984,2024-03-26,Refund Request,Resolved,34
S009839,M00487,2024-02-22,Failed Payment,Escalated,31
S009840,M02075,2025-01-14,KYC Verification,Resolved,29
S009841,M01952,2025-04-22,Account Access,Escalated,22
S009842,M01762,2025-05-22,Failed Payment,Pending,16
S009843,M02891,2024-09-20,Refund Request,Resolved,19
S009844,M02898,2024-03-19,API Integration,Escalated,32
S009845,M02131,2024-07-28,Refund Request,Pending,45
S009846,M00068,2024-02-07,Refund Request,Pending,18
S009847,M02112,2024-05-04,Failed Payment,Pending,20
S009848,M00974,2024-10-16,KYC Verification,Escalated,24
S009849,M00357,2024-02-21,Failed Payment,Resolved,20
S009850,M02942,2024-03-11,Failed Payment,Resolved,20
S009851,M01402,2025-04-18,Fraud Complaint,Pending,45
S009852,M02194,2025-05-20,Refund Request,Escalated,30
S009853,M01463,2024-01-11,Refund Request,Escalated,33
S009854,M01776,2024-04-02,Refund Request,Escalated,30
S009855,M02099,2024-08-08,Account Access,Pending,30
S009856,M02455,2024-05-19,API Integration,Resolved,3
S009857,M00091,2024-04-13,Refund Request,Escalated,29
S009858,M00472,2024-11-17,KYC Verification,Escalated,22
S009859,M00320,2024-09-06,Account Access,Pending,20
S009860,M00011,2025-04-08,API Integration,Resolved,18
S009861,M01469,2024-05-01,Fraud Complaint,Escalated,46
S009862,M00647,2024-10-01,Fraud Complaint,Resolved,19
S009863,M00057,2025-07-04,Failed Payment,Pending,30
S009864,M02141,2024-01-17,Account Access,Resolved,28
S009865,M02939,2024-04-09,API Integration,Resolved,30
S009866,M00164,2024-06-29,API Integration,Pending,27
S009867,M00482,2025-01-30,Failed Payment,Pending,38
S009868,M02175,2025-04-02,Fraud Complaint,Resolved,30
S009869,M01745,2025-02-13,Account Access,Pending,23
S009870,M01903,2024-10-28,Refund Request,Escalated,21
S009871,M01283,2025-06-30,Refund Request,Escalated,38
S009872,M01529,2024-11-21,Failed Payment,Pending,20
S009873,M02354,2024-07-08,Fraud Complaint,Pending,31
S009874,M00082,2024-01-15,Fraud Complaint,Resolved,15
S009875,M01609,2024-08-09,KYC Verification,Pending,30
S009876,M02468,2025-04-02,Refund Request,Resolved,24
S009877,M01322,2025-05-04,Fraud Complaint,Pending,24
S009878,M01766,2024-01-28,API Integration,Escalated,16
S009879,M01437,2024-04-28,Account Access,Pending,7
S009880,M01934,2024-07-30,API Integration,Resolved,14
S009881,M00761,2025-06-22,Refund Request,Pending,43
S009882,M01098,2024-08-29,KYC Verification,Escalated,27
S009883,M01094,2025-01-16,Failed Payment,Resolved,24
S009884,M02323,2024-10-10,API Integration,Pending,24
S009885,M02483,2025-06-12,API Integration,Resolved,20
S009886,M00559,2024-11-20,Fraud Complaint,Pending,12
S009887,M00826,2025-05-18,Failed Payment,Resolved,11
S009888,M01778,2024-04-09,KYC Verification,Resolved,12
S009889,M01272,2025-04-26,Fraud Complaint,Resolved,25
S009890,M01685,2025-06-16,Account Access,Escalated,16
S009891,M00041,2024-02-07,Failed Payment,Escalated,27
S009892,M02303,2024-01-07,Failed Payment,Pending,26
S009893,M01696,2024-12-16,Failed Payment,Escalated,21
S009894,M01943,2025-05-09,KYC Verification,Pending,43
S009895,M01670,2024-12-21,Fraud Complaint,Resolved,7
S009896,M00281,2025-05-22,Account Access,Escalated,21
S009897,M00039,2024-02-16,Refund Request,Resolved,31
S009898,M01303,2024-08-28,Failed Payment,Resolved,10
S009899,M02298,2024-01-15,Account Access,Escalated,38
S009900,M00145,2024-05-22,Account Access,Resolved,17
S009901,M02525,2024-02-22,Refund Request,Escalated,18
S009902,M01459,2024-08-02,Refund Request,Pending,12
S009903,M02226,2024-01-11,API Integration,Escalated,6
S009904,M01375,2024-03-30,Failed Payment,Escalated,14
S009905,M01504,2024-10-18,KYC Verification,Resolved,15
S009906,M00641,2024-09-30,KYC Verification,Pending,41
S009907,M02144,2025-04-29,Refund Request,Escalated,32
S009908,M01845,2024-09-15,Refund Request,Pending,23
S009909,M01587,2025-02-04,Refund Request,Resolved,22
S009910,M02027,2024-02-20,Failed Payment,Escalated,17
S009911,M00684,2025-04-01,Refund Request,Escalated,36
S009912,M01971,2025-05-10,Refund Request,Pending,35
S009913,M01512,2024-12-27,Refund Request,Pending,17
S009914,M02492,2024-01-12,Fraud Complaint,Pending,27
S009915,M00400,2024-02-17,KYC Verification,Resolved,43
S009916,M00995,2024-09-05,Fraud Complaint,Resolved,20
S009917,M01454,2024-08-14,Failed Payment,Escalated,18
S009918,M02300,2025-02-25,Failed Payment,Resolved,24
S009919,M00708,2024-04-30,Failed Payment,Pending,24
S009920,M02522,2025-03-03,Failed Payment,Escalated,29
S009921,M00346,2024-07-05,Refund Request,Pending,9
S009922,M01999,2025-03-25,Fraud Complaint,Resolved,36
S009923,M02499,2024-01-12,Refund Request,Pending,22
S009924,M01277,2024-03-23,Refund Request,Pending,26
S009925,M01753,2025-05-25,API Integration,Resolved,13
S009926,M02374,2024-03-01,API Integration,Resolved,37
S009927,M01429,2025-01-31,Fraud Complaint,Escalated,34
S009928,M01325,2024-01-21,KYC Verification,Pending,16
S009929,M01733,2024-09-07,Failed Payment,Resolved,16
S009930,M00930,2024-12-28,Refund Request,Pending,20
S009931,M02406,2024-05-21,Account Access,Resolved,17
S009932,M00513,2024-02-24,Failed Payment,Pending,20
S009933,M02483,2025-01-19,API Integration,Pending,16
S009934,M02402,2024-06-20,Fraud Complaint,Escalated,35
S009935,M00364,2024-12-08,Fraud Complaint,Pending,27
S009936,M01256,2024-11-27,KYC Verification,Escalated,23
S009937,M01841,2024-04-12,Refund Request,Resolved,30
S009938,M01701,2025-01-02,Refund Request,Resolved,43
S009939,M01630,2024-09-28,Account Access,Resolved,22
S009940,M00491,2024-02-24,KYC Verification,Escalated,25
S009941,M02997,2024-01-05,API Integration,Pending,23
S009942,M01542,2024-11-18,API Integration,Resolved,22
S009943,M01269,2024-01-12,Refund Request,Escalated,41
S009944,M02890,2024-05-05,Refund Request,Escalated,37
S009945,M01770,2024-02-14,API Integration,Escalated,20
S009946,M01885,2024-12-18,Fraud Complaint,Resolved,31
S009947,M02017,2025-07-04,Failed Payment,Pending,27
S009948,M00553,2024-01-09,Account Access,Pending,16
S009949,M02571,2025-04-18,Refund Request,Pending,26
S009950,M00366,2025-03-17,Fraud Complaint,Resolved,1
S009951,M02616,2025-02-26,Fraud Complaint,Pending,33
S009952,M00183,2024-08-19,KYC Verification,Resolved,29
S009953,M00525,2025-04-12,API Integration,Resolved,24
S009954,M02378,2025-05-13,Failed Payment,Resolved,16
S009955,M00381,2024-11-10,Account Access,Pending,30
S009956,M00528,2024-03-14,Account Access,Resolved,36
S009957,M00179,2024-08-29,Fraud Complaint,Resolved,28
S009958,M02170,2024-10-28,Failed Payment,Resolved,36
S009959,M00663,2024-04-13,API Integration,Escalated,10
S009960,M02578,2024-04-09,Refund Request,Resolved,10
S009961,M02857,2024-03-31,Fraud Complaint,Pending,22
S009962,M00829,2024-07-29,Fraud Complaint,Resolved,37
S009963,M01301,2025-06-19,API Integration,Escalated,27
S009964,M00074,2024-02-07,Fraud Complaint,Pending,13
S009965,M01451,2025-03-27,API Integration,Escalated,27
S009966,M01404,2024-05-15,KYC Verification,Escalated,36
S009967,M02630,2025-01-13,KYC Verification,Pending,10
S009968,M01776,2024-07-05,Account Access,Pending,18
S009969,M02748,2024-08-27,KYC Verification,Resolved,27
S009970,M02751,2024-05-11,KYC Verification,Resolved,14
S009971,M00967,2025-05-13,Fraud Complaint,Resolved,3
S009972,M02682,2025-05-02,KYC Verification,Escalated,30
S009973,M02672,2024-08-24,KYC Verification,Resolved,38
S009974,M01196,2025-01-09,Failed Payment,Resolved,38
S009975,M02523,2024-08-17,Refund Request,Escalated,28
S009976,M00223,2025-02-18,API Integration,Resolved,16
S009977,M01629,2024-12-28,Refund Request,Pending,26
S009978,M02869,2024-09-10,Account Access,Resolved,20
S009979,M02772,2024-09-04,Fraud Complaint,Pending,24
S009980,M02081,2025-05-30,Refund Request,Resolved,9
S009981,M00041,2025-02-15,Failed Payment,Pending,13
S009982,M01998,2024-06-01,Refund Request,Resolved,12
S009983,M00864,2024-02-08,Fraud Complaint,Pending,27
S009984,M02172,2025-06-10,API Integration,Resolved,34
S009985,M01800,2025-06-28,Account Access,Resolved,7
S009986,M02281,2024-09-18,Refund Request,Resolved,7
S009987,M00375,2025-02-04,Fraud Complaint,Resolved,22
S009988,M00419,2024-09-09,Account Access,Escalated,17
S009989,M00981,2024-03-13,Failed Payment,Pending,29
S009990,M02879,2024-12-19,Account Access,Pending,36
S009991,M01243,2024-05-20,Fraud Complaint,Pending,17
S009992,M01495,2025-01-14,API Integration,Escalated,47
S009993,M00725,2024-08-02,Fraud Complaint,Escalated,41
S009994,M02484,2024-06-02,Failed Payment,Pending,27
S009995,M01257,2024-01-26,Refund Request,Resolved,26
S009996,M00048,2025-04-27,Fraud Complaint,Pending,22
S009997,M00642,2025-06-02,API Integration,Resolved,16
S009998,M01180,2024-04-19,KYC Verification,Resolved,38
S009999,M01713,2024-10-01,Account Access,Pending,33
S010000,M00919,2025-01-20,Failed Payment,Pending,6
S010001,M00263,2024-04-23,Account Access,Pending,25
S010002,M01243,2024-12-18,Account Access,Resolved,7
S010003,M02415,2024-10-14,Refund Request,Pending,10
S010004,M01204,2024-02-28,Fraud Complaint,Pending,29
S010005,M02814,2024-11-08,Failed Payment,Escalated,24
S010006,M00748,2025-01-08,Fraud Complaint,Resolved,14
S010007,M01259,2025-03-16,Failed Payment,Pending,35
S010008,M00311,2024-10-03,Account Access,Pending,22
S010009,M01639,2025-05-09,Failed Payment,Resolved,10
S010010,M00480,2025-05-11,KYC Verification,Resolved,20
S010011,M01367,2024-01-30,KYC Verification,Escalated,38
S010012,M00373,2024-07-31,Refund Request,Escalated,33
S010013,M01072,2025-02-09,Refund Request,Pending,12
S010014,M00878,2024-01-04,KYC Verification,Resolved,30
S010015,M02897,2024-12-28,API Integration,Escalated,9
S010016,M01688,2024-09-30,Refund Request,Pending,26
S010017,M00413,2024-10-05,Account Access,Resolved,27
S010018,M00408,2025-05-18,KYC Verification,Resolved,13
S010019,M00796,2024-06-09,Account Access,Pending,22
S010020,M01423,2024-11-20,Failed Payment,Escalated,24
S010021,M02947,2024-02-03,API Integration,Resolved,13
S010022,M02974,2024-03-25,API Integration,Resolved,17
S010023,M01362,2024-11-08,Account Access,Resolved,29
S010024,M00242,2024-02-20,KYC Verification,Pending,20
S010025,M00472,2024-04-12,Fraud Complaint,Pending,24
S010026,M01433,2025-06-11,API Integration,Resolved,20
S010027,M02213,2025-06-16,Failed Payment,Pending,25
S010028,M01815,2024-12-12,KYC Verification,Resolved,16
S010029,M02153,2025-05-02,Failed Payment,Resolved,18
S010030,M00268,2024-02-18,Account Access,Pending,21
S010031,M01519,2024-06-03,API Integration,Pending,37
S010032,M00257,2025-06-04,Fraud Complaint,Resolved,11
S010033,M00510,2025-03-14,API Integration,Pending,30
S010034,M02703,2024-03-27,KYC Verification,Pending,6
S010035,M01605,2024-03-24,KYC Verification,Resolved,7
S010036,M02999,2025-01-22,KYC Verification,Pending,13
S010037,M02033,2024-09-15,Refund Request,Pending,34
S010038,M01928,2024-04-05,API Integration,Resolved,21
S010039,M02747,2025-01-22,Failed Payment,Resolved,33
S010040,M01101,2025-05-27,Fraud Complaint,Pending,24
S010041,M01109,2024-09-15,API Integration,Resolved,16
S010042,M00944,2024-01-20,API Integration,Escalated,18
S010043,M01680,2024-10-16,Refund Request,Resolved,7
S010044,M00010,2025-05-01,Failed Payment,Resolved,22
S010045,M02113,2024-03-31,KYC Verification,Pending,25
S010046,M01915,2024-06-26,Refund Request,Pending,40
S010047,M02672,2025-01-26,Failed Payment,Escalated,23
S010048,M02430,2024-07-06,KYC Verification,Escalated,4
S010049,M00510,2024-05-17,Fraud Complaint,Escalated,37
S010050,M02762,2025-04-11,Failed Payment,Escalated,28
S010051,M01681,2025-05-20,Refund Request,Escalated,43
S010052,M00502,2025-04-19,Failed Payment,Pending,37
S010053,M01591,2024-08-27,API Integration,Resolved,31
S010054,M00300,2025-04-23,API Integration,Pending,6
S010055,M02742,2025-03-08,KYC Verification,Pending,16
S010056,M00717,2024-02-24,Fraud Complaint,Escalated,19
S010057,M00846,2024-07-03,Refund Request,Resolved,25
S010058,M01565,2024-04-16,API Integration,Escalated,13
S010059,M01138,2024-11-16,Fraud Complaint,Escalated,16
S010060,M00098,2024-12-19,Fraud Complaint,Escalated,15
S010061,M00704,2025-02-25,KYC Verification,Resolved,19
S010062,M00121,2025-01-07,Refund Request,Pending,24
S010063,M00522,2024-08-03,Refund Request,Resolved,13
S010064,M02389,2024-02-29,Refund Request,Pending,26
S010065,M00107,2024-10-09,KYC Verification,Escalated,23
S010066,M02568,2024-05-03,KYC Verification,Pending,29
S010067,M01326,2024-10-13,Failed Payment,Pending,30
S010068,M00064,2025-03-23,KYC Verification,Resolved,24
S010069,M00654,2025-02-09,Refund Request,Pending,13
S010070,M01360,2025-01-29,API Integration,Resolved,11
S010071,M01016,2024-01-09,API Integration,Pending,31
S010072,M00097,2024-11-06,Fraud Complaint,Escalated,23
S010073,M00052,2024-02-12,KYC Verification,Resolved,28
S010074,M00271,2024-02-22,KYC Verification,Resolved,8
S010075,M01635,2025-04-13,Account Access,Resolved,12
S010076,M01760,2024-03-09,Account Access,Escalated,39
S010077,M01166,2024-04-14,Fraud Complaint,Resolved,41
S010078,M00261,2024-07-08,Failed Payment,Escalated,36
S010079,M02771,2024-01-07,Fraud Complaint,Resolved,19
S010080,M00528,2024-12-02,Refund Request,Pending,15
S010081,M01720,2024-10-27,Fraud Complaint,Pending,17
S010082,M02182,2024-01-11,API Integration,Escalated,1
S010083,M00282,2024-07-24,API Integration,Escalated,26
S010084,M00456,2025-01-14,Refund Request,Escalated,38
S010085,M01741,2025-06-16,API Integration,Escalated,16
S010086,M00601,2025-06-02,API Integration,Resolved,21
S010087,M00303,2024-04-13,KYC Verification,Pending,15
S010088,M02014,2024-07-21,Fraud Complaint,Pending,23
S010089,M01852,2025-04-30,Fraud Complaint,Resolved,7
S010090,M00702,2024-06-02,Refund Request,Resolved,28
S010091,M00531,2024-12-30,Fraud Complaint,Escalated,39
S010092,M00635,2024-12-06,KYC Verification,Pending,7
S010093,M02068,2024-12-27,Refund Request,Pending,17
S010094,M02201,2024-05-03,Account Access,Pending,17
S010095,M00331,2025-03-24,Refund Request,Resolved,29
S010096,M00138,2024-09-06,KYC Verification,Escalated,25
S010097,M01774,2024-10-11,KYC Verification,Resolved,8
S010098,M01116,2025-05-22,Refund Request,Escalated,40
S010099,M01571,2024-08-29,Failed Payment,Pending,28
S010100,M00440,2024-01-13,Failed Payment,Pending,27
S010101,M02606,2024-08-29,KYC Verification,Resolved,9
S010102,M00079,2024-06-22,KYC Verification,Pending,14
S010103,M02283,2024-12-03,Failed Payment,Pending,28
S010104,M00822,2024-04-24,KYC Verification,Resolved,30
S010105,M02571,2025-03-03,Failed Payment,Resolved,20
S010106,M00190,2025-05-30,API Integration,Resolved,20
S010107,M00777,2025-03-13,Refund Request,Resolved,6
S010108,M01376,2024-01-15,Fraud Complaint,Resolved,31
S010109,M01164,2025-03-11,Fraud Complaint,Pending,37
S010110,M01409,2024-11-24,KYC Verification,Resolved,27
S010111,M02967,2025-05-30,Failed Payment,Pending,15
S010112,M01542,2025-03-16,Account Access,Resolved,22
S010113,M00971,2024-05-10,Failed Payment,Pending,25
S010114,M00156,2024-04-11,Refund Request,Escalated,29
S010115,M00327,2024-05-08,API Integration,Escalated,24
S010116,M00158,2025-01-15,Failed Payment,Escalated,4
S010117,M02259,2024-11-26,Fraud Complaint,Escalated,20
S010118,M01004,2025-05-26,API Integration,Pending,10
S010119,M01583,2025-05-19,Failed Payment,Escalated,30
S010120,M00195,2025-05-10,Failed Payment,Resolved,27
S010121,M00981,2024-08-16,KYC Verification,Pending,17
S010122,M00449,2025-05-20,KYC Verification,Escalated,13
S010123,M01802,2024-08-26,Account Access,Escalated,24
S010124,M02925,2024-04-25,Fraud Complaint,Pending,25
S010125,M01556,2025-05-18,Failed Payment,Resolved,34
S010126,M00160,2025-02-23,Refund Request,Pending,19
S010127,M00577,2025-04-29,Account Access,Pending,24
S010128,M01272,2024-09-06,KYC Verification,Escalated,19
S010129,M02774,2024-07-24,API Integration,Resolved,17
S010130,M00638,2024-08-11,Account Access,Resolved,38
S010131,M01135,2025-01-15,KYC Verification,Resolved,19
S010132,M00700,2025-07-03,API Integration,Resolved,34
S010133,M00898,2024-12-20,Fraud Complaint,Pending,7
S010134,M01066,2025-03-15,Account Access,Resolved,30
S010135,M01036,2024-06-25,Fraud Complaint,Pending,23
S010136,M01160,2024-02-01,Failed Payment,Pending,42
S010137,M02073,2025-02-14,API Integration,Resolved,33
S010138,M02150,2024-10-21,Fraud Complaint,Escalated,18
S010139,M01595,2024-08-23,Account Access,Pending,22
S010140,M02379,2024-07-29,Fraud Complaint,Escalated,10
S010141,M01406,2025-06-17,Account Access,Escalated,23
S010142,M01303,2024-06-12,KYC Verification,Pending,12
S010143,M02149,2024-08-23,Fraud Complaint,Resolved,9
S010144,M02831,2025-06-04,Fraud Complaint,Resolved,21
S010145,M00832,2024-06-15,API Integration,Escalated,13
S010146,M02472,2024-04-28,Fraud Complaint,Escalated,16
S010147,M01949,2024-02-09,Account Access,Pending,23
S010148,M01146,2025-01-19,Refund Request,Resolved,28
S010149,M01028,2025-03-16,Account Access,Escalated,32
S010150,M01977,2025-04-14,Account Access,Resolved,44
S010151,M00287,2025-05-29,API Integration,Pending,21
S010152,M02290,2024-06-17,KYC Verification,Resolved,30
S010153,M00274,2025-06-10,Account Access,Escalated,2
S010154,M00387,2025-04-01,API Integration,Resolved,26
S010155,M00208,2024-10-17,Fraud Complaint,Pending,29
S010156,M01255,2024-09-22,Failed Payment,Pending,36
S010157,M02066,2024-09-29,KYC Verification,Pending,24
S010158,M01413,2025-04-06,Account Access,Resolved,11
S010159,M00105,2024-12-16,Account Access,Escalated,24
S010160,M02044,2025-01-13,API Integration,Pending,3
S010161,M00595,2025-05-08,KYC Verification,Pending,29
S010162,M00239,2025-05-11,Refund Request,Pending,27
S010163,M00621,2025-02-17,KYC Verification,Pending,14
S010164,M01251,2025-06-17,KYC Verification,Resolved,7
S010165,M01841,2025-02-26,Fraud Complaint,Escalated,30
S010166,M02355,2024-02-23,Refund Request,Pending,26
S010167,M00547,2024-11-06,Refund Request,Pending,46
S010168,M02032,2025-04-03,Failed Payment,Pending,18
S010169,M01349,2024-08-31,API Integration,Pending,38
S010170,M00205,2025-03-04,API Integration,Pending,18
S010171,M01195,2024-03-22,Fraud Complaint,Pending,14
S010172,M02732,2025-02-20,API Integration,Pending,12
S010173,M00009,2025-05-01,API Integration,Resolved,14
S010174,M00550,2024-06-02,Fraud Complaint,Pending,19
S010175,M02156,2025-06-25,KYC Verification,Resolved,17
S010176,M02306,2024-03-17,Failed Payment,Pending,32
S010177,M02036,2024-12-11,API Integration,Escalated,27
S010178,M01478,2025-04-09,Fraud Complaint,Escalated,18
S010179,M00709,2024-07-21,Fraud Complaint,Escalated,37
S010180,M00314,2024-06-28,KYC Verification,Resolved,22
S010181,M02260,2024-02-02,Failed Payment,Resolved,27
S010182,M02896,2024-07-13,KYC Verification,Pending,39
S010183,M02857,2025-02-07,Refund Request,Resolved,13
S010184,M02808,2024-06-18,KYC Verification,Escalated,26
S010185,M00055,2024-08-03,KYC Verification,Escalated,27
S010186,M00326,2025-01-31,Account Access,Resolved,17
S010187,M00685,2024-10-28,API Integration,Resolved,25
S010188,M00017,2024-10-04,Fraud Complaint,Escalated,29
S010189,M00446,2024-09-08,KYC Verification,Resolved,14
S010190,M02021,2024-05-18,KYC Verification,Pending,26
S010191,M00589,2025-07-02,Fraud Complaint,Escalated,43
S010192,M01102,2025-02-17,API Integration,Escalated,20
S010193,M01927,2024-12-18,Failed Payment,Pending,38
S010194,M00166,2024-05-21,API Integration,Escalated,20
S010195,M02364,2024-09-24,KYC Verification,Resolved,19
S010196,M00383,2025-06-10,API Integration,Resolved,39
S010197,M00532,2025-03-23,Refund Request,Pending,22
S010198,M02926,2024-08-27,Fraud Complaint,Resolved,27
S010199,M02722,2024-04-19,Refund Request,Pending,19
S010200,M00766,2025-06-14,Fraud Complaint,Resolved,22
S010201,M00955,2025-05-12,KYC Verification,Resolved,14
S010202,M02169,2025-02-09,Failed Payment,Escalated,11
S010203,M00711,2025-01-02,Fraud Complaint,Pending,27
S010204,M02738,2024-10-01,Fraud Complaint,Resolved,20
S010205,M02462,2024-02-14,Failed Payment,Escalated,22
S010206,M01499,2024-06-18,API Integration,Pending,13
S010207,M02931,2024-02-08,Refund Request,Resolved,31
S010208,M02349,2024-11-17,Account Access,Resolved,27
S010209,M00329,2025-04-11,KYC Verification,Escalated,31
S010210,M01068,2025-03-14,Account Access,Resolved,26
S010211,M01877,2025-02-23,Fraud Complaint,Escalated,3
S010212,M02474,2024-03-11,API Integration,Resolved,14
S010213,M02107,2024-09-29,API Integration,Escalated,17
S010214,M01633,2024-11-02,Account Access,Pending,13
S010215,M02406,2024-06-19,Fraud Complaint,Resolved,32
S010216,M01689,2024-06-19,Fraud Complaint,Resolved,35
S010217,M02742,2024-03-21,Failed Payment,Pending,32
S010218,M02130,2024-08-02,KYC Verification,Pending,31
S010219,M01846,2024-11-14,API Integration,Resolved,26
S010220,M02833,2024-02-22,Failed Payment,Resolved,32
S010221,M00259,2024-11-21,Fraud Complaint,Pending,28
S010222,M01460,2025-03-04,Account Access,Pending,15
S010223,M00893,2024-04-09,Failed Payment,Resolved,19
S010224,M01271,2024-10-06,Fraud Complaint,Resolved,24
S010225,M00848,2025-01-09,Failed Payment,Pending,33
S010226,M01147,2024-08-08,Fraud Complaint,Escalated,24
S010227,M01705,2024-08-16,Account Access,Escalated,1
S010228,M02954,2024-10-25,API Integration,Pending,11
S010229,M01149,2024-05-26,Refund Request,Escalated,33
S010230,M02752,2024-10-30,API Integration,Escalated,42
S010231,M02319,2024-07-06,KYC Verification,Resolved,23
S010232,M00013,2025-01-06,Refund Request,Resolved,9
S010233,M02972,2024-01-11,Fraud Complaint,Escalated,20
S010234,M00796,2024-06-10,Fraud Complaint,Pending,32
S010235,M00910,2025-03-07,Account Access,Escalated,19
S010236,M02076,2024-06-19,Fraud Complaint,Resolved,41
S010237,M02637,2024-08-22,API Integration,Escalated,23
S010238,M02150,2024-02-08,Account Access,Escalated,24
S010239,M02164,2025-04-17,Account Access,Escalated,47
S010240,M01173,2024-05-08,API Integration,Escalated,20
S010241,M02135,2025-03-06,API Integration,Pending,10
S010242,M00835,2024-12-28,API Integration,Pending,26
S010243,M00264,2025-04-05,KYC Verification,Pending,22
S010244,M00022,2024-10-31,KYC Verification,Resolved,30
S010245,M02407,2024-12-25,Failed Payment,Resolved,35
S010246,M02944,2025-06-17,Refund Request,Pending,20
S010247,M02044,2024-12-22,Account Access,Pending,18
S010248,M00631,2024-12-13,Refund Request,Escalated,27
S010249,M02212,2024-01-01,Refund Request,Escalated,33
S010250,M00310,2024-12-19,Fraud Complaint,Resolved,37
S010251,M02248,2025-05-03,API Integration,Resolved,25
S010252,M00260,2024-03-04,Fraud Complaint,Pending,23
S010253,M01457,2024-03-10,Account Access,Resolved,24
S010254,M00481,2024-09-20,Account Access,Pending,31
S010255,M00898,2024-08-25,KYC Verification,Escalated,15
S010256,M02157,2025-06-10,Failed Payment,Escalated,22
S010257,M02507,2024-09-30,Refund Request,Escalated,26
S010258,M01584,2024-03-10,Failed Payment,Pending,20
S010259,M00754,2024-09-21,Refund Request,Escalated,40
S010260,M01078,2024-05-16,KYC Verification,Escalated,47
S010261,M00738,2024-05-04,Refund Request,Escalated,13
S010262,M00487,2024-05-14,KYC Verification,Escalated,47
S010263,M00475,2024-10-22,Failed Payment,Resolved,38
S010264,M00611,2024-01-13,Fraud Complaint,Pending,26
S010265,M01643,2024-03-17,Failed Payment,Pending,24
S010266,M01978,2025-02-20,API Integration,Pending,24
S010267,M01154,2025-06-24,Account Access,Escalated,27
S010268,M02769,2024-03-25,Refund Request,Pending,35
S010269,M01635,2024-06-29,Account Access,Resolved,17
S010270,M01278,2024-12-01,Account Access,Escalated,10
S010271,M00437,2024-09-13,Fraud Complaint,Pending,27
S010272,M00801,2024-07-08,KYC Verification,Escalated,35
S010273,M01356,2024-08-17,Refund Request,Resolved,9
S010274,M02279,2024-05-28,Failed Payment,Escalated,50
S010275,M00496,2025-03-23,KYC Verification,Pending,29
S010276,M02681,2025-03-09,Failed Payment,Escalated,19
S010277,M00558,2024-09-08,Failed Payment,Pending,15
S010278,M01244,2024-06-17,KYC Verification,Escalated,33
S010279,M02839,2024-12-16,API Integration,Pending,25
S010280,M01051,2024-02-26,KYC Verification,Escalated,34
S010281,M01468,2024-05-13,Account Access,Resolved,34
S010282,M00862,2025-01-06,Failed Payment,Resolved,11
S010283,M01245,2025-04-01,Refund Request,Escalated,16
S010284,M00065,2024-09-11,Fraud Complaint,Resolved,18
S010285,M00400,2025-04-20,Failed Payment,Resolved,16
S010286,M01566,2024-02-26,Failed Payment,Escalated,19
S010287,M02663,2024-05-13,Refund Request,Resolved,30
S010288,M00647,2024-08-13,Fraud Complaint,Escalated,20
S010289,M00171,2024-05-15,API Integration,Resolved,21
S010290,M02553,2025-06-16,Failed Payment,Resolved,13
S010291,M02808,2024-02-05,API Integration,Resolved,33
S010292,M00540,2024-03-05,Account Access,Pending,37
S010293,M01144,2025-02-26,API Integration,Resolved,19
S010294,M01140,2025-05-17,API Integration,Escalated,34
S010295,M01408,2024-05-15,Refund Request,Pending,32
S010296,M02547,2024-06-25,Refund Request,Escalated,25
S010297,M02894,2024-09-19,Fraud Complaint,Escalated,32
S010298,M00575,2024-03-03,Refund Request,Resolved,29
S010299,M02904,2025-01-27,API Integration,Pending,15
S010300,M01117,2025-01-23,Fraud Complaint,Escalated,16
S010301,M01035,2025-01-09,Account Access,Resolved,40
S010302,M02882,2025-06-30,KYC Verification,Escalated,32
S010303,M01658,2025-02-06,Refund Request,Escalated,38
S010304,M02405,2025-03-18,Failed Payment,Resolved,15
S010305,M00366,2024-08-10,API Integration,Pending,10
S010306,M01207,2025-06-18,Refund Request,Resolved,15
S010307,M00468,2025-02-12,Refund Request,Escalated,15
S010308,M02581,2025-06-22,Refund Request,Escalated,36
S010309,M01724,2024-07-09,Failed Payment,Escalated,32
S010310,M02929,2024-05-08,Refund Request,Escalated,33
S010311,M01365,2024-11-16,API Integration,Pending,22
S010312,M01319,2024-05-25,Refund Request,Pending,34
S010313,M01748,2025-04-12,KYC Verification,Escalated,25
S010314,M00998,2025-01-30,KYC Verification,Pending,26
S010315,M02448,2024-03-23,KYC Verification,Resolved,19
S010316,M00880,2024-03-26,Fraud Complaint,Resolved,24
S010317,M02783,2025-06-15,Account Access,Escalated,34
S010318,M02723,2024-02-23,API Integration,Resolved,22
S010319,M02755,2024-01-31,API Integration,Pending,24
S010320,M02305,2024-08-13,KYC Verification,Resolved,36
S010321,M02178,2024-03-30,Account Access,Resolved,26
S010322,M02576,2024-10-24,Account Access,Resolved,26
S010323,M01901,2024-11-20,API Integration,Resolved,30
S010324,M02708,2024-10-20,API Integration,Pending,22
S010325,M01630,2025-06-09,Refund Request,Escalated,36
S010326,M02513,2024-10-02,KYC Verification,Escalated,18
S010327,M01914,2024-08-09,Fraud Complaint,Pending,28
S010328,M00286,2024-09-17,Fraud Complaint,Resolved,32
S010329,M00038,2024-12-09,API Integration,Resolved,9
S010330,M01488,2025-03-21,Failed Payment,Escalated,24
S010331,M01699,2025-01-02,Account Access,Resolved,27
S010332,M01556,2024-09-11,Refund Request,Resolved,11
S010333,M02517,2024-04-15,Failed Payment,Resolved,29
S010334,M00561,2025-05-22,Fraud Complaint,Escalated,34
S010335,M01768,2025-01-02,API Integration,Escalated,31
S010336,M02173,2025-05-25,Refund Request,Pending,25
S010337,M00093,2025-03-08,Failed Payment,Escalated,16
S010338,M02270,2024-02-13,Account Access,Escalated,16
S010339,M02987,2024-11-30,Account Access,Pending,24
S010340,M00072,2024-07-22,KYC Verification,Resolved,26
S010341,M01815,2025-01-24,API Integration,Resolved,21
S010342,M01643,2024-03-07,API Integration,Pending,44
S010343,M00367,2025-04-11,Fraud Complaint,Pending,19
S010344,M00842,2024-05-04,API Integration,Resolved,16
S010345,M01395,2024-03-29,Account Access,Escalated,7
S010346,M01045,2024-01-25,KYC Verification,Resolved,30
S010347,M00062,2024-08-04,Fraud Complaint,Escalated,22
S010348,M01799,2025-03-21,KYC Verification,Resolved,43
S010349,M02300,2025-01-03,Fraud Complaint,Escalated,25
S010350,M00898,2025-03-26,Refund Request,Pending,38
S010351,M01977,2025-02-14,Refund Request,Resolved,1
S010352,M02118,2025-05-24,Refund Request,Pending,30
S010353,M02089,2024-10-26,KYC Verification,Resolved,21
S010354,M00483,2024-07-02,KYC Verification,Escalated,17
S010355,M01056,2025-05-30,Refund Request,Pending,19
S010356,M02299,2025-02-03,Failed Payment,Escalated,18
S010357,M01994,2024-02-22,Refund Request,Pending,15
S010358,M01802,2025-02-16,Account Access,Escalated,35
S010359,M01375,2025-03-31,Failed Payment,Resolved,34
S010360,M00220,2025-04-12,Fraud Complaint,Pending,40
S010361,M01281,2024-12-09,KYC Verification,Resolved,15
S010362,M00317,2024-08-05,Fraud Complaint,Escalated,20
S010363,M01665,2025-01-27,KYC Verification,Resolved,28
S010364,M02637,2024-01-10,Failed Payment,Escalated,18
S010365,M01402,2025-02-20,Fraud Complaint,Pending,33
S010366,M00136,2025-06-17,Failed Payment,Pending,16
S010367,M01712,2024-05-02,Refund Request,Escalated,20
S010368,M01951,2025-03-28,KYC Verification,Pending,1
S010369,M00254,2024-09-13,API Integration,Escalated,44
S010370,M02062,2025-02-10,Account Access,Escalated,22
S010371,M01981,2025-03-18,API Integration,Escalated,18
S010372,M00880,2025-01-29,KYC Verification,Escalated,29
S010373,M00780,2024-12-19,Fraud Complaint,Pending,39
S010374,M01634,2024-11-12,Fraud Complaint,Escalated,35
S010375,M00498,2024-01-18,Failed Payment,Escalated,6
S010376,M02089,2024-03-11,Failed Payment,Resolved,18
S010377,M01455,2025-01-28,Fraud Complaint,Resolved,22
S010378,M02022,2025-04-15,Refund Request,Resolved,21
S010379,M02559,2024-05-19,Refund Request,Resolved,16
S010380,M01871,2024-05-31,Failed Payment,Escalated,22
S010381,M01267,2024-10-03,Failed Payment,Resolved,17
S010382,M00979,2024-07-29,API Integration,Pending,33
S010383,M01565,2025-07-03,Refund Request,Resolved,14
S010384,M02665,2025-06-05,Refund Request,Resolved,23
S010385,M02411,2024-09-12,KYC Verification,Resolved,23
S010386,M02700,2024-10-02,API Integration,Resolved,19
S010387,M02375,2024-07-08,API Integration,Escalated,16
S010388,M01933,2024-11-28,KYC Verification,Escalated,22
S010389,M00113,2024-11-16,Fraud Complaint,Escalated,16
S010390,M02446,2025-01-30,API Integration,Resolved,27
S010391,M02781,2025-03-27,Fraud Complaint,Resolved,40
S010392,M00921,2024-07-25,KYC Verification,Resolved,24
S010393,M01942,2025-01-20,Failed Payment,Escalated,16
S010394,M00021,2025-02-28,Refund Request,Pending,29
S010395,M01293,2024-07-23,Failed Payment,Escalated,35
S010396,M00741,2024-07-17,KYC Verification,Resolved,41
S010397,M01232,2024-08-04,Refund Request,Resolved,32
S010398,M00564,2025-02-10,Failed Payment,Resolved,41
S010399,M02600,2025-04-07,API Integration,Escalated,18
S010400,M01609,2025-03-06,API Integration,Pending,26
S010401,M02887,2025-04-06,Fraud Complaint,Pending,19
S010402,M02473,2025-04-25,Account Access,Pending,29
S010403,M02597,2024-01-15,Refund Request,Pending,35
S010404,M01036,2024-04-17,KYC Verification,Pending,23
S010405,M01962,2024-06-15,Refund Request,Pending,34
S010406,M00007,2024-12-13,Failed Payment,Pending,15
S010407,M00757,2024-12-07,Failed Payment,Resolved,34
S010408,M00668,2024-08-04,KYC Verification,Resolved,7
S010409,M02813,2025-03-09,Failed Payment,Pending,16
S010410,M00696,2025-02-12,Refund Request,Pending,26
S010411,M00798,2024-02-10,API Integration,Resolved,9
S010412,M02631,2024-07-17,API Integration,Pending,31
S010413,M00553,2025-04-13,KYC Verification,Resolved,32
S010414,M01178,2025-05-26,Account Access,Escalated,29
S010415,M02965,2024-09-24,API Integration,Pending,17
S010416,M01750,2025-06-25,Refund Request,Pending,17
S010417,M01826,2024-03-23,Fraud Complaint,Pending,21
S010418,M00882,2024-04-30,KYC Verification,Resolved,24
S010419,M01226,2024-11-25,Account Access,Pending,20
S010420,M00330,2024-07-24,Account Access,Resolved,38
S010421,M00516,2025-04-06,Account Access,Pending,52
S010422,M00343,2024-08-30,Fraud Complaint,Escalated,29
S010423,M01141,2024-12-08,Fraud Complaint,Escalated,15
S010424,M02685,2024-10-02,Refund Request,Pending,27
S010425,M00813,2024-04-08,Account Access,Escalated,17
S010426,M01451,2024-09-22,KYC Verification,Escalated,13
S010427,M01891,2024-04-18,Refund Request,Pending,19
S010428,M00134,2024-11-07,API Integration,Escalated,31
S010429,M02282,2024-09-12,Refund Request,Escalated,22
S010430,M00445,2025-06-27,API Integration,Pending,33
S010431,M02974,2024-08-26,KYC Verification,Pending,33
S010432,M00340,2024-09-24,Account Access,Resolved,21
S010433,M02281,2024-10-14,Failed Payment,Pending,40
S010434,M01899,2025-04-11,KYC Verification,Escalated,22
S010435,M02028,2024-05-26,Refund Request,Resolved,33
S010436,M02804,2024-08-26,API Integration,Escalated,21
S010437,M00178,2024-02-27,API Integration,Escalated,26
S010438,M01246,2024-09-15,Failed Payment,Resolved,14
S010439,M02074,2025-04-29,Refund Request,Escalated,11
S010440,M02201,2024-07-08,API Integration,Resolved,5
S010441,M01935,2024-02-25,Account Access,Resolved,51
S010442,M02530,2024-09-23,Refund Request,Escalated,20
S010443,M02113,2024-01-15,Fraud Complaint,Resolved,52
S010444,M02870,2024-07-20,Account Access,Escalated,31
S010445,M01229,2024-11-08,Failed Payment,Resolved,25
S010446,M02532,2024-02-11,KYC Verification,Resolved,33
S010447,M01337,2025-02-12,Failed Payment,Resolved,28
S010448,M01272,2024-04-22,Fraud Complaint,Resolved,43
S010449,M02034,2024-03-05,KYC Verification,Pending,37
S010450,M01665,2024-10-25,Fraud Complaint,Resolved,24
S010451,M02459,2024-09-09,Fraud Complaint,Resolved,25
S010452,M02747,2025-01-12,Refund Request,Pending,18
S010453,M01053,2024-07-18,KYC Verification,Resolved,17
S010454,M02002,2024-04-15,Refund Request,Resolved,1
S010455,M02982,2024-05-04,Refund Request,Pending,39
S010456,M02187,2025-06-14,Failed Payment,Resolved,30
S010457,M02185,2024-08-14,Failed Payment,Escalated,8
S010458,M02021,2025-06-20,KYC Verification,Resolved,32
S010459,M02536,2024-02-02,KYC Verification,Pending,26
S010460,M01455,2024-11-28,Account Access,Resolved,24
S010461,M01150,2024-02-15,API Integration,Pending,16
S010462,M01446,2024-04-08,Fraud Complaint,Resolved,23
S010463,M02846,2024-07-25,Refund Request,Pending,20
S010464,M00953,2024-04-27,Refund Request,Resolved,25
S010465,M01662,2024-12-10,Account Access,Resolved,25
S010466,M02558,2024-10-28,Fraud Complaint,Resolved,1
S010467,M00997,2025-03-22,KYC Verification,Escalated,18
S010468,M02712,2024-07-10,Failed Payment,Resolved,23
S010469,M01638,2024-03-16,Fraud Complaint,Pending,7
S010470,M01263,2025-04-22,Fraud Complaint,Pending,37
S010471,M01203,2024-12-17,KYC Verification,Resolved,9
S010472,M01517,2025-02-05,API Integration,Escalated,10
S010473,M01031,2024-09-19,Fraud Complaint,Resolved,1
S010474,M00991,2025-02-10,Refund Request,Pending,38
S010475,M01935,2025-03-31,Refund Request,Resolved,32
S010476,M02010,2024-11-17,Refund Request,Escalated,25
S010477,M00469,2025-06-01,Refund Request,Resolved,27
S010478,M02485,2024-05-26,API Integration,Resolved,1
S010479,M02075,2024-05-05,Fraud Complaint,Resolved,41
S010480,M01001,2024-11-25,API Integration,Pending,29
S010481,M01251,2024-03-21,API Integration,Resolved,16
S010482,M00680,2024-01-09,Failed Payment,Pending,12
S010483,M02988,2024-11-18,Refund Request,Resolved,45
S010484,M02264,2024-07-31,Fraud Complaint,Pending,29
S010485,M00313,2024-07-19,Account Access,Escalated,12
S010486,M00255,2025-01-04,Refund Request,Pending,46
S010487,M00097,2025-06-18,Failed Payment,Resolved,23
S010488,M01835,2024-02-24,Failed Payment,Pending,21
S010489,M00786,2024-09-30,API Integration,Resolved,16
S010490,M02884,2024-03-01,KYC Verification,Resolved,32
S010491,M00369,2024-12-28,KYC Verification,Resolved,24
S010492,M02130,2024-06-08,Refund Request,Pending,26
S010493,M00681,2025-03-07,KYC Verification,Resolved,23
S010494,M01399,2024-09-13,Refund Request,Pending,40
S010495,M00788,2024-11-21,KYC Verification,Pending,33
S010496,M01897,2025-02-23,Account Access,Pending,16
S010497,M02012,2024-08-18,Failed Payment,Escalated,31
S010498,M00602,2025-01-24,Refund Request,Resolved,10
S010499,M01634,2025-04-02,Account Access,Resolved,8
S010500,M01397,2024-04-14,API Integration,Resolved,38
S010501,M01677,2024-10-02,Failed Payment,Escalated,38
S010502,M02211,2024-11-24,Account Access,Pending,24
S010503,M00766,2024-11-20,Account Access,Escalated,40
S010504,M02608,2025-04-19,API Integration,Resolved,21
S010505,M00549,2024-11-19,Account Access,Resolved,30
S010506,M01424,2024-11-27,Account Access,Resolved,22
S010507,M02490,2025-01-22,API Integration,Pending,36
S010508,M00323,2024-07-15,Refund Request,Resolved,33
S010509,M01401,2024-11-28,Refund Request,Pending,21
S010510,M01189,2024-07-27,Failed Payment,Pending,30
S010511,M02774,2024-05-01,Fraud Complaint,Pending,13
S010512,M00906,2024-10-03,API Integration,Resolved,11
S010513,M01197,2025-03-11,Account Access,Escalated,21
S010514,M00858,2024-03-13,Fraud Complaint,Pending,27
S010515,M00363,2025-06-24,Failed Payment,Pending,29
S010516,M01218,2025-06-20,API Integration,Resolved,19
S010517,M00873,2024-08-01,KYC Verification,Resolved,27
S010518,M01927,2025-01-11,API Integration,Resolved,23
S010519,M02759,2024-03-14,Refund Request,Resolved,7
S010520,M00189,2024-12-27,Failed Payment,Escalated,23
S010521,M00053,2024-07-18,Fraud Complaint,Pending,24
S010522,M00955,2024-09-23,Failed Payment,Escalated,25
S010523,M02493,2024-01-03,Refund Request,Pending,17
S010524,M01345,2024-09-09,API Integration,Pending,22
S010525,M02547,2024-03-03,Refund Request,Escalated,46
S010526,M02610,2025-05-03,Failed Payment,Pending,37
S010527,M02091,2024-12-19,Refund Request,Resolved,26
S010528,M00457,2024-02-21,Account Access,Resolved,28
S010529,M00913,2024-09-18,Refund Request,Escalated,23
S010530,M01477,2025-01-12,Account Access,Resolved,26
S010531,M02460,2024-01-24,KYC Verification,Resolved,7
S010532,M02730,2024-01-11,Fraud Complaint,Pending,18
S010533,M02297,2025-01-24,Account Access,Pending,9
S010534,M00246,2024-11-14,Account Access,Escalated,13
S010535,M01798,2025-02-20,Fraud Complaint,Escalated,7
S010536,M00967,2025-02-13,API Integration,Resolved,8
S010537,M02388,2025-04-01,KYC Verification,Escalated,28
S010538,M02163,2024-05-11,Failed Payment,Pending,20
S010539,M02479,2024-11-10,API Integration,Resolved,31
S010540,M02718,2024-02-12,Fraud Complaint,Escalated,20
S010541,M02290,2024-02-24,KYC Verification,Pending,15
S010542,M00830,2025-05-05,Fraud Complaint,Escalated,25
S010543,M02562,2024-11-16,Account Access,Resolved,13
S010544,M02882,2024-08-21,Account Access,Escalated,28
S010545,M00842,2024-10-09,API Integration,Pending,27
S010546,M02062,2024-12-25,Account Access,Resolved,33
S010547,M01156,2024-05-08,Failed Payment,Escalated,37
S010548,M01134,2024-02-12,API Integration,Escalated,18
S010549,M00913,2025-01-31,API Integration,Resolved,12
S010550,M01999,2024-05-05,Account Access,Resolved,14
S010551,M02749,2025-03-24,Account Access,Escalated,36
S010552,M02955,2024-04-26,Refund Request,Pending,16
S010553,M02670,2024-01-26,Refund Request,Pending,27
S010554,M00183,2025-01-10,KYC Verification,Pending,24
S010555,M01698,2024-08-02,KYC Verification,Pending,19
S010556,M01708,2024-08-22,Refund Request,Escalated,17
S010557,M02240,2024-12-10,API Integration,Resolved,19
S010558,M01689,2025-01-07,Refund Request,Escalated,8
S010559,M01665,2024-06-20,Account Access,Resolved,27
S010560,M00424,2024-03-08,Account Access,Resolved,9
S010561,M00358,2024-01-22,Account Access,Escalated,33
S010562,M00119,2024-06-04,Failed Payment,Pending,27
S010563,M02150,2024-04-28,Account Access,Escalated,31
S010564,M02584,2024-10-16,KYC Verification,Escalated,31
S010565,M01731,2024-10-30,KYC Verification,Pending,29
S010566,M02894,2024-03-29,KYC Verification,Pending,11
S010567,M01994,2024-02-07,Account Access,Escalated,24
S010568,M01823,2024-11-01,Account Access,Pending,11
S010569,M02796,2024-01-05,API Integration,Escalated,34
S010570,M01694,2024-05-17,Refund Request,Escalated,31
S010571,M01904,2024-01-07,Failed Payment,Resolved,42
S010572,M01369,2024-12-24,KYC Verification,Escalated,38
S010573,M00675,2025-04-08,Account Access,Resolved,33
S010574,M02436,2024-08-31,API Integration,Pending,20
S010575,M02240,2024-06-02,Account Access,Pending,35
S010576,M00753,2024-07-13,Refund Request,Pending,22
S010577,M02623,2024-11-11,Fraud Complaint,Pending,25
S010578,M00202,2025-03-03,Failed Payment,Resolved,35
S010579,M00683,2024-02-19,KYC Verification,Pending,33
S010580,M00672,2025-02-08,API Integration,Escalated,21
S010581,M00366,2025-06-23,Refund Request,Pending,32
S010582,M00848,2025-02-07,Fraud Complaint,Escalated,2
S010583,M01964,2024-03-02,Failed Payment,Resolved,25
S010584,M02280,2024-08-27,KYC Verification,Pending,7
S010585,M01913,2024-06-23,API Integration,Pending,9
S010586,M01683,2024-11-19,Account Access,Resolved,20
S010587,M01774,2024-12-16,Account Access,Pending,28
S010588,M01875,2025-05-07,Account Access,Escalated,27
S010589,M02421,2024-10-20,Fraud Complaint,Resolved,25
S010590,M01747,2024-03-13,API Integration,Escalated,34
S010591,M01343,2024-07-22,KYC Verification,Pending,10
S010592,M00558,2024-10-25,Fraud Complaint,Pending,15
S010593,M00343,2024-02-01,API Integration,Escalated,7
S010594,M02266,2025-06-12,API Integration,Escalated,45
S010595,M01410,2025-04-17,Fraud Complaint,Pending,1
S010596,M00660,2024-06-26,API Integration,Resolved,18
S010597,M02654,2024-04-12,KYC Verification,Pending,35
S010598,M01563,2025-03-14,Account Access,Pending,27
S010599,M01651,2025-02-23,Failed Payment,Resolved,20
S010600,M02707,2024-08-22,Refund Request,Pending,25
S010601,M02957,2024-08-01,KYC Verification,Pending,13
S010602,M02044,2024-09-01,Failed Payment,Pending,24
S010603,M02224,2024-02-23,Refund Request,Resolved,24
S010604,M01631,2025-03-24,Refund Request,Escalated,23
S010605,M01299,2025-05-09,Failed Payment,Resolved,34
S010606,M00108,2024-10-02,KYC Verification,Resolved,31
S010607,M00492,2024-03-12,Failed Payment,Resolved,16
S010608,M01048,2025-07-04,Failed Payment,Pending,19
S010609,M01808,2024-04-12,Failed Payment,Escalated,28
S010610,M01380,2024-09-24,Refund Request,Pending,38
S010611,M01683,2025-06-21,API Integration,Pending,18
S010612,M01760,2024-10-08,Refund Request,Escalated,20
S010613,M02493,2025-07-02,Failed Payment,Resolved,15
S010614,M00821,2025-06-25,Account Access,Resolved,28
S010615,M02760,2024-02-02,Refund Request,Pending,14
S010616,M01277,2024-10-14,Refund Request,Resolved,13
S010617,M02212,2024-02-10,KYC Verification,Pending,12
S010618,M01961,2024-08-10,Account Access,Resolved,27
S010619,M02453,2024-02-24,Account Access,Pending,28
S010620,M02979,2025-01-30,Failed Payment,Pending,46
S010621,M01069,2025-04-07,KYC Verification,Pending,23
S010622,M00249,2025-06-25,Fraud Complaint,Escalated,21
S010623,M01800,2024-06-30,Failed Payment,Pending,21
S010624,M01961,2024-10-26,API Integration,Escalated,37
S010625,M01715,2024-06-03,Fraud Complaint,Escalated,25
S010626,M00300,2024-07-01,Account Access,Resolved,18
S010627,M02680,2025-04-22,Fraud Complaint,Resolved,36
S010628,M02115,2024-09-08,Failed Payment,Resolved,3
S010629,M00491,2025-03-03,Fraud Complaint,Resolved,28
S010630,M00316,2025-03-14,Failed Payment,Escalated,14
S010631,M01344,2025-01-14,KYC Verification,Pending,28
S010632,M01857,2024-11-28,API Integration,Resolved,17
S010633,M00176,2024-02-03,Refund Request,Escalated,14
S010634,M00251,2024-08-28,Account Access,Pending,30
S010635,M02759,2024-10-29,API Integration,Pending,4
S010636,M00028,2025-02-04,KYC Verification,Resolved,22
S010637,M00713,2024-07-12,Failed Payment,Escalated,15
S010638,M01729,2024-12-10,Refund Request,Pending,16
S010639,M00936,2025-04-14,Account Access,Pending,15
S010640,M02771,2025-03-10,Failed Payment,Resolved,24
S010641,M00016,2024-09-25,KYC Verification,Resolved,17
S010642,M02473,2024-01-04,Account Access,Pending,6
S010643,M01070,2024-04-24,Failed Payment,Resolved,23
S010644,M01732,2025-06-19,Fraud Complaint,Resolved,14
S010645,M00229,2025-01-18,Fraud Complaint,Pending,31
S010646,M02194,2024-11-26,Fraud Complaint,Escalated,28
S010647,M02560,2024-10-28,Failed Payment,Pending,32
S010648,M00354,2025-01-06,Account Access,Escalated,24
S010649,M01152,2025-03-05,Refund Request,Escalated,35
S010650,M01005,2024-02-04,KYC Verification,Resolved,39
S010651,M01837,2024-07-09,API Integration,Resolved,30
S010652,M00074,2024-12-23,Failed Payment,Pending,33
S010653,M02631,2024-06-13,KYC Verification,Pending,38
S010654,M00544,2025-03-20,KYC Verification,Resolved,29
S010655,M02524,2024-11-29,Refund Request,Escalated,26
S010656,M00485,2024-04-25,Account Access,Pending,16
S010657,M01508,2024-10-31,Refund Request,Resolved,21
S010658,M02731,2024-01-12,API Integration,Resolved,37
S010659,M00576,2024-12-12,API Integration,Pending,7
S010660,M02318,2025-01-26,KYC Verification,Escalated,29
S010661,M00489,2025-03-12,KYC Verification,Resolved,27
S010662,M02657,2024-04-26,KYC Verification,Pending,15
S010663,M00020,2024-04-29,Account Access,Escalated,51
S010664,M01729,2024-05-16,Refund Request,Escalated,29
S010665,M00531,2024-04-15,API Integration,Escalated,38
S010666,M01862,2024-10-20,Fraud Complaint,Resolved,26
S010667,M02666,2025-03-11,Account Access,Pending,41
S010668,M02908,2025-02-21,Fraud Complaint,Pending,15
S010669,M00386,2024-07-19,Account Access,Resolved,19
S010670,M00587,2025-01-13,Failed Payment,Escalated,22
S010671,M02086,2025-02-22,KYC Verification,Resolved,9
S010672,M02181,2024-07-03,Failed Payment,Escalated,19
S010673,M02973,2025-01-12,Refund Request,Escalated,16
S010674,M01608,2024-10-02,Account Access,Escalated,26
S010675,M01023,2025-01-05,API Integration,Resolved,3
S010676,M00113,2024-04-20,API Integration,Escalated,30
S010677,M01733,2024-06-13,KYC Verification,Pending,34
S010678,M00366,2024-10-25,API Integration,Pending,6
S010679,M01860,2024-11-29,Account Access,Pending,23
S010680,M01324,2024-07-22,Failed Payment,Escalated,21
S010681,M01691,2025-07-03,API Integration,Resolved,39
S010682,M02049,2025-05-29,Failed Payment,Escalated,31
S010683,M00702,2025-06-25,Account Access,Pending,25
S010684,M01191,2024-08-22,Failed Payment,Resolved,23
S010685,M01718,2024-08-04,Refund Request,Escalated,34
S010686,M02469,2024-08-21,KYC Verification,Resolved,31
S010687,M01432,2024-03-28,Refund Request,Pending,27
S010688,M01971,2025-01-18,Refund Request,Resolved,39
S010689,M00756,2024-10-16,Failed Payment,Resolved,24
S010690,M00277,2024-01-17,Failed Payment,Resolved,36
S010691,M00091,2024-05-12,API Integration,Pending,29
S010692,M00969,2024-02-25,API Integration,Escalated,17
S010693,M02063,2024-02-01,API Integration,Resolved,15
S010694,M00426,2025-03-03,Failed Payment,Resolved,20
S010695,M00535,2025-04-28,Failed Payment,Resolved,24
S010696,M02904,2025-04-13,Fraud Complaint,Resolved,16
S010697,M02901,2024-12-06,Refund Request,Pending,24
S010698,M02632,2024-03-18,Refund Request,Escalated,6
S010699,M00060,2024-01-29,Fraud Complaint,Resolved,8
S010700,M00032,2025-03-31,API Integration,Escalated,37
S010701,M00592,2024-12-09,Refund Request,Escalated,21
S010702,M01500,2025-03-15,KYC Verification,Resolved,18
S010703,M02317,2024-05-06,Failed Payment,Resolved,36
S010704,M01643,2024-01-05,Fraud Complaint,Escalated,22
S010705,M00741,2024-11-23,Fraud Complaint,Pending,40
S010706,M00416,2025-01-22,Failed Payment,Escalated,8
S010707,M00878,2024-06-27,Refund Request,Resolved,36
S010708,M00226,2024-09-27,Failed Payment,Resolved,34
S010709,M02698,2024-07-13,Refund Request,Resolved,36
S010710,M00015,2025-03-05,Refund Request,Resolved,18
S010711,M02960,2025-05-18,Refund Request,Pending,27
S010712,M00077,2025-05-30,API Integration,Escalated,20
S010713,M02864,2024-02-04,API Integration,Pending,37
S010714,M01620,2024-10-25,API Integration,Pending,14
S010715,M02688,2024-10-30,Refund Request,Escalated,21
S010716,M01019,2024-05-25,Refund Request,Resolved,31
S010717,M00031,2024-05-23,Refund Request,Pending,23
S010718,M02630,2024-06-24,KYC Verification,Escalated,38
S010719,M02742,2024-08-15,Fraud Complaint,Escalated,18
S010720,M00665,2025-04-24,Account Access,Escalated,24
S010721,M02863,2024-11-23,API Integration,Pending,14
S010722,M02344,2024-04-09,Failed Payment,Escalated,28
S010723,M01839,2024-04-13,Account Access,Escalated,24
S010724,M02274,2024-10-05,API Integration,Escalated,25
S010725,M00453,2024-02-28,Account Access,Escalated,22
S010726,M02464,2024-10-15,Failed Payment,Resolved,7
S010727,M00955,2024-10-20,Refund Request,Escalated,5
S010728,M00542,2025-01-09,KYC Verification,Pending,14
S010729,M02171,2024-08-04,Account Access,Resolved,17
S010730,M01389,2024-05-01,KYC Verification,Resolved,21
S010731,M00605,2025-04-05,KYC Verification,Pending,23
S010732,M02996,2024-10-06,KYC Verification,Resolved,23
S010733,M01742,2024-04-17,Account Access,Pending,23
S010734,M01841,2025-01-07,API Integration,Escalated,12
S010735,M00710,2024-05-09,Refund Request,Escalated,48
S010736,M01672,2025-06-10,Failed Payment,Pending,29
S010737,M00337,2025-03-15,Account Access,Resolved,15
S010738,M02184,2024-10-04,Fraud Complaint,Resolved,22
S010739,M02116,2025-02-09,KYC Verification,Escalated,7
S010740,M00143,2025-07-02,Failed Payment,Pending,19
S010741,M02737,2024-08-11,Failed Payment,Escalated,12
S010742,M02098,2024-02-08,KYC Verification,Escalated,41
S010743,M01461,2025-02-05,KYC Verification,Pending,16
S010744,M00485,2025-06-07,KYC Verification,Pending,33
S010745,M00848,2024-11-13,KYC Verification,Escalated,40
S010746,M00191,2024-11-08,Failed Payment,Resolved,13
S010747,M02748,2024-02-17,Fraud Complaint,Pending,22
S010748,M00260,2024-01-12,Failed Payment,Resolved,46
S010749,M01368,2025-06-13,Failed Payment,Escalated,23
S010750,M01608,2025-03-23,Fraud Complaint,Pending,18
S010751,M02934,2024-10-21,Account Access,Escalated,16
S010752,M01874,2025-06-25,Account Access,Escalated,17
S010753,M02148,2025-04-05,Fraud Complaint,Escalated,33
S010754,M01370,2025-06-12,Failed Payment,Escalated,1
S010755,M01152,2024-01-09,KYC Verification,Escalated,23
S010756,M01341,2025-06-28,Fraud Complaint,Resolved,26
S010757,M00285,2025-04-11,Account Access,Escalated,14
S010758,M00732,2025-03-02,Fraud Complaint,Resolved,21
S010759,M01418,2024-06-17,Failed Payment,Resolved,28
S010760,M00278,2024-12-19,KYC Verification,Resolved,38
S010761,M00006,2024-11-16,API Integration,Resolved,30
S010762,M02024,2024-11-09,KYC Verification,Escalated,14
S010763,M02621,2024-11-05,Refund Request,Pending,16
S010764,M00684,2025-04-18,API Integration,Escalated,15
S010765,M01078,2025-06-14,Failed Payment,Pending,32
S010766,M00236,2024-12-22,Fraud Complaint,Resolved,8
S010767,M02118,2024-08-31,Fraud Complaint,Resolved,25
S010768,M00581,2025-04-07,Fraud Complaint,Escalated,22
S010769,M00425,2024-03-12,Failed Payment,Escalated,44
S010770,M02601,2025-02-14,Account Access,Escalated,25
S010771,M01966,2024-12-28,Refund Request,Resolved,36
S010772,M01207,2024-08-24,Failed Payment,Resolved,17
S010773,M02331,2024-06-16,Fraud Complaint,Escalated,34
S010774,M02857,2024-12-27,API Integration,Resolved,31
S010775,M00384,2024-11-17,API Integration,Pending,28
S010776,M02365,2024-08-22,Account Access,Escalated,47
S010777,M01404,2024-09-02,Failed Payment,Resolved,30
S010778,M00471,2025-05-03,Failed Payment,Resolved,30
S010779,M01472,2024-12-06,Account Access,Pending,7
S010780,M02130,2024-05-30,Failed Payment,Resolved,27
S010781,M02002,2024-11-03,Failed Payment,Pending,19
S010782,M02875,2024-12-09,Fraud Complaint,Pending,32
S010783,M00906,2024-01-12,API Integration,Pending,17
S010784,M01169,2024-12-14,KYC Verification,Resolved,28
S010785,M01981,2025-05-07,Refund Request,Escalated,15
S010786,M00431,2024-07-28,Refund Request,Pending,16
S010787,M01363,2024-09-29,Failed Payment,Escalated,29
S010788,M02221,2024-05-16,Fraud Complaint,Escalated,7
S010789,M02770,2025-01-15,Account Access,Escalated,17
S010790,M00116,2025-04-12,Failed Payment,Escalated,17
S010791,M00586,2025-01-22,API Integration,Resolved,31
S010792,M02022,2024-01-22,Account Access,Pending,14
S010793,M00412,2025-06-27,Account Access,Pending,28
S010794,M00742,2024-09-26,Account Access,Resolved,31
S010795,M01679,2024-03-15,API Integration,Resolved,10
S010796,M01440,2024-11-28,API Integration,Resolved,33
S010797,M02230,2024-05-05,Failed Payment,Pending,14
S010798,M02535,2024-06-23,KYC Verification,Escalated,25
S010799,M00157,2025-04-19,Fraud Complaint,Escalated,33
S010800,M01884,2024-07-17,Fraud Complaint,Resolved,18
S010801,M02672,2025-05-31,Refund Request,Pending,21
S010802,M01627,2024-10-25,Account Access,Resolved,1
S010803,M00800,2024-04-19,Fraud Complaint,Pending,51
S010804,M00463,2024-07-31,Refund Request,Resolved,35
S010805,M01909,2025-02-23,API Integration,Resolved,20
S010806,M01207,2024-05-10,Failed Payment,Pending,26
S010807,M02156,2024-11-19,KYC Verification,Escalated,11
S010808,M00470,2024-05-10,Refund Request,Pending,48
S010809,M00785,2025-07-04,Fraud Complaint,Pending,26
S010810,M00196,2024-03-02,Account Access,Escalated,17
S010811,M01762,2024-06-22,Fraud Complaint,Escalated,25
S010812,M01596,2024-11-22,Refund Request,Escalated,39
S010813,M00665,2024-01-01,API Integration,Escalated,45
S010814,M02738,2025-06-04,Failed Payment,Pending,28
S010815,M02176,2024-05-23,Fraud Complaint,Escalated,35
S010816,M02075,2025-06-23,Account Access,Escalated,24
S010817,M02429,2024-02-14,KYC Verification,Resolved,26
S010818,M00358,2024-08-05,Refund Request,Pending,47
S010819,M00703,2024-11-27,Refund Request,Escalated,15
S010820,M01452,2024-02-13,Failed Payment,Resolved,24
S010821,M01929,2024-09-15,Fraud Complaint,Escalated,39
S010822,M00188,2024-08-08,KYC Verification,Escalated,26
S010823,M00075,2024-07-24,Refund Request,Escalated,23
S010824,M00295,2025-04-30,API Integration,Resolved,23
S010825,M01412,2024-05-17,Account Access,Escalated,16
S010826,M00085,2024-06-17,Fraud Complaint,Pending,19
S010827,M02297,2025-04-03,Refund Request,Pending,39
S010828,M02135,2024-11-24,KYC Verification,Pending,24
S010829,M00579,2025-01-03,Refund Request,Pending,28
S010830,M00229,2024-06-23,Refund Request,Pending,8
S010831,M01677,2024-10-07,Refund Request,Pending,29
S010832,M02385,2025-06-17,Account Access,Pending,32
S010833,M02922,2024-07-18,Account Access,Pending,41
S010834,M00433,2024-07-16,KYC Verification,Escalated,27
S010835,M00297,2024-02-20,Account Access,Escalated,14
S010836,M00376,2025-03-26,Failed Payment,Escalated,37
S010837,M02503,2024-10-09,Account Access,Resolved,4
S010838,M02813,2025-06-26,Refund Request,Resolved,15
S010839,M01935,2024-12-31,Refund Request,Pending,25
S010840,M01107,2025-04-25,Failed Payment,Escalated,36
S010841,M00454,2025-04-16,API Integration,Escalated,36
S010842,M02034,2024-02-05,API Integration,Pending,27
S010843,M02529,2025-03-27,KYC Verification,Resolved,22
S010844,M00379,2024-03-13,Failed Payment,Resolved,27
S010845,M01023,2025-02-19,Failed Payment,Resolved,22
S010846,M00561,2024-09-12,Failed Payment,Resolved,25
S010847,M02241,2024-06-17,KYC Verification,Resolved,4
S010848,M00631,2024-01-07,API Integration,Escalated,42
S010849,M00967,2025-06-08,Failed Payment,Pending,40
S010850,M01705,2024-02-28,Failed Payment,Resolved,37
S010851,M00782,2024-05-09,Failed Payment,Resolved,25
S010852,M01895,2024-07-29,KYC Verification,Pending,6
S010853,M02380,2024-02-07,KYC Verification,Pending,21
S010854,M01336,2024-02-02,Fraud Complaint,Pending,26
S010855,M02650,2024-07-07,API Integration,Resolved,12
S010856,M00434,2025-04-04,KYC Verification,Resolved,21
S010857,M01750,2024-01-24,API Integration,Escalated,31
S010858,M01619,2025-03-07,Account Access,Escalated,19
S010859,M01052,2025-02-26,Fraud Complaint,Pending,11
S010860,M00300,2024-09-24,Refund Request,Escalated,22
S010861,M00723,2024-06-05,Account Access,Resolved,17
S010862,M00776,2025-04-05,Refund Request,Resolved,10
S010863,M01903,2025-04-12,Account Access,Escalated,14
S010864,M01638,2024-10-24,Account Access,Resolved,18
S010865,M01938,2025-03-23,API Integration,Resolved,23
S010866,M00182,2024-09-01,KYC Verification,Pending,27
S010867,M02665,2024-09-10,KYC Verification,Pending,32
S010868,M01760,2024-04-05,Refund Request,Pending,20
S010869,M02221,2024-01-14,Refund Request,Escalated,16
S010870,M02042,2025-05-24,KYC Verification,Resolved,35
S010871,M00977,2024-03-28,API Integration,Escalated,36
S010872,M00065,2024-08-05,Fraud Complaint,Pending,17
S010873,M00308,2025-02-03,Account Access,Pending,22
S010874,M02170,2024-03-25,API Integration,Pending,8
S010875,M02897,2025-02-24,KYC Verification,Escalated,16
S010876,M01920,2024-04-16,KYC Verification,Pending,31
S010877,M00286,2024-09-21,Fraud Complaint,Escalated,31
S010878,M00926,2024-04-23,Refund Request,Escalated,27
S010879,M02446,2024-12-01,Fraud Complaint,Resolved,22
S010880,M00673,2024-05-18,Account Access,Escalated,14
S010881,M00641,2024-08-27,Failed Payment,Resolved,33
S010882,M00187,2024-05-25,API Integration,Pending,28
S010883,M01126,2025-04-29,Fraud Complaint,Resolved,28
S010884,M00585,2025-05-25,Account Access,Pending,24
S010885,M02592,2025-04-21,Fraud Complaint,Resolved,14
S010886,M00913,2024-10-28,API Integration,Pending,23
S010887,M00955,2024-01-14,KYC Verification,Resolved,26
S010888,M00537,2024-08-08,Refund Request,Escalated,30
S010889,M01405,2025-04-16,Failed Payment,Escalated,22
S010890,M02713,2024-07-08,Refund Request,Resolved,29
S010891,M00559,2025-02-07,Refund Request,Pending,18
S010892,M01907,2024-10-25,Fraud Complaint,Escalated,28
S010893,M01814,2025-02-26,KYC Verification,Escalated,19
S010894,M00730,2025-06-05,Fraud Complaint,Pending,1
S010895,M02470,2025-03-10,Refund Request,Resolved,24
S010896,M01185,2025-01-19,Refund Request,Resolved,37
S010897,M01942,2025-04-20,API Integration,Escalated,18
S010898,M01155,2024-04-01,Refund Request,Resolved,10
S010899,M01649,2024-02-01,Refund Request,Pending,35
S010900,M01485,2024-06-07,API Integration,Escalated,37
S010901,M01674,2024-03-13,Failed Payment,Escalated,22
S010902,M02901,2024-02-19,Account Access,Escalated,19
S010903,M02156,2024-12-25,KYC Verification,Escalated,17
S010904,M01023,2024-01-25,API Integration,Resolved,16
S010905,M01854,2024-02-02,Refund Request,Resolved,16
S010906,M01482,2025-03-01,Account Access,Escalated,34
S010907,M01742,2025-01-27,Account Access,Resolved,31
S010908,M01791,2024-11-07,API Integration,Resolved,7
S010909,M00115,2024-09-04,KYC Verification,Pending,33
S010910,M00312,2024-01-23,Refund Request,Escalated,14
S010911,M01563,2025-06-21,Fraud Complaint,Escalated,21
S010912,M00507,2025-03-16,Refund Request,Resolved,27
S010913,M00498,2024-07-05,Fraud Complaint,Resolved,21
S010914,M02885,2024-11-27,Refund Request,Resolved,42
S010915,M01507,2025-04-29,Refund Request,Pending,47
S010916,M00379,2024-02-21,Fraud Complaint,Resolved,17
S010917,M00297,2024-01-23,Failed Payment,Resolved,29
S010918,M00272,2025-06-09,API Integration,Escalated,21
S010919,M02928,2024-12-22,KYC Verification,Escalated,13
S010920,M01348,2025-02-08,Failed Payment,Pending,15
S010921,M00187,2024-07-31,Fraud Complaint,Escalated,38
S010922,M01530,2024-05-02,Account Access,Pending,16
S010923,M00471,2024-01-31,KYC Verification,Escalated,25
S010924,M00129,2024-09-01,Account Access,Pending,26
S010925,M01570,2024-08-13,Fraud Complaint,Pending,15
S010926,M00821,2024-09-20,Account Access,Escalated,23
S010927,M02433,2025-05-05,KYC Verification,Escalated,27
S010928,M02108,2024-10-24,Fraud Complaint,Resolved,24
S010929,M01105,2024-09-09,API Integration,Pending,27
S010930,M00967,2024-01-06,Failed Payment,Escalated,24
S010931,M00590,2024-07-21,API Integration,Resolved,24
S010932,M01608,2025-03-09,KYC Verification,Pending,22
S010933,M00587,2025-04-27,Account Access,Pending,31
S010934,M00434,2024-09-03,Account Access,Pending,28
S010935,M01417,2024-01-18,Refund Request,Pending,15
S010936,M00502,2025-01-07,Refund Request,Escalated,26
S010937,M02890,2025-07-03,Fraud Complaint,Pending,31
S010938,M00595,2024-06-10,Failed Payment,Pending,17
S010939,M02271,2024-01-23,Account Access,Pending,28
S010940,M01805,2024-02-20,API Integration,Resolved,20
S010941,M01503,2025-06-10,API Integration,Resolved,28
S010942,M01026,2025-07-01,API Integration,Pending,30
S010943,M01178,2024-03-08,Refund Request,Escalated,36
S010944,M00800,2024-01-27,Fraud Complaint,Pending,12
S010945,M00079,2025-04-13,Failed Payment,Escalated,26
S010946,M01910,2024-05-23,Fraud Complaint,Escalated,34
S010947,M00197,2024-02-19,API Integration,Escalated,8
S010948,M02067,2024-02-22,KYC Verification,Resolved,28
S010949,M02570,2024-05-22,Account Access,Pending,28
S010950,M02613,2024-03-11,API Integration,Pending,34
S010951,M00061,2025-05-25,KYC Verification,Resolved,19
S010952,M01687,2024-01-11,Failed Payment,Pending,24
S010953,M00474,2025-04-18,Account Access,Escalated,37
S010954,M00663,2025-03-14,API Integration,Pending,30
S010955,M02200,2025-03-22,Refund Request,Resolved,15
S010956,M00413,2025-05-29,KYC Verification,Pending,24
S010957,M01293,2024-08-29,Account Access,Resolved,25
S010958,M02628,2024-11-21,API Integration,Escalated,21
S010959,M01772,2024-09-24,Failed Payment,Escalated,9
S010960,M01996,2024-02-15,Failed Payment,Escalated,36
S010961,M00340,2024-08-30,KYC Verification,Escalated,30
S010962,M02973,2024-03-17,Fraud Complaint,Resolved,25
S010963,M01986,2025-01-30,Refund Request,Resolved,12
S010964,M01569,2025-03-24,API Integration,Pending,18
S010965,M01321,2024-05-02,Failed Payment,Resolved,24
S010966,M02449,2025-04-08,Failed Payment,Resolved,37
S010967,M00871,2024-07-14,Account Access,Resolved,41
S010968,M02655,2024-10-25,Account Access,Resolved,25
S010969,M02603,2024-02-23,API Integration,Escalated,21
S010970,M01611,2025-04-10,Fraud Complaint,Pending,17
S010971,M01060,2024-03-05,Failed Payment,Resolved,36
S010972,M01110,2024-07-21,Fraud Complaint,Resolved,18
S010973,M00690,2024-04-29,API Integration,Escalated,18
S010974,M01461,2025-02-15,Refund Request,Escalated,19
S010975,M01833,2024-10-18,Refund Request,Pending,12
S010976,M01600,2025-01-05,Account Access,Resolved,13
S010977,M02649,2025-02-23,Failed Payment,Resolved,14
S010978,M01382,2024-09-19,Failed Payment,Pending,24
S010979,M01810,2024-01-02,KYC Verification,Resolved,25
S010980,M00025,2024-07-19,Refund Request,Pending,39
S010981,M02829,2024-05-16,Refund Request,Escalated,23
S010982,M02806,2024-12-30,Fraud Complaint,Resolved,1
S010983,M02684,2024-01-05,Refund Request,Pending,22
S010984,M02982,2024-01-19,Fraud Complaint,Escalated,25
S010985,M02288,2024-04-18,Account Access,Pending,14
S010986,M00562,2024-09-03,Fraud Complaint,Resolved,22
S010987,M02708,2024-02-24,Fraud Complaint,Resolved,36
S010988,M00520,2024-08-06,Account Access,Resolved,27
S010989,M02145,2024-01-23,API Integration,Pending,15
S010990,M01292,2025-01-25,Refund Request,Pending,23
S010991,M00132,2024-06-09,KYC Verification,Resolved,20
S010992,M02345,2024-08-09,Refund Request,Pending,31
S010993,M00516,2024-04-15,Failed Payment,Resolved,26
S010994,M00280,2025-05-26,Failed Payment,Pending,12
S010995,M01576,2024-07-05,API Integration,Resolved,21
S010996,M00756,2024-06-10,Account Access,Escalated,31
S010997,M00747,2024-08-02,Account Access,Resolved,7
S010998,M02340,2025-03-23,Account Access,Escalated,28
S010999,M00931,2024-03-15,Fraud Complaint,Resolved,15
S011000,M01515,2025-06-09,API Integration,Resolved,30
S011001,M01157,2025-02-08,Refund Request,Pending,13
S011002,M00591,2024-10-10,Failed Payment,Pending,10
S011003,M02014,2025-07-04,Refund Request,Pending,28
S011004,M02166,2024-09-15,API Integration,Resolved,23
S011005,M02157,2024-06-16,Refund Request,Escalated,42
S011006,M02005,2024-07-09,API Integration,Resolved,28
S011007,M00287,2024-09-28,Failed Payment,Escalated,25
S011008,M01037,2024-11-11,Fraud Complaint,Resolved,23
S011009,M02187,2025-04-26,KYC Verification,Escalated,36
S011010,M01841,2024-09-20,KYC Verification,Pending,35
S011011,M02236,2024-05-30,API Integration,Resolved,21
S011012,M00035,2024-04-17,Refund Request,Pending,32
S011013,M02992,2024-11-01,Refund Request,Resolved,1
S011014,M01762,2024-06-01,KYC Verification,Pending,21
S011015,M02171,2025-07-02,Failed Payment,Escalated,44
S011016,M00759,2024-04-03,API Integration,Pending,16
S011017,M01488,2024-09-30,KYC Verification,Pending,28
S011018,M01942,2024-10-12,KYC Verification,Escalated,12
S011019,M01164,2024-01-10,Failed Payment,Pending,11
S011020,M01889,2024-07-09,Refund Request,Resolved,6
S011021,M02345,2024-07-02,Refund Request,Escalated,14
S011022,M00075,2024-04-03,API Integration,Resolved,21
S011023,M02018,2024-11-19,Fraud Complaint,Resolved,14
S011024,M01087,2024-03-03,Account Access,Escalated,11
S011025,M02324,2025-03-29,KYC Verification,Pending,9
S011026,M01003,2025-07-01,KYC Verification,Resolved,25
S011027,M01007,2024-04-06,Failed Payment,Pending,26
S011028,M01622,2025-03-05,Refund Request,Pending,16
S011029,M01080,2025-01-14,KYC Verification,Resolved,24
S011030,M02107,2024-12-19,Fraud Complaint,Pending,17
S011031,M01496,2024-06-06,Refund Request,Escalated,12
S011032,M02251,2024-12-28,Failed Payment,Pending,36
S011033,M01394,2024-09-04,Account Access,Resolved,25
S011034,M00748,2024-07-23,Account Access,Pending,20
S011035,M00526,2024-06-01,API Integration,Resolved,23
S011036,M01253,2024-11-18,Failed Payment,Resolved,26
S011037,M01917,2024-03-27,Fraud Complaint,Pending,15
S011038,M02548,2024-06-10,Failed Payment,Escalated,19
S011039,M00116,2025-02-16,Refund Request,Resolved,33
S011040,M00372,2025-02-02,Account Access,Escalated,28
S011041,M01950,2024-10-01,Refund Request,Resolved,25
S011042,M02780,2024-06-10,Failed Payment,Pending,19
S011043,M00353,2024-11-25,Account Access,Escalated,28
S011044,M02089,2024-07-21,Failed Payment,Escalated,40
S011045,M02244,2025-01-28,Failed Payment,Escalated,14
S011046,M01316,2024-10-15,Refund Request,Resolved,16
S011047,M01584,2024-01-12,API Integration,Pending,24
S011048,M02668,2025-05-13,Fraud Complaint,Escalated,27
S011049,M00187,2025-05-15,Refund Request,Escalated,28
S011050,M00657,2024-09-08,Refund Request,Resolved,14
S011051,M01883,2024-10-20,Fraud Complaint,Resolved,16
S011052,M00438,2024-04-20,Refund Request,Pending,39
S011053,M02076,2025-04-08,Failed Payment,Pending,1
S011054,M01370,2025-01-25,Refund Request,Escalated,31
S011055,M02717,2024-02-01,Failed Payment,Pending,17
S011056,M00266,2025-03-02,API Integration,Pending,9
S011057,M00906,2024-04-25,API Integration,Escalated,25
S011058,M00654,2024-05-02,Failed Payment,Escalated,34
S011059,M01233,2024-03-25,Fraud Complaint,Resolved,34
S011060,M02095,2024-03-30,Account Access,Escalated,6
S011061,M02688,2025-06-19,Refund Request,Escalated,16
S011062,M02493,2025-01-28,Failed Payment,Resolved,13
S011063,M01203,2024-11-03,Fraud Complaint,Escalated,27
S011064,M01916,2024-05-12,Failed Payment,Resolved,21
S011065,M00049,2025-05-14,Refund Request,Pending,31
S011066,M01912,2024-01-10,API Integration,Resolved,30
S011067,M00445,2024-02-21,KYC Verification,Pending,21
S011068,M00853,2025-02-12,Refund Request,Escalated,21
S011069,M02649,2024-11-16,Account Access,Resolved,23
S011070,M01191,2025-03-08,Fraud Complaint,Pending,29
S011071,M01610,2024-12-06,KYC Verification,Pending,17
S011072,M00970,2024-01-21,API Integration,Resolved,26
S011073,M01833,2024-09-15,KYC Verification,Escalated,13
S011074,M02350,2024-07-14,Refund Request,Pending,33
S011075,M00496,2025-03-22,Failed Payment,Pending,34
S011076,M01057,2024-05-16,API Integration,Pending,27
S011077,M00030,2024-07-16,Failed Payment,Pending,15
S011078,M00285,2024-09-24,Fraud Complaint,Escalated,27
S011079,M02940,2024-12-02,Failed Payment,Escalated,30
S011080,M00225,2024-08-20,Failed Payment,Pending,18
S011081,M01651,2025-06-07,KYC Verification,Pending,16
S011082,M01869,2025-04-07,Refund Request,Pending,24
S011083,M01181,2024-09-28,Failed Payment,Escalated,38
S011084,M00777,2024-06-15,KYC Verification,Resolved,28
S011085,M02614,2024-08-26,API Integration,Escalated,23
S011086,M02742,2025-05-15,KYC Verification,Escalated,52
S011087,M00139,2024-12-19,KYC Verification,Pending,29
S011088,M02256,2024-02-08,Refund Request,Pending,7
S011089,M01245,2024-07-11,Account Access,Pending,23
S011090,M02278,2024-06-16,KYC Verification,Resolved,26
S011091,M00465,2024-02-18,Account Access,Pending,39
S011092,M00351,2024-02-13,API Integration,Escalated,13
S011093,M02366,2024-06-18,Account Access,Pending,22
S011094,M02638,2024-12-22,KYC Verification,Escalated,23
S011095,M01974,2025-05-13,Fraud Complaint,Escalated,26
S011096,M02991,2024-04-09,Refund Request,Resolved,25
S011097,M02086,2024-07-13,Failed Payment,Escalated,3
S011098,M02297,2024-10-19,KYC Verification,Escalated,12
S011099,M02393,2024-08-03,Failed Payment,Escalated,28
S011100,M01159,2025-01-20,Refund Request,Resolved,27
S011101,M00053,2024-02-23,API Integration,Pending,28
S011102,M00478,2024-10-26,KYC Verification,Escalated,34
S011103,M01834,2024-04-03,Fraud Complaint,Pending,38
S011104,M02452,2024-10-11,Failed Payment,Resolved,23
S011105,M02851,2025-03-07,API Integration,Pending,45
S011106,M01723,2024-06-25,Failed Payment,Resolved,29
S011107,M02257,2024-02-04,Refund Request,Pending,16
S011108,M01913,2024-09-17,KYC Verification,Escalated,30
S011109,M01994,2025-06-22,Failed Payment,Pending,22
S011110,M01506,2025-05-13,Fraud Complaint,Pending,24
S011111,M01927,2025-04-10,Fraud Complaint,Resolved,14
S011112,M00321,2024-03-08,API Integration,Resolved,18
S011113,M01187,2024-03-09,Fraud Complaint,Pending,22
S011114,M01531,2024-11-16,Refund Request,Pending,52
S011115,M02495,2024-05-17,KYC Verification,Escalated,24
S011116,M02834,2024-02-07,Fraud Complaint,Escalated,14
S011117,M01559,2025-05-06,Account Access,Escalated,23
S011118,M00131,2024-02-19,KYC Verification,Pending,21
S011119,M02153,2025-07-01,Refund Request,Resolved,18
S011120,M00408,2024-10-27,KYC Verification,Resolved,26
S011121,M01250,2025-04-04,Fraud Complaint,Pending,30
S011122,M01550,2024-08-22,Failed Payment,Escalated,10
S011123,M00016,2024-07-23,Account Access,Pending,27
S011124,M00390,2025-04-11,KYC Verification,Escalated,36
S011125,M01562,2024-10-15,API Integration,Resolved,13
S011126,M01746,2025-04-05,Refund Request,Resolved,24
S011127,M01185,2025-06-27,KYC Verification,Resolved,11
S011128,M01491,2024-08-19,Refund Request,Resolved,28
S011129,M01685,2024-03-31,Account Access,Pending,26
S011130,M01926,2024-01-09,Refund Request,Resolved,21
S011131,M02688,2024-04-10,Refund Request,Resolved,19
S011132,M00511,2024-02-24,KYC Verification,Resolved,9
S011133,M00805,2024-01-06,Refund Request,Resolved,10
S011134,M01808,2024-07-27,Refund Request,Pending,8
S011135,M01390,2024-04-11,KYC Verification,Escalated,32
S011136,M00537,2024-09-03,Account Access,Escalated,18
S011137,M02365,2024-09-04,API Integration,Pending,20
S011138,M02604,2024-11-05,Account Access,Escalated,31
S011139,M01737,2024-04-05,Failed Payment,Escalated,40
S011140,M00503,2024-02-09,API Integration,Escalated,48
S011141,M01764,2024-02-14,KYC Verification,Resolved,15
S011142,M01760,2024-05-05,Account Access,Resolved,33
S011143,M00692,2025-01-15,KYC Verification,Escalated,9
S011144,M02251,2024-09-17,KYC Verification,Pending,32
S011145,M00488,2025-05-06,Refund Request,Pending,22
S011146,M02410,2025-01-15,Fraud Complaint,Resolved,36
S011147,M00997,2025-06-02,KYC Verification,Resolved,17
S011148,M02917,2024-12-04,Refund Request,Pending,16
S011149,M02053,2024-12-22,KYC Verification,Escalated,27
S011150,M02402,2024-04-19,API Integration,Resolved,20
S011151,M02549,2025-05-13,KYC Verification,Resolved,16
S011152,M02877,2025-04-25,Failed Payment,Pending,37
S011153,M02212,2025-03-14,KYC Verification,Resolved,21
S011154,M02834,2024-01-19,Failed Payment,Resolved,11
S011155,M01973,2024-05-03,API Integration,Pending,14
S011156,M01198,2025-05-17,Fraud Complaint,Resolved,17
S011157,M02310,2024-01-25,API Integration,Pending,32
S011158,M02740,2024-11-10,Account Access,Pending,31
S011159,M00695,2025-03-04,Failed Payment,Pending,32
S011160,M02301,2024-07-05,KYC Verification,Resolved,38
S011161,M00417,2024-04-12,Fraud Complaint,Escalated,37
S011162,M02927,2025-07-01,Account Access,Escalated,37
S011163,M02152,2025-06-18,KYC Verification,Resolved,21
S011164,M02323,2024-12-08,API Integration,Resolved,30
S011165,M00272,2025-05-14,Refund Request,Resolved,21
S011166,M02306,2024-06-16,Fraud Complaint,Resolved,26
S011167,M01089,2024-01-16,API Integration,Resolved,22
S011168,M00483,2024-09-10,Refund Request,Resolved,16
S011169,M00133,2024-11-15,Refund Request,Resolved,18
S011170,M01554,2024-09-07,KYC Verification,Resolved,15
S011171,M01176,2024-05-31,API Integration,Resolved,33
S011172,M00066,2025-04-14,KYC Verification,Pending,24
S011173,M01834,2024-11-03,API Integration,Pending,5
S011174,M00054,2025-02-16,Account Access,Pending,9
S011175,M00745,2024-07-14,Fraud Complaint,Escalated,20
S011176,M02273,2024-10-19,Refund Request,Pending,30
S011177,M02630,2024-08-09,Fraud Complaint,Pending,18
S011178,M00762,2025-01-15,Account Access,Escalated,23
S011179,M02818,2024-12-05,Fraud Complaint,Resolved,22
S011180,M02296,2024-11-29,API Integration,Pending,29
S011181,M02160,2024-09-23,Account Access,Pending,47
S011182,M00862,2024-12-19,KYC Verification,Pending,33
S011183,M00553,2024-09-07,Fraud Complaint,Pending,1
S011184,M01933,2024-03-09,Fraud Complaint,Pending,34
S011185,M02177,2024-07-29,API Integration,Resolved,28
S011186,M02972,2024-05-24,Failed Payment,Pending,13
S011187,M02748,2024-03-24,Account Access,Escalated,24
S011188,M01868,2024-06-09,Account Access,Resolved,30
S011189,M01826,2024-06-06,Failed Payment,Resolved,17
S011190,M01427,2025-04-25,Account Access,Resolved,14
S011191,M01170,2025-01-26,Refund Request,Pending,28
S011192,M01089,2024-04-15,Refund Request,Escalated,23
S011193,M00887,2025-04-27,KYC Verification,Resolved,14
S011194,M00874,2024-01-25,API Integration,Pending,40
S011195,M01287,2025-01-28,KYC Verification,Pending,26
S011196,M02726,2024-07-28,KYC Verification,Escalated,26
S011197,M01206,2024-03-29,API Integration,Resolved,21
S011198,M00289,2024-12-29,Account Access,Pending,12
S011199,M00387,2024-04-07,Refund Request,Resolved,29
S011200,M00962,2024-12-15,Refund Request,Resolved,8
S011201,M00571,2024-07-10,Account Access,Resolved,31
S011202,M01171,2025-06-04,Account Access,Escalated,38
S011203,M01689,2024-01-22,Account Access,Pending,14
S011204,M00562,2024-10-13,Fraud Complaint,Resolved,29
S011205,M00668,2024-09-21,KYC Verification,Pending,14
S011206,M01996,2025-04-23,Fraud Complaint,Resolved,32
S011207,M01815,2024-10-25,Fraud Complaint,Pending,25
S011208,M00262,2024-06-17,API Integration,Pending,22
S011209,M00771,2024-07-19,Fraud Complaint,Resolved,28
S011210,M00922,2024-10-10,Fraud Complaint,Escalated,22
S011211,M02094,2025-01-26,Failed Payment,Pending,13
S011212,M02556,2024-10-19,Fraud Complaint,Escalated,32
S011213,M00599,2024-05-15,API Integration,Escalated,25
S011214,M01065,2025-01-03,Account Access,Pending,25
S011215,M00667,2025-04-19,API Integration,Resolved,19
S011216,M00231,2024-12-29,KYC Verification,Resolved,27
S011217,M00023,2024-09-24,KYC Verification,Pending,19
S011218,M02695,2024-05-21,Account Access,Escalated,21
S011219,M02849,2024-04-25,API Integration,Pending,19
S011220,M02363,2024-09-29,API Integration,Resolved,23
S011221,M01744,2025-01-25,KYC Verification,Escalated,23
S011222,M02683,2024-05-13,Refund Request,Pending,28
S011223,M02800,2024-12-04,Failed Payment,Resolved,30
S011224,M02767,2024-04-29,Refund Request,Resolved,32
S011225,M00519,2024-06-19,API Integration,Resolved,25
S011226,M01213,2024-07-19,Account Access,Escalated,17
S011227,M00626,2024-11-08,Account Access,Escalated,6
S011228,M02556,2024-10-08,Fraud Complaint,Resolved,19
S011229,M02596,2025-01-28,Refund Request,Resolved,25
S011230,M01291,2025-03-28,Account Access,Resolved,10
S011231,M02393,2025-05-15,Failed Payment,Escalated,18
S011232,M01568,2024-05-26,KYC Verification,Resolved,32
S011233,M01880,2024-07-24,Refund Request,Pending,25
S011234,M01650,2024-03-30,Refund Request,Escalated,21
S011235,M01965,2024-10-29,API Integration,Escalated,19
S011236,M01435,2024-10-22,KYC Verification,Pending,25
S011237,M01749,2025-05-27,Failed Payment,Pending,24
S011238,M01168,2024-07-05,Failed Payment,Pending,26
S011239,M01111,2024-12-10,Refund Request,Resolved,20
S011240,M02358,2025-05-14,Failed Payment,Resolved,24
S011241,M01332,2024-10-13,Refund Request,Resolved,27
S011242,M02497,2025-05-02,Fraud Complaint,Escalated,18
S011243,M01632,2024-08-12,Fraud Complaint,Pending,7
S011244,M02968,2025-04-13,Fraud Complaint,Escalated,23
S011245,M01301,2025-02-03,Fraud Complaint,Pending,29
S011246,M02314,2024-03-08,Fraud Complaint,Pending,9
S011247,M00114,2024-11-21,API Integration,Resolved,22
S011248,M02923,2024-08-27,Fraud Complaint,Pending,11
S011249,M01726,2024-04-01,Refund Request,Escalated,1
S011250,M00234,2025-05-04,Failed Payment,Pending,59
S011251,M01312,2024-11-24,Fraud Complaint,Resolved,26
S011252,M01329,2024-05-25,Account Access,Escalated,25
S011253,M01543,2025-04-22,Failed Payment,Escalated,36
S011254,M01142,2024-10-23,Refund Request,Escalated,30
S011255,M02267,2024-02-04,KYC Verification,Pending,37
S011256,M00386,2025-02-11,KYC Verification,Resolved,45
S011257,M02994,2025-04-26,Refund Request,Pending,11
S011258,M00598,2024-02-08,Account Access,Resolved,33
S011259,M02903,2024-01-07,Account Access,Pending,8
S011260,M02500,2024-07-21,Failed Payment,Escalated,15
S011261,M01038,2024-08-31,Account Access,Escalated,31
S011262,M00113,2024-06-05,Fraud Complaint,Escalated,25
S011263,M01945,2024-05-03,API Integration,Escalated,16
S011264,M02499,2024-07-28,Failed Payment,Pending,18
S011265,M00657,2024-02-18,Fraud Complaint,Escalated,30
S011266,M00771,2024-06-30,Fraud Complaint,Pending,15
S011267,M02731,2024-09-28,KYC Verification,Pending,16
S011268,M01400,2025-06-30,API Integration,Resolved,21
S011269,M02673,2024-03-12,Account Access,Pending,54
S011270,M02236,2024-04-09,API Integration,Pending,20
S011271,M00318,2024-12-19,Account Access,Pending,29
S011272,M01127,2025-05-21,Failed Payment,Pending,17
S011273,M01569,2024-08-25,Refund Request,Escalated,24
S011274,M01493,2024-04-23,API Integration,Pending,34
S011275,M01901,2025-01-25,Fraud Complaint,Escalated,18
S011276,M00592,2025-06-03,Account Access,Resolved,33
S011277,M00599,2025-02-19,Account Access,Escalated,29
S011278,M02399,2025-01-04,Refund Request,Resolved,11
S011279,M01604,2024-12-28,Refund Request,Escalated,26
S011280,M00710,2025-07-04,Failed Payment,Pending,22
S011281,M01416,2024-06-05,Refund Request,Resolved,33
S011282,M00526,2024-06-19,Refund Request,Escalated,18
S011283,M00005,2025-03-11,Account Access,Escalated,30
S011284,M01125,2024-01-22,KYC Verification,Pending,56
S011285,M00637,2025-01-02,Failed Payment,Resolved,43
S011286,M00501,2024-05-10,Failed Payment,Pending,8
S011287,M00548,2024-06-11,Refund Request,Resolved,21
S011288,M00856,2024-09-18,Failed Payment,Escalated,25
S011289,M01543,2024-04-09,Refund Request,Escalated,21
S011290,M02753,2025-01-03,Fraud Complaint,Escalated,16
S011291,M02109,2024-06-12,KYC Verification,Pending,15
S011292,M00443,2024-07-08,Fraud Complaint,Escalated,30
S011293,M02294,2025-03-18,Refund Request,Resolved,21
S011294,M01203,2024-03-03,KYC Verification,Resolved,29
S011295,M02944,2024-11-07,API Integration,Escalated,12
S011296,M01848,2025-02-16,KYC Verification,Resolved,20
S011297,M01057,2024-12-08,Fraud Complaint,Resolved,32
S011298,M02484,2025-05-30,API Integration,Escalated,33
S011299,M02439,2024-08-20,Refund Request,Resolved,19
S011300,M01891,2024-01-27,KYC Verification,Pending,32
S011301,M01872,2025-07-04,KYC Verification,Escalated,27
S011302,M02541,2024-07-15,Account Access,Pending,15
S011303,M00757,2024-01-05,Fraud Complaint,Resolved,30
S011304,M01452,2025-06-06,Failed Payment,Escalated,27
S011305,M01434,2025-02-07,Refund Request,Escalated,27
S011306,M02652,2024-12-21,Fraud Complaint,Resolved,25
S011307,M00176,2024-10-08,Fraud Complaint,Pending,24
S011308,M00156,2024-04-16,API Integration,Pending,14
S011309,M01848,2024-01-25,Account Access,Pending,28
S011310,M00688,2024-04-21,API Integration,Resolved,14
S011311,M01718,2024-06-01,Failed Payment,Escalated,24
S011312,M02214,2024-05-05,Failed Payment,Resolved,14
S011313,M00835,2025-05-21,KYC Verification,Pending,29
S011314,M02153,2025-06-11,API Integration,Resolved,35
S011315,M00745,2024-10-03,Failed Payment,Pending,19
S011316,M01661,2025-06-20,Failed Payment,Escalated,43
S011317,M01362,2024-06-25,API Integration,Pending,36
S011318,M00563,2025-05-29,Failed Payment,Pending,27
S011319,M00649,2024-01-04,Fraud Complaint,Pending,24
S011320,M02052,2025-05-31,KYC Verification,Resolved,25
S011321,M00961,2024-09-06,Fraud Complaint,Escalated,33
S011322,M02725,2025-04-08,Fraud Complaint,Pending,27
S011323,M02426,2024-01-19,API Integration,Pending,30
S011324,M02462,2024-06-02,Fraud Complaint,Escalated,28
S011325,M02507,2024-12-18,KYC Verification,Resolved,30
S011326,M00106,2024-12-09,KYC Verification,Pending,30
S011327,M00770,2024-11-11,Failed Payment,Pending,12
S011328,M01862,2025-01-08,KYC Verification,Pending,27
S011329,M02364,2025-03-07,Fraud Complaint,Resolved,17
S011330,M00827,2024-03-19,Fraud Complaint,Escalated,22
S011331,M00110,2024-03-27,KYC Verification,Resolved,14
S011332,M00417,2025-03-22,Failed Payment,Resolved,18
S011333,M00597,2025-02-13,API Integration,Resolved,19
S011334,M02058,2025-02-03,KYC Verification,Pending,11
S011335,M00139,2024-04-05,API Integration,Resolved,11
S011336,M02304,2024-11-11,Refund Request,Resolved,19
S011337,M01519,2024-10-23,KYC Verification,Resolved,30
S011338,M02930,2024-07-08,KYC Verification,Resolved,20
S011339,M00207,2025-02-03,KYC Verification,Resolved,24
S011340,M01295,2025-07-03,Refund Request,Escalated,28
S011341,M00751,2024-08-14,API Integration,Escalated,20
S011342,M00301,2024-06-01,Failed Payment,Pending,34
S011343,M01169,2024-06-23,KYC Verification,Pending,15
S011344,M01467,2025-02-24,API Integration,Resolved,16
S011345,M02108,2024-07-06,API Integration,Escalated,16
S011346,M00597,2024-04-30,Refund Request,Escalated,33
S011347,M00975,2024-02-15,Refund Request,Escalated,6
S011348,M01671,2024-10-27,Fraud Complaint,Resolved,25
S011349,M01095,2025-02-11,Account Access,Pending,17
S011350,M00128,2024-08-29,Account Access,Escalated,24
S011351,M01439,2024-06-06,Failed Payment,Resolved,30
S011352,M00973,2024-06-08,KYC Verification,Escalated,44
S011353,M02578,2024-10-30,API Integration,Escalated,13
S011354,M02350,2024-02-22,Refund Request,Pending,13
S011355,M01748,2024-04-09,Fraud Complaint,Escalated,29
S011356,M02167,2024-11-10,KYC Verification,Escalated,20
S011357,M01071,2024-04-02,Account Access,Escalated,20
S011358,M00029,2024-06-21,Fraud Complaint,Escalated,40
S011359,M02804,2025-02-08,Refund Request,Resolved,23
S011360,M00211,2024-09-15,Failed Payment,Pending,8
S011361,M01635,2024-08-10,KYC Verification,Escalated,15
S011362,M01718,2024-05-23,Failed Payment,Escalated,41
S011363,M00977,2025-04-25,Fraud Complaint,Pending,22
S011364,M01822,2024-02-09,Fraud Complaint,Resolved,28
S011365,M02936,2024-02-14,KYC Verification,Resolved,29
S011366,M02190,2025-02-02,Refund Request,Escalated,13
S011367,M00549,2024-02-16,Failed Payment,Escalated,19
S011368,M01551,2025-01-18,Fraud Complaint,Resolved,22
S011369,M02492,2025-04-21,Account Access,Resolved,26
S011370,M01292,2025-02-27,Account Access,Resolved,22
S011371,M02026,2024-05-30,Fraud Complaint,Resolved,28
S011372,M00727,2025-02-28,Fraud Complaint,Resolved,11
S011373,M02968,2025-03-15,API Integration,Escalated,36
S011374,M01471,2024-06-19,Failed Payment,Escalated,10
S011375,M02565,2024-03-10,Account Access,Resolved,21
S011376,M01109,2025-05-27,Account Access,Pending,36
S011377,M00590,2025-06-21,Fraud Complaint,Escalated,45
S011378,M00931,2025-04-15,API Integration,Escalated,3
S011379,M00959,2024-12-20,Account Access,Pending,3
S011380,M02340,2024-09-14,Refund Request,Escalated,33
S011381,M02938,2024-12-05,KYC Verification,Escalated,33
S011382,M01583,2024-07-21,Fraud Complaint,Pending,25
S011383,M01694,2024-08-19,Account Access,Escalated,9
S011384,M01418,2024-03-08,API Integration,Resolved,22
S011385,M01539,2024-02-14,Failed Payment,Escalated,26
S011386,M01678,2025-01-16,Refund Request,Escalated,35
S011387,M02291,2024-12-02,Account Access,Escalated,1
S011388,M00599,2024-10-17,Failed Payment,Escalated,21
S011389,M02667,2024-05-05,Account Access,Pending,32
S011390,M02008,2024-01-10,KYC Verification,Resolved,12
S011391,M01043,2024-01-06,API Integration,Pending,22
S011392,M02342,2025-05-27,Fraud Complaint,Escalated,4
S011393,M02569,2025-03-21,Failed Payment,Escalated,17
S011394,M00295,2024-04-30,Failed Payment,Escalated,18
S011395,M01150,2024-04-08,KYC Verification,Escalated,26
S011396,M02618,2024-05-24,KYC Verification,Escalated,37
S011397,M01676,2024-04-05,API Integration,Resolved,18
S011398,M02321,2024-07-02,Failed Payment,Resolved,33
S011399,M02899,2025-04-26,API Integration,Pending,14
S011400,M00945,2025-06-19,Refund Request,Escalated,43
S011401,M02716,2024-08-20,Refund Request,Escalated,20
S011402,M01440,2024-01-03,API Integration,Pending,23
S011403,M00068,2025-05-30,API Integration,Pending,30
S011404,M02314,2024-05-27,Refund Request,Pending,28
S011405,M02628,2024-07-25,Failed Payment,Resolved,27
S011406,M02874,2025-03-08,API Integration,Pending,12
S011407,M01875,2025-06-28,API Integration,Escalated,19
S011408,M02336,2024-02-22,Refund Request,Resolved,20
S011409,M01660,2024-06-28,Account Access,Escalated,10
S011410,M01620,2024-02-02,Account Access,Pending,28
S011411,M00590,2024-08-04,Account Access,Pending,32
S011412,M00753,2024-12-15,Failed Payment,Resolved,1
S011413,M01668,2025-05-24,Fraud Complaint,Escalated,25
S011414,M00990,2024-10-24,API Integration,Escalated,15
S011415,M02251,2024-11-24,Failed Payment,Resolved,40
S011416,M01905,2025-05-30,Account Access,Resolved,28
S011417,M00370,2024-01-07,Refund Request,Escalated,28
S011418,M01664,2025-03-22,KYC Verification,Escalated,1
S011419,M01189,2025-06-13,Failed Payment,Resolved,12
S011420,M02411,2025-05-13,API Integration,Pending,14
S011421,M00792,2025-06-30,Account Access,Resolved,27
S011422,M01262,2025-03-12,Failed Payment,Escalated,15
S011423,M02960,2024-04-15,KYC Verification,Pending,25
S011424,M02940,2025-01-28,Fraud Complaint,Resolved,18
S011425,M02380,2024-04-26,API Integration,Escalated,4
S011426,M01377,2024-03-16,Refund Request,Escalated,24
S011427,M01162,2024-05-10,Failed Payment,Resolved,13
S011428,M00075,2024-06-06,Account Access,Pending,14
S011429,M01254,2025-01-08,Refund Request,Escalated,8
S011430,M00596,2024-04-17,Account Access,Resolved,22
S011431,M00350,2024-06-09,KYC Verification,Escalated,11
S011432,M02878,2024-12-11,KYC Verification,Resolved,36
S011433,M02113,2024-05-22,Fraud Complaint,Pending,20
S011434,M01838,2024-05-01,Account Access,Resolved,23
S011435,M01387,2025-02-24,API Integration,Resolved,5
S011436,M00627,2024-03-08,Account Access,Resolved,33
S011437,M01007,2024-05-17,KYC Verification,Escalated,37
S011438,M01635,2024-06-05,Failed Payment,Escalated,33
S011439,M02098,2025-03-21,Fraud Complaint,Pending,25
S011440,M02653,2024-02-18,Failed Payment,Escalated,27
S011441,M02748,2025-04-18,Refund Request,Resolved,7
S011442,M01263,2025-02-02,Refund Request,Resolved,40
S011443,M02565,2025-02-25,Account Access,Escalated,18
S011444,M00572,2025-05-18,Refund Request,Pending,57
S011445,M00774,2024-05-21,Refund Request,Pending,35
S011446,M00482,2024-04-02,Refund Request,Resolved,27
S011447,M02900,2024-05-18,Refund Request,Pending,27
S011448,M02041,2024-09-02,Refund Request,Escalated,26
S011449,M02510,2024-03-30,KYC Verification,Pending,13
S011450,M02212,2025-04-27,Failed Payment,Escalated,26
S011451,M01932,2024-05-08,KYC Verification,Escalated,17
S011452,M00992,2024-07-18,Fraud Complaint,Pending,20
S011453,M02589,2024-02-12,Fraud Complaint,Pending,19
S011454,M00250,2024-12-11,Refund Request,Escalated,12
S011455,M02385,2024-04-18,Fraud Complaint,Escalated,24
S011456,M02009,2024-01-13,Failed Payment,Resolved,1
S011457,M01539,2024-03-21,Fraud Complaint,Resolved,31
S011458,M02748,2024-08-04,KYC Verification,Resolved,44
S011459,M00150,2024-12-06,Account Access,Pending,22
S011460,M02058,2024-11-11,Failed Payment,Pending,27
S011461,M02589,2024-07-09,Failed Payment,Resolved,18
S011462,M00181,2024-04-04,KYC Verification,Resolved,34
S011463,M01239,2024-12-08,KYC Verification,Resolved,8
S011464,M00976,2025-01-06,Refund Request,Pending,1
S011465,M01976,2024-10-25,KYC Verification,Escalated,28
S011466,M01601,2025-04-28,KYC Verification,Escalated,25
S011467,M01111,2024-03-09,API Integration,Resolved,21
S011468,M02527,2024-02-17,Fraud Complaint,Resolved,20
S011469,M01528,2024-01-31,Failed Payment,Resolved,27
S011470,M01238,2025-03-25,Failed Payment,Pending,36
S011471,M00722,2024-06-13,Refund Request,Escalated,25
S011472,M01286,2025-05-04,API Integration,Escalated,44
S011473,M02388,2024-09-17,Fraud Complaint,Escalated,22
S011474,M00007,2025-03-16,Fraud Complaint,Resolved,42
S011475,M01779,2024-04-16,Fraud Complaint,Resolved,27
S011476,M02113,2025-04-22,Refund Request,Pending,31
S011477,M00871,2024-10-16,Failed Payment,Pending,17
S011478,M02503,2024-09-13,KYC Verification,Resolved,23
S011479,M00725,2024-05-01,Refund Request,Pending,26
S011480,M01469,2024-09-08,Fraud Complaint,Resolved,18
S011481,M02791,2025-02-20,Account Access,Escalated,20
S011482,M00763,2024-04-30,KYC Verification,Resolved,15
S011483,M02775,2025-06-11,KYC Verification,Pending,39
S011484,M00856,2024-10-15,Account Access,Pending,27
S011485,M01499,2024-09-19,API Integration,Pending,13
S011486,M00194,2024-09-15,Account Access,Resolved,29
S011487,M02329,2024-10-09,API Integration,Resolved,24
S011488,M02490,2024-03-27,KYC Verification,Resolved,26
S011489,M02261,2025-04-13,Failed Payment,Pending,5
S011490,M02981,2025-02-26,KYC Verification,Escalated,22
S011491,M00713,2024-01-12,API Integration,Resolved,23
S011492,M01869,2025-01-10,KYC Verification,Escalated,22
S011493,M00051,2024-09-26,Account Access,Pending,18
S011494,M01582,2024-08-02,Fraud Complaint,Pending,24
S011495,M01012,2024-03-19,Fraud Complaint,Pending,32
S011496,M00717,2024-07-02,KYC Verification,Pending,29
S011497,M02442,2025-03-04,Refund Request,Pending,21
S011498,M02715,2024-06-22,Failed Payment,Pending,26
S011499,M02857,2025-02-03,API Integration,Escalated,15
S011500,M02032,2024-06-15,KYC Verification,Pending,27
S011501,M02910,2024-04-03,Fraud Complaint,Resolved,20
S011502,M02851,2024-04-28,Failed Payment,Escalated,36
S011503,M02309,2024-05-22,Failed Payment,Resolved,2
S011504,M00145,2024-02-02,Fraud Complaint,Pending,9
S011505,M00040,2024-08-25,Failed Payment,Pending,18
S011506,M00399,2024-11-03,API Integration,Pending,23
S011507,M00488,2025-07-04,Fraud Complaint,Resolved,7
S011508,M02214,2024-11-09,KYC Verification,Pending,32
S011509,M01375,2024-07-22,Failed Payment,Pending,19
S011510,M02058,2024-04-15,API Integration,Pending,12
S011511,M01396,2024-12-16,Refund Request,Resolved,12
S011512,M01127,2024-03-11,Account Access,Escalated,40
S011513,M02894,2025-05-11,Failed Payment,Pending,17
S011514,M01845,2024-11-23,Failed Payment,Pending,18
S011515,M01597,2024-08-12,Failed Payment,Escalated,41
S011516,M00967,2024-04-06,KYC Verification,Resolved,14
S011517,M01156,2024-08-16,KYC Verification,Pending,15
S011518,M00009,2025-03-04,KYC Verification,Resolved,31
S011519,M00579,2024-09-22,Fraud Complaint,Resolved,26
S011520,M02216,2024-09-25,Refund Request,Escalated,8
S011521,M01576,2025-03-04,KYC Verification,Resolved,10
S011522,M00695,2025-01-30,KYC Verification,Pending,14
S011523,M02020,2024-01-25,Account Access,Resolved,36
S011524,M02576,2025-01-26,API Integration,Pending,24
S011525,M00838,2024-04-30,API Integration,Escalated,32
S011526,M00095,2025-03-26,Refund Request,Resolved,24
S011527,M02493,2025-04-10,Fraud Complaint,Escalated,18
S011528,M00934,2025-01-02,Failed Payment,Pending,17
S011529,M02888,2025-04-22,Failed Payment,Resolved,32
S011530,M01634,2024-07-19,KYC Verification,Resolved,26
S011531,M00930,2024-07-04,Failed Payment,Resolved,5
S011532,M02237,2024-08-01,API Integration,Escalated,33
S011533,M00164,2025-02-20,Account Access,Resolved,25
S011534,M02194,2024-05-28,Refund Request,Pending,42
S011535,M00202,2024-06-19,Fraud Complaint,Pending,48
S011536,M00003,2025-02-26,KYC Verification,Escalated,11
S011537,M02216,2025-01-22,API Integration,Pending,9
S011538,M02814,2025-05-27,Refund Request,Escalated,14
S011539,M02239,2025-06-05,KYC Verification,Resolved,30
S011540,M02084,2024-09-16,Refund Request,Pending,21
S011541,M02187,2024-09-20,API Integration,Resolved,23
S011542,M01162,2024-03-30,Account Access,Escalated,20
S011543,M00822,2025-05-31,Account Access,Escalated,15
S011544,M02977,2024-05-22,Fraud Complaint,Resolved,31
S011545,M00010,2025-05-21,Fraud Complaint,Resolved,29
S011546,M01632,2024-11-09,Refund Request,Escalated,1
S011547,M02040,2024-02-14,Refund Request,Pending,24
S011548,M00844,2024-07-03,Fraud Complaint,Pending,30
S011549,M01455,2024-04-28,KYC Verification,Resolved,17
S011550,M01221,2024-05-17,Refund Request,Resolved,31
S011551,M00699,2024-02-11,Refund Request,Pending,14
S011552,M00415,2024-06-27,Account Access,Pending,20
S011553,M00019,2024-03-26,KYC Verification,Pending,37
S011554,M00484,2024-10-30,KYC Verification,Pending,28
S011555,M01620,2024-06-14,API Integration,Resolved,16
S011556,M01074,2024-02-29,Fraud Complaint,Pending,12
S011557,M00095,2024-05-22,Refund Request,Resolved,29
S011558,M02890,2024-12-17,Failed Payment,Pending,49
S011559,M00813,2024-12-13,KYC Verification,Pending,17
S011560,M00780,2024-01-19,Fraud Complaint,Pending,44
S011561,M02919,2024-10-23,KYC Verification,Resolved,21
S011562,M00288,2024-09-23,Account Access,Escalated,6
S011563,M00322,2024-01-11,Fraud Complaint,Pending,17
S011564,M02816,2024-03-16,Fraud Complaint,Escalated,20
S011565,M02713,2024-01-10,Refund Request,Resolved,20
S011566,M01546,2025-03-06,API Integration,Escalated,11
S011567,M01254,2024-11-10,API Integration,Resolved,43
S011568,M01751,2025-06-06,Failed Payment,Escalated,22
S011569,M02464,2025-06-01,Fraud Complaint,Resolved,16
S011570,M02646,2025-03-10,Account Access,Pending,43
S011571,M00265,2024-07-07,Account Access,Escalated,31
S011572,M01703,2025-07-01,API Integration,Resolved,28
S011573,M01966,2024-07-24,API Integration,Resolved,7
S011574,M02900,2025-04-28,KYC Verification,Resolved,11
S011575,M02415,2024-03-01,Failed Payment,Resolved,28
S011576,M02844,2024-12-11,Refund Request,Resolved,33
S011577,M00976,2024-09-13,Account Access,Escalated,33
S011578,M02690,2024-05-25,Fraud Complaint,Resolved,42
S011579,M00444,2024-02-23,API Integration,Pending,9
S011580,M00432,2024-09-22,KYC Verification,Pending,11
S011581,M01717,2024-09-02,Refund Request,Resolved,28
S011582,M01079,2024-01-06,API Integration,Escalated,26
S011583,M01036,2024-01-12,Refund Request,Escalated,26
S011584,M01178,2024-06-19,Refund Request,Escalated,4
S011585,M01972,2025-06-20,KYC Verification,Escalated,34
S011586,M01405,2024-10-16,Account Access,Resolved,30
S011587,M02258,2025-02-18,KYC Verification,Pending,32
S011588,M02448,2024-12-03,KYC Verification,Pending,26
S011589,M00592,2024-06-15,KYC Verification,Pending,19
S011590,M00825,2025-01-22,Refund Request,Pending,13
S011591,M00793,2025-01-29,API Integration,Pending,30
S011592,M02979,2025-03-10,KYC Verification,Pending,12
S011593,M02861,2024-01-15,API Integration,Resolved,27
S011594,M01720,2025-02-23,API Integration,Pending,1
S011595,M02610,2025-04-01,Failed Payment,Resolved,29
S011596,M00867,2025-05-17,KYC Verification,Escalated,23
S011597,M02604,2025-01-11,KYC Verification,Escalated,47
S011598,M01176,2024-09-17,KYC Verification,Pending,40
S011599,M02321,2025-04-09,Account Access,Resolved,33
S011600,M00323,2024-09-11,API Integration,Pending,12
S011601,M01314,2024-06-09,KYC Verification,Pending,16
S011602,M00437,2024-04-29,Fraud Complaint,Resolved,44
S011603,M01347,2024-10-25,Refund Request,Pending,38
S011604,M02461,2024-10-18,API Integration,Escalated,22
S011605,M00853,2024-01-13,Fraud Complaint,Pending,20
S011606,M01792,2024-05-10,API Integration,Resolved,25
S011607,M02039,2024-11-25,Failed Payment,Escalated,36
S011608,M00833,2025-03-27,API Integration,Resolved,1
S011609,M00644,2024-02-19,Account Access,Resolved,31
S011610,M00709,2025-06-25,Refund Request,Escalated,34
S011611,M00340,2025-02-19,KYC Verification,Resolved,35
S011612,M00194,2024-08-09,Refund Request,Resolved,12
S011613,M02596,2024-10-31,Account Access,Resolved,43
S011614,M01339,2024-12-28,Refund Request,Resolved,26
S011615,M02794,2024-12-30,Account Access,Pending,26
S011616,M00275,2024-10-17,KYC Verification,Escalated,33
S011617,M00282,2024-12-28,Account Access,Resolved,28
S011618,M00395,2024-12-26,Failed Payment,Resolved,31
S011619,M02443,2024-02-09,Fraud Complaint,Pending,35
S011620,M02409,2025-03-31,API Integration,Pending,18
S011621,M02517,2024-11-19,KYC Verification,Escalated,11
S011622,M02231,2025-02-10,Fraud Complaint,Resolved,5
S011623,M00680,2024-08-27,API Integration,Resolved,31
S011624,M02492,2024-06-04,Failed Payment,Escalated,35
S011625,M02496,2024-05-31,Account Access,Escalated,17
S011626,M01921,2024-03-25,Failed Payment,Pending,21
S011627,M00466,2024-03-25,Fraud Complaint,Escalated,24
S011628,M01351,2024-11-21,Refund Request,Escalated,27
S011629,M01729,2024-06-28,Fraud Complaint,Resolved,20
S011630,M00937,2024-07-22,API Integration,Escalated,13
S011631,M01995,2024-05-13,KYC Verification,Resolved,22
S011632,M02974,2024-01-27,API Integration,Resolved,20
S011633,M00443,2024-01-11,Failed Payment,Resolved,23
S011634,M01047,2025-04-05,Failed Payment,Resolved,29
S011635,M01817,2025-05-11,Failed Payment,Resolved,26
S011636,M00396,2024-07-24,API Integration,Pending,13
S011637,M00844,2025-06-03,Account Access,Escalated,31
S011638,M00956,2025-03-17,Failed Payment,Resolved,35
S011639,M01907,2024-04-21,API Integration,Pending,19
S011640,M01469,2024-05-20,KYC Verification,Escalated,50
S011641,M02627,2024-11-23,Account Access,Resolved,14
S011642,M00276,2024-03-10,API Integration,Pending,26
S011643,M02379,2024-01-27,API Integration,Resolved,17
S011644,M00370,2024-05-27,Account Access,Pending,26
S011645,M01652,2025-05-03,Failed Payment,Pending,2
S011646,M00876,2024-12-19,Account Access,Escalated,23
S011647,M02393,2025-05-08,Fraud Complaint,Pending,19
S011648,M00538,2024-08-08,Failed Payment,Pending,25
S011649,M02643,2024-01-06,Account Access,Escalated,22
S011650,M02248,2025-05-12,Account Access,Resolved,28
S011651,M00972,2024-04-15,Refund Request,Resolved,13
S011652,M01395,2024-11-16,KYC Verification,Resolved,28
S011653,M01107,2025-06-17,API Integration,Escalated,1
S011654,M02779,2024-10-03,KYC Verification,Resolved,22
S011655,M02536,2025-04-19,API Integration,Resolved,31
S011656,M02718,2024-09-21,KYC Verification,Pending,36
S011657,M01429,2024-10-25,Failed Payment,Pending,29
S011658,M02107,2024-02-26,API Integration,Resolved,30
S011659,M02130,2025-04-22,API Integration,Resolved,20
S011660,M01611,2025-05-16,Fraud Complaint,Pending,3
S011661,M01520,2024-04-22,KYC Verification,Escalated,16
S011662,M02320,2025-03-14,Fraud Complaint,Resolved,21
S011663,M02902,2024-03-05,Refund Request,Resolved,16
S011664,M02045,2024-05-30,Account Access,Escalated,17
S011665,M02424,2025-06-11,KYC Verification,Escalated,20
S011666,M00894,2024-09-26,Refund Request,Pending,19
S011667,M01289,2025-05-11,Account Access,Escalated,24
S011668,M01210,2025-03-03,Refund Request,Resolved,2
S011669,M02338,2025-02-10,API Integration,Resolved,21
S011670,M00432,2024-05-13,Failed Payment,Escalated,14
S011671,M01600,2025-02-19,KYC Verification,Escalated,32
S011672,M00711,2025-01-15,KYC Verification,Resolved,30
S011673,M02896,2025-04-19,Failed Payment,Pending,43
S011674,M01040,2024-06-08,Fraud Complaint,Pending,29
S011675,M00623,2025-06-20,Failed Payment,Escalated,31
S011676,M02603,2024-12-01,KYC Verification,Pending,41
S011677,M00944,2024-03-12,API Integration,Escalated,32
S011678,M00211,2024-08-30,Refund Request,Escalated,20
S011679,M02001,2025-04-25,Refund Request,Resolved,14
S011680,M02805,2024-09-16,Failed Payment,Resolved,36
S011681,M00271,2024-06-01,API Integration,Escalated,25
S011682,M01685,2025-03-09,API Integration,Pending,9
S011683,M00995,2024-12-27,Failed Payment,Resolved,29
S011684,M01466,2025-03-19,Account Access,Resolved,36
S011685,M00245,2025-01-25,API Integration,Pending,10
S011686,M02550,2024-05-07,Refund Request,Escalated,37
S011687,M02797,2024-10-03,Refund Request,Pending,16
S011688,M01150,2025-04-05,Fraud Complaint,Escalated,14
S011689,M01067,2024-11-21,Account Access,Resolved,5
S011690,M01801,2025-06-18,Failed Payment,Escalated,21
S011691,M01846,2024-03-25,API Integration,Escalated,10
S011692,M02632,2024-11-15,Account Access,Pending,40
S011693,M00028,2025-02-23,API Integration,Escalated,44
S011694,M02005,2025-06-13,Fraud Complaint,Escalated,23
S011695,M02732,2024-07-08,Fraud Complaint,Escalated,17
S011696,M00027,2024-11-25,Fraud Complaint,Escalated,25
S011697,M01867,2025-06-02,Account Access,Pending,34
S011698,M01656,2024-04-01,Refund Request,Resolved,33
S011699,M00096,2024-03-30,Failed Payment,Pending,28
S011700,M00596,2024-08-14,Failed Payment,Escalated,30
S011701,M01560,2025-06-15,Fraud Complaint,Resolved,32
S011702,M00114,2024-02-24,Fraud Complaint,Pending,21
S011703,M02039,2025-04-15,Fraud Complaint,Pending,42
S011704,M00437,2024-07-06,API Integration,Escalated,15
S011705,M00987,2024-01-24,KYC Verification,Resolved,25
S011706,M02579,2025-01-21,API Integration,Escalated,22
S011707,M01947,2024-11-06,Refund Request,Pending,30
S011708,M00133,2024-03-02,Failed Payment,Escalated,14
S011709,M00787,2024-03-04,KYC Verification,Escalated,34
S011710,M00218,2024-08-13,Refund Request,Pending,11
S011711,M01456,2024-10-13,Failed Payment,Resolved,14
S011712,M01860,2024-07-03,Account Access,Resolved,29
S011713,M01600,2024-10-02,KYC Verification,Escalated,16
S011714,M02866,2024-03-19,Fraud Complaint,Pending,31
S011715,M01497,2025-01-31,API Integration,Pending,21
S011716,M01317,2025-05-13,KYC Verification,Pending,5
S011717,M02833,2025-05-30,Account Access,Escalated,38
S011718,M02523,2024-10-19,API Integration,Resolved,8
S011719,M01368,2024-01-21,API Integration,Escalated,31
S011720,M00975,2024-07-26,Fraud Complaint,Escalated,27
S011721,M02395,2025-02-05,Refund Request,Pending,36
S011722,M01253,2024-09-20,KYC Verification,Escalated,21
S011723,M02357,2024-05-19,Failed Payment,Resolved,13
S011724,M00051,2025-03-17,KYC Verification,Escalated,9
S011725,M01708,2024-01-04,KYC Verification,Pending,14
S011726,M01213,2024-06-10,Fraud Complaint,Resolved,25
S011727,M01195,2024-02-09,Failed Payment,Resolved,13
S011728,M00277,2024-07-15,Account Access,Resolved,27
S011729,M00972,2024-03-27,KYC Verification,Escalated,51
S011730,M02921,2024-05-21,Refund Request,Escalated,19
S011731,M01743,2024-04-24,Refund Request,Escalated,43
S011732,M02589,2024-05-22,API Integration,Pending,36
S011733,M00542,2025-02-17,API Integration,Pending,25
S011734,M00985,2024-10-08,Refund Request,Pending,29
S011735,M01455,2024-06-13,Account Access,Resolved,31
S011736,M02937,2024-08-03,Fraud Complaint,Escalated,27
S011737,M02476,2024-04-16,API Integration,Escalated,20
S011738,M02539,2025-03-18,Fraud Complaint,Escalated,15
S011739,M02543,2024-05-28,Failed Payment,Resolved,29
S011740,M01143,2024-07-23,Fraud Complaint,Escalated,15
S011741,M00758,2024-08-15,Fraud Complaint,Escalated,23
S011742,M02193,2025-02-24,API Integration,Resolved,25
S011743,M02359,2025-06-21,Failed Payment,Pending,17
S011744,M00328,2024-01-14,API Integration,Escalated,20
S011745,M02990,2024-01-17,KYC Verification,Pending,12
S011746,M02863,2025-05-28,KYC Verification,Pending,18
S011747,M00724,2024-04-29,Fraud Complaint,Pending,34
S011748,M00894,2025-06-27,KYC Verification,Escalated,8
S011749,M01429,2024-11-09,Fraud Complaint,Escalated,16
S011750,M00020,2024-03-24,KYC Verification,Pending,21
S011751,M02166,2024-10-28,Failed Payment,Pending,22
S011752,M01586,2024-09-16,Account Access,Resolved,10
S011753,M00516,2025-01-08,API Integration,Resolved,15
S011754,M00270,2025-03-27,Fraud Complaint,Escalated,27
S011755,M01661,2024-01-24,Failed Payment,Escalated,16
S011756,M00560,2025-06-22,Account Access,Escalated,37
S011757,M02813,2024-12-25,Failed Payment,Pending,28
S011758,M02429,2024-07-07,Account Access,Resolved,4
S011759,M00831,2024-09-08,Refund Request,Escalated,25
S011760,M02677,2025-01-01,KYC Verification,Resolved,16
S011761,M01072,2024-03-19,Account Access,Escalated,37
S011762,M00499,2024-01-23,Account Access,Resolved,12
S011763,M01338,2024-11-03,Fraud Complaint,Pending,26
S011764,M01110,2024-03-09,Refund Request,Escalated,10
S011765,M02266,2025-04-24,KYC Verification,Resolved,35
S011766,M00737,2024-11-29,Fraud Complaint,Resolved,20
S011767,M01933,2024-12-25,KYC Verification,Pending,31
S011768,M01663,2024-07-07,KYC Verification,Resolved,22
S011769,M02829,2024-06-11,KYC Verification,Resolved,30
S011770,M02643,2024-01-31,Fraud Complaint,Resolved,26
S011771,M02635,2025-02-05,KYC Verification,Resolved,22
S011772,M00279,2024-12-24,Failed Payment,Pending,13
S011773,M01231,2024-06-23,KYC Verification,Resolved,23
S011774,M00037,2025-05-18,API Integration,Escalated,16
S011775,M01572,2024-09-11,Failed Payment,Resolved,14
S011776,M00722,2024-12-02,Refund Request,Escalated,20
S011777,M01992,2024-02-27,Fraud Complaint,Pending,29
S011778,M02556,2025-06-05,API Integration,Resolved,31
S011779,M00812,2025-02-01,Refund Request,Pending,12
S011780,M01644,2024-05-26,Failed Payment,Escalated,35
S011781,M02877,2024-10-04,Account Access,Resolved,14
S011782,M00528,2024-02-05,KYC Verification,Resolved,27
S011783,M02015,2025-01-13,Refund Request,Resolved,20
S011784,M01408,2024-03-27,Account Access,Pending,27
S011785,M01539,2024-02-03,Account Access,Resolved,9
S011786,M02992,2024-04-28,Refund Request,Pending,21
S011787,M01985,2024-01-02,Failed Payment,Escalated,25
S011788,M02440,2025-03-09,Fraud Complaint,Pending,35
S011789,M01926,2025-05-09,Failed Payment,Resolved,32
S011790,M01709,2024-01-22,API Integration,Escalated,18
S011791,M01035,2024-10-14,Failed Payment,Resolved,13
S011792,M01544,2025-05-16,KYC Verification,Resolved,24
S011793,M00251,2024-03-16,Refund Request,Resolved,31
S011794,M00795,2025-06-20,API Integration,Escalated,12
S011795,M00032,2024-07-17,KYC Verification,Pending,19
S011796,M00818,2025-07-03,Fraud Complaint,Pending,24
S011797,M02655,2024-09-13,KYC Verification,Pending,23
S011798,M02165,2024-02-27,Failed Payment,Resolved,25
S011799,M00475,2024-09-23,Account Access,Escalated,21
S011800,M00716,2024-12-05,Fraud Complaint,Resolved,22
S011801,M01560,2025-06-12,Failed Payment,Escalated,24
S011802,M02036,2024-06-06,Fraud Complaint,Pending,39
S011803,M02257,2025-02-27,Refund Request,Resolved,3
S011804,M01587,2025-02-16,API Integration,Pending,26
S011805,M00756,2024-01-22,KYC Verification,Escalated,13
S011806,M01026,2024-06-20,Failed Payment,Pending,33
S011807,M00207,2024-07-16,Failed Payment,Pending,12
S011808,M02668,2025-01-20,KYC Verification,Escalated,39
S011809,M01074,2024-05-31,Refund Request,Pending,33
S011810,M02241,2024-09-21,Fraud Complaint,Resolved,30
S011811,M01631,2024-04-05,Fraud Complaint,Resolved,34
S011812,M01460,2024-02-15,Account Access,Resolved,32
S011813,M02166,2024-04-13,Refund Request,Resolved,27
S011814,M02813,2025-06-22,Refund Request,Escalated,30
S011815,M00423,2024-04-23,Failed Payment,Escalated,6
S011816,M01667,2024-05-28,KYC Verification,Escalated,28
S011817,M02361,2025-04-13,Fraud Complaint,Pending,25
S011818,M03000,2024-06-03,KYC Verification,Escalated,37
S011819,M00858,2024-03-03,Account Access,Pending,32
S011820,M00793,2024-01-12,Refund Request,Escalated,17
S011821,M00229,2024-01-20,Account Access,Pending,45
S011822,M02846,2024-03-10,Refund Request,Escalated,32
S011823,M00495,2025-02-14,Refund Request,Pending,19
S011824,M00943,2024-08-18,Account Access,Pending,9
S011825,M00717,2025-05-24,Account Access,Resolved,22
S011826,M01570,2025-05-23,Failed Payment,Resolved,31
S011827,M00274,2025-03-12,Failed Payment,Escalated,20
S011828,M01493,2024-02-05,Refund Request,Resolved,13
S011829,M01341,2024-10-16,Account Access,Resolved,51
S011830,M02681,2024-04-23,Account Access,Pending,3
S011831,M00850,2025-02-17,Failed Payment,Pending,27
S011832,M00807,2024-08-08,Account Access,Resolved,10
S011833,M00054,2024-12-25,API Integration,Resolved,29
S011834,M01743,2025-02-12,Refund Request,Pending,42
S011835,M00292,2025-01-31,Failed Payment,Escalated,15
S011836,M01427,2024-01-20,Fraud Complaint,Resolved,31
S011837,M02643,2024-05-13,Failed Payment,Escalated,33
S011838,M02196,2024-05-25,API Integration,Escalated,26
S011839,M00897,2024-10-27,Failed Payment,Resolved,24
S011840,M01900,2024-02-06,Refund Request,Pending,27
S011841,M02603,2024-03-13,Refund Request,Escalated,25
S011842,M01687,2025-03-18,API Integration,Resolved,32
S011843,M00509,2025-06-16,Refund Request,Escalated,20
S011844,M02968,2024-05-01,API Integration,Escalated,18
S011845,M01605,2024-09-18,API Integration,Resolved,10
S011846,M01273,2024-06-29,Refund Request,Pending,12
S011847,M02665,2024-03-06,Failed Payment,Escalated,20
S011848,M00541,2025-05-23,Account Access,Pending,38
S011849,M00355,2024-04-25,Account Access,Escalated,8
S011850,M02737,2025-01-21,Account Access,Escalated,26
S011851,M01631,2024-10-06,Fraud Complaint,Pending,16
S011852,M02490,2024-11-02,Refund Request,Pending,17
S011853,M00222,2025-05-30,KYC Verification,Resolved,36
S011854,M02071,2024-08-10,Account Access,Escalated,18
S011855,M01208,2024-01-21,API Integration,Escalated,12
S011856,M01038,2024-02-20,Refund Request,Pending,28
S011857,M00875,2024-10-20,Failed Payment,Escalated,27
S011858,M01630,2024-08-28,Refund Request,Escalated,30
S011859,M00934,2024-08-01,KYC Verification,Resolved,23
S011860,M01044,2025-05-25,Account Access,Pending,28
S011861,M01655,2024-10-19,Refund Request,Resolved,28
S011862,M02146,2024-07-03,Fraud Complaint,Pending,27
S011863,M02883,2025-04-10,Account Access,Resolved,10
S011864,M00693,2024-06-18,Refund Request,Pending,13
S011865,M02601,2024-09-02,API Integration,Escalated,16
S011866,M02814,2024-12-01,Account Access,Pending,29
S011867,M01000,2024-10-09,Refund Request,Escalated,30
S011868,M02810,2024-08-11,Account Access,Pending,16
S011869,M00125,2024-02-19,Refund Request,Resolved,25
S011870,M02724,2024-09-11,Account Access,Escalated,31
S011871,M00746,2024-06-07,Refund Request,Pending,24
S011872,M02682,2024-09-05,Account Access,Escalated,32
S011873,M01485,2024-06-10,KYC Verification,Resolved,15
S011874,M02366,2025-03-10,KYC Verification,Pending,30
S011875,M02960,2024-11-15,API Integration,Pending,18
S011876,M02502,2024-03-23,KYC Verification,Pending,22
S011877,M02318,2024-11-23,KYC Verification,Resolved,28
S011878,M01507,2025-04-09,Account Access,Resolved,41
S011879,M02759,2025-04-01,KYC Verification,Pending,26
S011880,M00586,2025-01-28,Failed Payment,Resolved,15
S011881,M01403,2025-02-23,Refund Request,Escalated,24
S011882,M00148,2025-05-16,Failed Payment,Pending,30
S011883,M02078,2024-02-16,Refund Request,Resolved,22
S011884,M01182,2024-01-08,Fraud Complaint,Pending,29
S011885,M00419,2024-06-20,Failed Payment,Escalated,13
S011886,M02928,2024-11-29,Fraud Complaint,Pending,33
S011887,M01584,2024-01-01,Refund Request,Resolved,18
S011888,M02428,2024-06-13,Fraud Complaint,Resolved,21
S011889,M02611,2024-12-22,Failed Payment,Escalated,20
S011890,M02591,2025-06-20,Refund Request,Escalated,17
S011891,M00884,2024-10-31,Account Access,Resolved,36
S011892,M01904,2024-11-05,Fraud Complaint,Pending,18
S011893,M02558,2024-03-03,API Integration,Escalated,24
S011894,M00547,2024-10-15,Fraud Complaint,Resolved,23
S011895,M00531,2024-07-19,Account Access,Resolved,24
S011896,M02161,2024-04-03,KYC Verification,Resolved,28
S011897,M02188,2025-02-03,KYC Verification,Escalated,35
S011898,M00089,2024-02-15,KYC Verification,Escalated,26
S011899,M01073,2024-01-15,Refund Request,Escalated,19
S011900,M02597,2025-06-27,Failed Payment,Resolved,18
S011901,M01251,2024-02-03,Failed Payment,Escalated,38
S011902,M02301,2024-05-14,Account Access,Escalated,1
S011903,M01154,2025-02-10,Fraud Complaint,Escalated,15
S011904,M01391,2025-05-26,Fraud Complaint,Pending,1
S011905,M01813,2024-04-10,Failed Payment,Escalated,33
S011906,M00047,2024-05-29,KYC Verification,Escalated,30
S011907,M02483,2024-12-21,API Integration,Escalated,46
S011908,M00653,2025-02-20,KYC Verification,Pending,20
S011909,M02997,2024-01-19,Failed Payment,Resolved,4
S011910,M02859,2024-08-12,Failed Payment,Escalated,27
S011911,M00453,2024-03-04,KYC Verification,Escalated,12
S011912,M00612,2025-05-29,KYC Verification,Pending,13
S011913,M01132,2025-01-27,Fraud Complaint,Pending,13
S011914,M00451,2024-11-12,Refund Request,Escalated,26
S011915,M02098,2024-11-03,Fraud Complaint,Resolved,31
S011916,M01803,2024-11-02,Account Access,Pending,15
S011917,M02592,2024-08-09,API Integration,Resolved,23
S011918,M02024,2024-05-04,KYC Verification,Pending,22
S011919,M02109,2024-07-28,API Integration,Pending,29
S011920,M00993,2025-06-19,Refund Request,Pending,12
S011921,M01641,2024-04-26,Fraud Complaint,Pending,15
S011922,M00769,2025-05-16,KYC Verification,Resolved,12
S011923,M01164,2024-03-15,KYC Verification,Escalated,8
S011924,M00757,2025-06-11,Fraud Complaint,Pending,32
S011925,M02675,2024-11-07,Refund Request,Resolved,40
S011926,M02155,2025-01-02,Account Access,Escalated,27
S011927,M01676,2024-08-09,Account Access,Pending,28
S011928,M02437,2025-05-18,Refund Request,Pending,14
S011929,M02811,2025-06-30,KYC Verification,Resolved,16
S011930,M01948,2024-04-15,API Integration,Pending,26
S011931,M00863,2024-02-06,Account Access,Pending,46
S011932,M01594,2024-11-23,Failed Payment,Resolved,18
S011933,M02109,2024-09-23,Fraud Complaint,Pending,18
S011934,M01553,2025-02-14,Failed Payment,Resolved,18
S011935,M01120,2024-10-02,Fraud Complaint,Pending,24
S011936,M00820,2025-02-09,Account Access,Resolved,27
S011937,M00787,2025-04-09,Account Access,Resolved,32
S011938,M02018,2024-09-29,Account Access,Escalated,27
S011939,M00076,2024-04-25,API Integration,Pending,19
S011940,M02415,2025-01-02,KYC Verification,Pending,25
S011941,M00882,2024-01-09,Fraud Complaint,Escalated,21
S011942,M00781,2024-09-02,Fraud Complaint,Resolved,28
S011943,M01101,2024-01-30,API Integration,Pending,25
S011944,M00743,2025-06-24,Failed Payment,Pending,19
S011945,M01709,2024-07-16,Failed Payment,Escalated,39
S011946,M02921,2024-08-31,API Integration,Resolved,19
S011947,M02355,2024-11-19,KYC Verification,Pending,31
S011948,M01541,2025-03-23,KYC Verification,Escalated,34
S011949,M00860,2024-12-28,Fraud Complaint,Escalated,22
S011950,M01200,2025-06-15,Refund Request,Resolved,19
S011951,M00053,2024-10-08,Failed Payment,Resolved,12
S011952,M01999,2024-03-01,Fraud Complaint,Escalated,32
S011953,M02305,2025-01-20,Fraud Complaint,Escalated,38
S011954,M02281,2024-04-09,Fraud Complaint,Pending,26
S011955,M00424,2025-04-26,Failed Payment,Pending,34
S011956,M00989,2024-10-28,API Integration,Pending,31
S011957,M01063,2024-05-14,API Integration,Resolved,8
S011958,M01773,2024-06-15,Fraud Complaint,Resolved,19
S011959,M00677,2025-05-19,Fraud Complaint,Resolved,20
S011960,M00241,2025-05-03,API Integration,Resolved,27
S011961,M00388,2025-06-10,API Integration,Resolved,19
S011962,M01348,2024-11-29,Refund Request,Escalated,27
S011963,M01815,2024-02-28,Refund Request,Pending,24
S011964,M00665,2024-12-07,KYC Verification,Pending,22
S011965,M00420,2024-05-10,Failed Payment,Escalated,34
S011966,M02361,2024-05-05,Refund Request,Escalated,19
S011967,M01819,2024-06-28,API Integration,Escalated,19
S011968,M02721,2024-04-04,Refund Request,Escalated,28
S011969,M00102,2025-02-14,Refund Request,Resolved,21
S011970,M00718,2025-06-09,Account Access,Resolved,9
S011971,M00112,2024-06-17,KYC Verification,Escalated,23
S011972,M01555,2025-04-23,Fraud Complaint,Resolved,19
S011973,M02168,2025-03-22,Refund Request,Resolved,21
S011974,M00824,2025-06-22,Refund Request,Pending,24
S011975,M01711,2024-02-24,API Integration,Pending,18
S011976,M01151,2025-07-02,Account Access,Resolved,9
S011977,M00748,2025-01-30,Failed Payment,Escalated,14
S011978,M01205,2024-12-06,Refund Request,Escalated,24
S011979,M00369,2024-04-26,Fraud Complaint,Pending,30
S011980,M00999,2025-02-07,Failed Payment,Resolved,20
S011981,M00941,2025-02-17,Refund Request,Pending,15
S011982,M01768,2024-12-06,API Integration,Escalated,21
S011983,M00620,2024-08-16,Refund Request,Resolved,22
S011984,M01184,2024-09-25,Fraud Complaint,Resolved,24
S011985,M00144,2024-10-02,KYC Verification,Escalated,31
S011986,M02528,2024-09-18,KYC Verification,Pending,33
S011987,M00784,2024-04-15,Refund Request,Resolved,18
S011988,M01290,2024-11-15,Refund Request,Escalated,44
S011989,M00909,2025-03-02,Fraud Complaint,Pending,39
S011990,M02131,2024-03-20,API Integration,Pending,42
S011991,M01292,2024-09-27,Fraud Complaint,Escalated,11
S011992,M00587,2025-04-03,Failed Payment,Pending,24
S011993,M02260,2024-04-04,Refund Request,Escalated,35
S011994,M02564,2024-09-08,KYC Verification,Pending,26
S011995,M01438,2024-11-19,API Integration,Pending,21
S011996,M00664,2024-10-14,Account Access,Resolved,29
S011997,M02855,2025-05-16,KYC Verification,Escalated,25
S011998,M02251,2025-03-01,Account Access,Resolved,11
S011999,M01277,2024-08-31,KYC Verification,Resolved,18
S012000,M02703,2025-05-13,KYC Verification,Pending,27
