merchant_id,signup_date,industry,country,business_size,acquisition_channel,customer_acquisition_cost,kyc_completed,api_integrated,time_to_first_transaction_days
M00001,2024-11-23,SaaS,Nigeria,Enterprise,Paid Ads,9014.9,1,0,11.0
M00002,2024-05-05,Logistics,Ghana,Enterprise,Organic,6682.44,1,1,9.0
M00003,2024-12-12,SaaS,South Africa,SME,Organic,4939.63,1,0,5.0
M00004,2024-02-17,Logistics,Ghana,Enterprise,Partnership,6438.56,1,1,0.0
M00005,2024-01-14,Logistics,South Africa,SME,Sales Team,854.88,1,1,2.0
M00006,2024-10-28,Education,Nigeria,SME,Sales Team,4458.37,1,1,23.0
M00007,2024-06-23,Education,Ghana,SME,Paid Ads,2635.48,1,1,4.0
M00008,2024-02-22,SaaS,South Africa,SME,Paid Ads,3319.08,1,1,4.0
M00009,2025-03-09,Healthcare,Kenya,SME,Sales Team,401.88,1,0,9.0
M00010,2024-10-01,SaaS,South Africa,SME,Partnership,6167.7,1,0,9.0
M00011,2024-05-30,Healthcare,Ghana,Enterprise,Organic,2614.76,1,1,7.0
M00012,2024-01-24,Logistics,Kenya,SME,Referral,1537.44,1,0,0.0
M00013,2025-03-19,SaaS,South Africa,Mid-Market,Sales Team,5175.24,1,0,3.0
M00014,2024-11-21,Healthcare,Ghana,Mid-Market,Paid Ads,5687.44,1,0,13.0
M00015,2024-04-17,Education,Nigeria,Enterprise,Referral,6539.91,1,1,9.0
M00016,2024-09-30,Logistics,Ghana,Mid-Market,Sales Team,1510.44,1,1,15.0
M00017,2024-05-18,Logistics,Kenya,SME,Referral,1929.69,1,1,10.0
M00018,2025-02-24,E-commerce,Kenya,Mid-Market,Paid Ads,1476.9,1,0,28.0
M00019,2024-02-03,Logistics,Kenya,SME,Sales Team,2619.37,1,1,8.0
M00020,2024-07-21,Gaming,Ghana,Mid-Market,Referral,771.51,1,0,4.0
M00021,2024-05-06,Education,South Africa,Enterprise,Sales Team,2198.39,1,1,3.0
M00022,2024-07-04,Logistics,Ghana,Enterprise,Sales Team,4213.13,1,1,9.0
M00023,2024-02-16,E-commerce,Nigeria,SME,Referral,2556.87,1,1,3.0
M00024,2025-02-09,Hospitality,Nigeria,Mid-Market,Sales Team,4307.41,1,0,0.0
M00025,2024-11-01,Gaming,Kenya,Enterprise,Organic,4489.21,1,1,7.0
M00026,2024-12-14,SaaS,Kenya,Enterprise,Paid Ads,610.52,1,1,7.0
M00027,2024-02-27,Education,South Africa,SME,Sales Team,14596.0,1,1,8.0
M00028,2024-01-02,Education,Ghana,Enterprise,Organic,2359.17,1,0,4.0
M00029,2025-03-21,Education,Ghana,SME,Paid Ads,7240.43,0,1,
M00030,2025-01-25,Retail,Nigeria,Enterprise,Paid Ads,8437.17,1,1,12.0
M00031,2024-09-07,E-commerce,Nigeria,Mid-Market,Paid Ads,1374.12,1,0,16.0
M00032,2024-05-02,E-commerce,Ghana,Enterprise,Organic,3357.0,1,0,4.0
M00033,2024-02-13,Gaming,Nigeria,Enterprise,Referral,1478.36,1,1,5.0
M00034,2024-03-06,Gaming,Ghana,Mid-Market,Partnership,2494.46,1,1,17.0
M00035,2025-03-22,Hospitality,Ghana,Enterprise,Referral,667.17,1,1,11.0
M00036,2024-12-31,Education,South Africa,Enterprise,Paid Ads,826.3,1,0,9.0
M00037,2024-08-12,Gaming,Nigeria,SME,Referral,4022.84,1,0,15.0
M00038,2024-02-02,Healthcare,Nigeria,Enterprise,Partnership,3952.41,1,1,10.0
M00039,2024-04-27,Logistics,Nigeria,SME,Organic,10844.15,1,0,13.0
M00040,2024-04-27,SaaS,Nigeria,Mid-Market,Organic,1745.66,1,0,10.0
M00041,2024-09-20,Logistics,Kenya,Enterprise,Sales Team,5938.28,1,0,1.0
M00042,2024-04-19,Retail,South Africa,SME,Sales Team,6155.69,1,1,19.0
M00043,2025-02-17,Hospitality,Ghana,SME,Organic,2695.62,1,1,6.0
M00044,2024-12-03,Hospitality,Kenya,Mid-Market,Sales Team,3442.9,1,1,24.0
M00045,2024-08-27,E-commerce,Nigeria,SME,Sales Team,2991.31,0,0,
M00046,2025-01-07,Healthcare,Nigeria,SME,Referral,5633.57,1,1,7.0
M00047,2024-04-07,Gaming,Ghana,Mid-Market,Referral,1590.12,0,0,
M00048,2024-05-22,Gaming,Ghana,SME,Sales Team,5523.54,1,1,0.0
M00049,2025-02-17,SaaS,Nigeria,Enterprise,Partnership,3485.9,1,1,8.0
M00050,2025-03-04,E-commerce,Nigeria,SME,Referral,1419.71,1,0,1.0
M00051,2024-07-27,Gaming,South Africa,SME,Sales Team,4847.87,1,0,16.0
M00052,2025-04-07,E-commerce,Ghana,Mid-Market,Organic,3969.81,1,0,31.0
M00053,2024-07-18,Education,South Africa,Mid-Market,Sales Team,2230.62,1,1,9.0
M00054,2024-12-22,Gaming,Ghana,SME,Paid Ads,2373.49,1,1,8.0
M00055,2024-04-21,E-commerce,Nigeria,Enterprise,Paid Ads,3502.07,1,1,8.0
M00056,2024-01-30,E-commerce,South Africa,Enterprise,Partnership,14089.16,1,1,1.0
M00057,2024-03-21,E-commerce,Nigeria,SME,Organic,362.02,1,0,19.0
M00058,2024-10-31,SaaS,Ghana,Mid-Market,Organic,1711.26,1,1,9.0
M00059,2025-04-27,Logistics,Nigeria,Enterprise,Organic,10285.33,1,1,17.0
M00060,2024-08-02,Healthcare,Kenya,SME,Paid Ads,4405.49,1,0,10.0
M00061,2024-05-02,Education,South Africa,SME,Paid Ads,7791.2,1,1,17.0
M00062,2024-08-22,Healthcare,Nigeria,SME,Sales Team,2757.19,1,1,3.0
M00063,2024-11-14,SaaS,Nigeria,Enterprise,Referral,2722.81,1,1,19.0
M00064,2024-09-16,Education,Ghana,Mid-Market,Organic,3012.65,1,1,0.0
M00065,2025-03-26,Logistics,Kenya,Mid-Market,Referral,1387.08,1,0,5.0
M00066,2024-08-12,Education,Nigeria,Enterprise,Partnership,5299.07,1,1,10.0
M00067,2024-06-02,SaaS,Ghana,Mid-Market,Organic,406.68,1,1,8.0
M00068,2025-03-31,SaaS,Ghana,Mid-Market,Paid Ads,4112.76,0,0,
M00069,2024-11-05,Logistics,Kenya,SME,Paid Ads,1971.02,1,0,4.0
M00070,2024-09-15,Gaming,Kenya,SME,Organic,5903.45,1,0,5.0
M00071,2024-11-20,Hospitality,Kenya,SME,Organic,520.3,1,0,11.0
M00072,2024-06-19,Retail,Kenya,SME,Sales Team,2802.28,1,0,0.0
M00073,2024-10-09,Hospitality,Nigeria,SME,Organic,3364.79,1,1,14.0
M00074,2025-04-28,Retail,Nigeria,Mid-Market,Partnership,4242.34,1,0,13.0
M00075,2024-10-09,Retail,South Africa,SME,Organic,517.03,1,1,7.0
M00076,2024-06-06,Healthcare,Nigeria,Mid-Market,Referral,5218.44,1,0,5.0
M00077,2024-12-15,Logistics,Nigeria,Mid-Market,Partnership,10312.59,1,1,11.0
M00078,2025-03-28,Hospitality,Ghana,SME,Referral,8212.25,1,1,11.0
M00079,2025-05-14,Retail,South Africa,SME,Referral,3969.1,1,0,5.0
M00080,2025-01-12,Healthcare,South Africa,Enterprise,Referral,7290.48,0,1,
M00081,2024-05-16,Retail,Nigeria,Mid-Market,Organic,2246.43,0,0,
M00082,2025-03-15,Gaming,Ghana,SME,Sales Team,9252.53,1,0,0.0
M00083,2024-06-28,Education,Ghana,SME,Organic,2642.19,1,1,7.0
M00084,2024-12-03,Logistics,South Africa,Mid-Market,Paid Ads,5746.13,1,1,15.0
M00085,2025-03-18,SaaS,Kenya,Mid-Market,Partnership,5451.67,0,1,
M00086,2024-07-23,Healthcare,Nigeria,SME,Paid Ads,2401.0,0,1,
M00087,2024-04-01,Education,Nigeria,SME,Partnership,3365.95,1,0,9.0
M00088,2024-08-10,Healthcare,Kenya,Mid-Market,Partnership,4496.07,1,0,21.0
M00089,2024-09-18,SaaS,South Africa,Enterprise,Referral,3829.48,1,1,13.0
M00090,2024-05-10,E-commerce,South Africa,SME,Partnership,6543.0,1,0,7.0
M00091,2025-04-18,Logistics,Kenya,Mid-Market,Organic,2151.78,1,1,0.0
M00092,2025-04-30,Healthcare,Kenya,Enterprise,Organic,4359.57,1,0,0.0
M00093,2025-01-03,Education,Kenya,Enterprise,Sales Team,10650.78,1,1,0.0
M00094,2024-06-16,Hospitality,Kenya,Enterprise,Referral,2656.45,1,1,7.0
M00095,2024-04-08,Hospitality,South Africa,Enterprise,Referral,8193.39,0,1,
M00096,2024-11-11,Education,South Africa,Enterprise,Organic,2012.9,1,1,0.0
M00097,2024-06-04,Education,Ghana,Mid-Market,Partnership,4206.93,1,0,17.0
M00098,2024-11-06,Healthcare,South Africa,Mid-Market,Sales Team,2979.06,1,1,1.0
M00099,2024-12-11,Logistics,South Africa,Enterprise,Referral,9107.14,1,1,14.0
M00100,2024-12-03,SaaS,Kenya,Enterprise,Partnership,3641.01,1,0,17.0
M00101,2024-06-20,SaaS,Ghana,Enterprise,Paid Ads,3780.82,1,1,14.0
M00102,2024-04-25,Logistics,Ghana,SME,Organic,8262.99,1,1,11.0
M00103,2024-05-05,Gaming,Nigeria,Mid-Market,Sales Team,8626.22,1,1,0.0
M00104,2025-03-29,Logistics,South Africa,Mid-Market,Sales Team,8911.68,0,1,
M00105,2024-05-04,Retail,Nigeria,SME,Sales Team,3295.48,1,0,8.0
M00106,2024-04-22,Retail,South Africa,SME,Partnership,337.73,1,0,12.0
M00107,2024-05-07,SaaS,South Africa,SME,Sales Team,1221.79,1,1,7.0
M00108,2024-12-07,Healthcare,South Africa,Enterprise,Partnership,1381.01,1,1,10.0
M00109,2024-08-06,Gaming,Ghana,Enterprise,Sales Team,1639.96,1,1,11.0
M00110,2024-08-18,Education,Ghana,Enterprise,Paid Ads,2098.43,1,1,4.0
M00111,2025-01-27,Gaming,Ghana,Mid-Market,Sales Team,4846.35,1,1,0.0
M00112,2024-02-09,Education,Ghana,Mid-Market,Paid Ads,3051.63,1,0,15.0
M00113,2024-06-12,SaaS,Ghana,SME,Referral,2110.53,1,1,6.0
M00114,2024-07-15,Retail,Ghana,SME,Sales Team,9639.96,1,1,0.0
M00115,2024-07-27,Healthcare,South Africa,Mid-Market,Organic,3407.78,1,0,6.0
M00116,2024-04-15,Hospitality,South Africa,Enterprise,Organic,668.08,1,1,13.0
M00117,2025-03-14,Hospitality,South Africa,SME,Paid Ads,1275.44,1,1,9.0
M00118,2024-06-01,Hospitality,South Africa,Enterprise,Partnership,9862.69,1,0,4.0
M00119,2025-02-13,Logistics,South Africa,SME,Paid Ads,13990.13,1,1,13.0
M00120,2024-08-11,Gaming,Nigeria,Mid-Market,Paid Ads,1545.11,1,1,14.0
M00121,2024-12-08,Hospitality,Ghana,Mid-Market,Referral,3405.34,1,1,0.0
M00122,2024-11-14,E-commerce,South Africa,Enterprise,Partnership,1919.8,1,1,8.0
M00123,2024-12-05,E-commerce,Nigeria,Enterprise,Sales Team,5431.98,1,1,5.0
M00124,2024-03-10,Gaming,Ghana,SME,Paid Ads,4090.78,1,0,9.0
M00125,2024-07-13,Healthcare,Ghana,Mid-Market,Paid Ads,5674.14,1,0,8.0
M00126,2024-06-21,Hospitality,Kenya,Mid-Market,Paid Ads,1357.73,1,0,4.0
M00127,2025-03-03,SaaS,South Africa,SME,Partnership,1501.16,1,1,9.0
M00128,2024-01-27,Healthcare,Ghana,Enterprise,Organic,664.06,1,1,24.0
M00129,2025-02-03,E-commerce,Nigeria,SME,Referral,2054.66,1,1,14.0
M00130,2025-03-05,E-commerce,Ghana,SME,Referral,14393.8,1,0,3.0
M00131,2024-08-30,SaaS,Ghana,Mid-Market,Paid Ads,2004.41,1,0,10.0
M00132,2025-01-27,Healthcare,Ghana,Enterprise,Partnership,9304.14,1,1,10.0
M00133,2025-05-08,SaaS,Ghana,Mid-Market,Organic,2336.57,1,0,5.0
M00134,2024-10-23,E-commerce,Kenya,Enterprise,Sales Team,4354.33,1,0,0.0
M00135,2024-07-22,Logistics,Nigeria,Enterprise,Referral,1349.18,1,0,0.0
M00136,2024-02-22,Education,Nigeria,Enterprise,Organic,3374.96,1,0,0.0
M00137,2024-06-26,Hospitality,Kenya,SME,Partnership,5746.14,1,1,9.0
M00138,2024-11-27,Healthcare,Nigeria,Mid-Market,Sales Team,1546.37,0,1,
M00139,2024-02-24,Hospitality,Kenya,Enterprise,Sales Team,3825.31,1,1,5.0
M00140,2024-12-28,Retail,South Africa,SME,Partnership,8948.61,1,1,9.0
M00141,2025-05-09,Education,South Africa,Mid-Market,Sales Team,2683.95,1,0,10.0
M00142,2025-02-26,Education,Kenya,SME,Organic,6492.7,1,1,2.0
M00143,2024-05-22,Gaming,Ghana,Mid-Market,Partnership,1708.0,1,1,13.0
M00144,2024-11-08,Hospitality,Kenya,SME,Sales Team,1041.79,0,1,
M00145,2025-03-11,Healthcare,Ghana,Mid-Market,Referral,1190.01,1,0,9.0
M00146,2024-06-30,Education,Kenya,Mid-Market,Partnership,5101.5,1,1,18.0
M00147,2024-12-25,Education,Nigeria,Enterprise,Referral,8153.7,1,1,19.0
M00148,2024-02-13,Logistics,South Africa,Mid-Market,Partnership,5784.11,1,0,7.0
M00149,2025-01-23,Logistics,South Africa,Enterprise,Sales Team,3479.29,0,0,
M00150,2024-08-17,E-commerce,Nigeria,Mid-Market,Referral,6933.81,1,1,14.0
M00151,2024-07-26,Logistics,Kenya,Enterprise,Partnership,5942.5,1,1,4.0
M00152,2024-07-07,Gaming,Kenya,Mid-Market,Partnership,764.02,1,0,8.0
M00153,2024-06-18,Healthcare,South Africa,Mid-Market,Paid Ads,3195.1,1,1,6.0
M00154,2024-05-08,Logistics,Nigeria,Enterprise,Referral,1214.83,1,1,6.0
M00155,2024-06-10,SaaS,Ghana,SME,Referral,1872.08,0,1,
M00156,2025-01-13,Gaming,Kenya,Enterprise,Partnership,2060.7,1,0,8.0
M00157,2025-05-15,Education,Nigeria,SME,Paid Ads,8357.7,1,1,4.0
M00158,2024-04-26,Healthcare,Ghana,Mid-Market,Organic,2524.5,1,1,0.0
M00159,2024-12-28,Retail,Kenya,SME,Organic,2463.32,0,1,
M00160,2024-10-10,Education,Ghana,Enterprise,Sales Team,7812.34,1,1,13.0
M00161,2024-02-22,E-commerce,Kenya,Mid-Market,Sales Team,3007.98,1,1,8.0
M00162,2024-08-13,Healthcare,Ghana,SME,Paid Ads,2456.19,1,1,6.0
M00163,2025-04-26,Gaming,Nigeria,SME,Sales Team,1350.59,1,0,17.0
M00164,2024-09-08,SaaS,Nigeria,SME,Referral,1034.13,1,0,9.0
M00165,2025-02-19,Education,Nigeria,SME,Organic,1638.67,1,0,0.0
M00166,2024-10-12,Hospitality,Ghana,Enterprise,Sales Team,10227.1,1,1,0.0
M00167,2024-08-18,Gaming,Kenya,Enterprise,Sales Team,3254.04,1,1,13.0
M00168,2024-06-05,E-commerce,Nigeria,SME,Referral,580.5,1,1,9.0
M00169,2024-05-15,SaaS,Ghana,SME,Referral,3600.48,1,1,0.0
M00170,2024-10-09,SaaS,Ghana,SME,Sales Team,1391.59,1,0,9.0
M00171,2024-08-18,Gaming,Kenya,SME,Referral,4887.38,1,0,5.0
M00172,2024-05-27,Education,South Africa,SME,Referral,6568.87,1,0,9.0
M00173,2025-04-18,Education,Ghana,Mid-Market,Organic,5879.79,1,1,7.0
M00174,2024-10-05,Logistics,Ghana,Mid-Market,Referral,1788.67,1,1,11.0
M00175,2024-02-06,E-commerce,Ghana,Mid-Market,Partnership,1667.57,1,1,0.0
M00176,2025-01-18,Education,South Africa,SME,Sales Team,15796.36,1,1,2.0
M00177,2024-12-18,Education,South Africa,Mid-Market,Partnership,5161.02,0,0,
M00178,2024-10-03,Gaming,South Africa,SME,Partnership,7268.4,1,1,0.0
M00179,2024-01-21,Hospitality,Kenya,Enterprise,Paid Ads,11475.36,1,0,3.0
M00180,2024-01-14,SaaS,Ghana,Enterprise,Partnership,5247.34,1,0,7.0
M00181,2024-10-27,E-commerce,Kenya,Enterprise,Organic,955.47,1,1,13.0
M00182,2025-01-25,Retail,South Africa,Enterprise,Sales Team,4997.68,1,0,6.0
M00183,2025-04-14,Education,Ghana,Enterprise,Sales Team,3186.05,1,1,14.0
M00184,2024-11-21,Gaming,Nigeria,Mid-Market,Paid Ads,3691.01,1,0,12.0
M00185,2024-07-28,Healthcare,Kenya,Enterprise,Organic,5420.75,1,1,7.0
M00186,2025-03-15,Retail,Kenya,Mid-Market,Sales Team,4801.57,1,1,0.0
M00187,2024-05-27,Hospitality,Nigeria,Mid-Market,Organic,1515.93,1,0,15.0
M00188,2024-06-10,Education,Kenya,SME,Sales Team,6818.95,1,1,4.0
M00189,2025-03-18,E-commerce,South Africa,Mid-Market,Organic,6910.63,1,1,8.0
M00190,2024-04-06,Healthcare,South Africa,Enterprise,Sales Team,1861.79,1,0,15.0
M00191,2025-01-24,E-commerce,Ghana,Mid-Market,Partnership,8670.32,1,1,5.0
M00192,2024-03-08,Education,South Africa,Enterprise,Sales Team,1657.26,1,1,6.0
M00193,2024-03-03,E-commerce,Ghana,Enterprise,Referral,3975.38,1,1,7.0
M00194,2024-06-08,E-commerce,South Africa,SME,Referral,1623.79,1,1,7.0
M00195,2025-03-06,SaaS,South Africa,SME,Referral,4421.41,0,1,
M00196,2024-09-12,Education,Kenya,Mid-Market,Sales Team,4137.1,0,1,
M00197,2024-08-29,Logistics,South Africa,Enterprise,Referral,4982.77,1,1,22.0
M00198,2024-07-15,Logistics,Ghana,SME,Paid Ads,8510.74,1,0,4.0
M00199,2025-01-30,Hospitality,Kenya,Enterprise,Paid Ads,1823.91,1,0,4.0
M00200,2025-02-24,E-commerce,Kenya,Enterprise,Paid Ads,1988.26,1,1,3.0
M00201,2025-03-04,Gaming,Ghana,Mid-Market,Partnership,2429.16,0,0,
M00202,2024-09-04,Healthcare,Kenya,Enterprise,Partnership,1667.8,1,1,6.0
M00203,2024-07-12,Gaming,Kenya,SME,Referral,3312.01,1,0,2.0
M00204,2024-10-19,Hospitality,Ghana,Mid-Market,Organic,7439.57,1,1,7.0
M00205,2024-06-11,Gaming,South Africa,Mid-Market,Referral,1181.81,1,0,15.0
M00206,2024-09-10,E-commerce,Ghana,Enterprise,Partnership,7093.67,1,0,11.0
M00207,2024-06-18,SaaS,South Africa,SME,Partnership,6073.56,1,0,11.0
M00208,2025-04-11,Gaming,Nigeria,Enterprise,Referral,3726.68,1,0,6.0
M00209,2024-07-28,Retail,Nigeria,Mid-Market,Paid Ads,4477.76,1,1,10.0
M00210,2024-06-22,Hospitality,Nigeria,Mid-Market,Partnership,3454.68,1,1,9.0
M00211,2024-07-13,Healthcare,South Africa,Enterprise,Organic,3915.91,1,1,16.0
M00212,2024-11-12,SaaS,Ghana,Enterprise,Paid Ads,4106.91,1,1,7.0
M00213,2024-04-26,SaaS,South Africa,SME,Organic,3807.45,0,1,
M00214,2024-08-15,Retail,Kenya,SME,Organic,3688.58,1,0,10.0
M00215,2024-06-15,E-commerce,Kenya,Mid-Market,Paid Ads,4373.87,1,1,3.0
M00216,2024-08-08,Retail,Ghana,Enterprise,Sales Team,9229.56,1,1,4.0
M00217,2024-10-16,Retail,Ghana,SME,Organic,1059.47,1,1,7.0
M00218,2024-11-08,Hospitality,Ghana,Mid-Market,Partnership,4003.28,1,1,6.0
M00219,2024-03-14,Logistics,South Africa,Enterprise,Paid Ads,2791.41,1,0,4.0
M00220,2024-08-23,Education,Nigeria,Mid-Market,Paid Ads,1846.99,1,1,1.0
M00221,2024-12-12,Retail,Nigeria,Mid-Market,Paid Ads,8623.43,1,1,0.0
M00222,2024-10-27,Education,South Africa,Enterprise,Paid Ads,2773.92,1,0,9.0
M00223,2024-08-21,Education,Ghana,Mid-Market,Sales Team,8077.69,1,0,11.0
M00224,2024-02-24,Logistics,South Africa,Enterprise,Paid Ads,4769.93,1,0,15.0
M00225,2024-10-21,Education,Kenya,SME,Sales Team,10480.75,1,1,3.0
M00226,2024-05-20,E-commerce,Nigeria,Enterprise,Sales Team,5014.31,1,1,0.0
M00227,2025-03-02,Education,Ghana,Enterprise,Paid Ads,174.6,1,1,5.0
M00228,2024-04-22,Logistics,Kenya,Enterprise,Referral,4728.96,1,0,10.0
M00229,2024-11-17,SaaS,Nigeria,Mid-Market,Sales Team,1147.81,1,1,7.0
M00230,2024-01-18,Healthcare,Ghana,SME,Paid Ads,3431.52,1,1,2.0
M00231,2024-06-16,Hospitality,Ghana,SME,Referral,2658.94,1,1,1.0
M00232,2025-02-06,Healthcare,Kenya,SME,Paid Ads,2311.34,1,0,5.0
M00233,2025-04-12,Gaming,Kenya,Enterprise,Paid Ads,1926.43,1,0,8.0
M00234,2025-02-15,SaaS,South Africa,SME,Referral,7009.88,1,0,4.0
M00235,2025-01-21,Logistics,South Africa,Enterprise,Paid Ads,3870.01,1,0,15.0
M00236,2024-02-16,Hospitality,Nigeria,Mid-Market,Partnership,3889.86,1,1,5.0
M00237,2024-03-04,Gaming,Kenya,Enterprise,Paid Ads,4552.85,1,1,6.0
M00238,2024-10-26,Hospitality,Kenya,SME,Referral,7182.13,1,1,11.0
M00239,2024-08-29,E-commerce,Kenya,Enterprise,Referral,3652.96,1,0,8.0
M00240,2024-11-27,SaaS,South Africa,Enterprise,Paid Ads,3055.52,1,1,14.0
M00241,2024-11-28,Hospitality,Nigeria,SME,Organic,708.34,1,1,0.0
M00242,2025-04-29,E-commerce,Kenya,Mid-Market,Organic,2907.18,1,0,20.0
M00243,2024-02-19,Logistics,Ghana,Mid-Market,Sales Team,4907.15,1,0,13.0
M00244,2024-07-08,Hospitality,Ghana,Mid-Market,Organic,4778.54,1,1,0.0
M00245,2025-03-02,Gaming,South Africa,Mid-Market,Organic,4241.23,1,0,9.0
M00246,2024-12-19,Healthcare,Ghana,Mid-Market,Sales Team,5749.23,1,0,6.0
M00247,2025-05-01,Logistics,Kenya,SME,Paid Ads,4396.12,1,1,0.0
M00248,2024-10-05,Healthcare,Nigeria,Mid-Market,Paid Ads,2265.69,1,1,7.0
M00249,2024-04-07,SaaS,South Africa,SME,Referral,4033.62,1,1,10.0
M00250,2024-11-24,E-commerce,Nigeria,Mid-Market,Referral,4866.51,1,1,2.0
M00251,2024-03-05,Logistics,Nigeria,Enterprise,Referral,12084.65,1,0,6.0
M00252,2024-10-27,Logistics,Ghana,Mid-Market,Referral,4413.05,1,1,6.0
M00253,2025-02-07,E-commerce,Kenya,SME,Referral,3469.26,1,1,12.0
M00254,2024-10-03,Education,Ghana,SME,Organic,4630.28,1,1,6.0
M00255,2024-03-08,E-commerce,Kenya,SME,Partnership,4310.39,1,1,13.0
M00256,2024-06-14,E-commerce,Ghana,Mid-Market,Organic,4487.13,1,1,2.0
M00257,2024-03-05,Hospitality,Nigeria,Enterprise,Organic,1286.14,1,0,11.0
M00258,2024-08-31,Gaming,Kenya,Enterprise,Partnership,2927.66,1,0,14.0
M00259,2024-02-25,Gaming,Ghana,Enterprise,Organic,4367.25,1,0,8.0
M00260,2025-01-07,Education,South Africa,Enterprise,Organic,3510.67,1,0,5.0
M00261,2024-02-01,Gaming,South Africa,Mid-Market,Organic,1167.4,1,0,11.0
M00262,2024-09-08,Gaming,Nigeria,SME,Paid Ads,2723.23,1,1,14.0
M00263,2024-11-07,Retail,Nigeria,SME,Paid Ads,6493.65,1,0,6.0
M00264,2024-11-15,Healthcare,South Africa,Enterprise,Partnership,5257.79,1,0,12.0
M00265,2024-05-30,Gaming,South Africa,SME,Organic,3373.72,1,1,6.0
M00266,2025-03-12,Logistics,South Africa,Mid-Market,Referral,9163.72,1,1,2.0
M00267,2024-07-30,Healthcare,South Africa,Mid-Market,Sales Team,6679.57,1,1,17.0
M00268,2025-01-08,SaaS,Kenya,Mid-Market,Paid Ads,7168.32,1,1,8.0
M00269,2024-12-06,Education,Kenya,SME,Sales Team,634.23,1,1,0.0
M00270,2024-02-04,SaaS,Nigeria,SME,Sales Team,5050.9,1,1,12.0
M00271,2024-02-19,Healthcare,Ghana,Enterprise,Organic,5701.94,0,1,
M00272,2024-10-27,Healthcare,Nigeria,Mid-Market,Paid Ads,4113.35,0,1,
M00273,2025-03-23,Hospitality,Nigeria,Mid-Market,Partnership,3085.81,1,1,0.0
M00274,2024-06-08,Healthcare,Nigeria,Enterprise,Partnership,4466.54,1,0,0.0
M00275,2024-04-18,Retail,South Africa,SME,Organic,2786.32,1,1,2.0
M00276,2024-06-28,Healthcare,Nigeria,Mid-Market,Partnership,3940.83,1,1,19.0
M00277,2024-04-25,Hospitality,Nigeria,Enterprise,Paid Ads,4973.03,1,1,7.0
M00278,2024-01-15,Retail,Kenya,Enterprise,Paid Ads,3705.86,1,1,10.0
M00279,2025-04-16,Healthcare,Kenya,SME,Referral,1897.97,1,0,3.0
M00280,2025-03-21,Retail,South Africa,SME,Referral,5674.09,1,0,6.0
M00281,2025-01-14,E-commerce,Nigeria,Enterprise,Partnership,7704.36,1,1,6.0
M00282,2024-04-20,Hospitality,South Africa,Mid-Market,Paid Ads,1049.94,1,1,21.0
M00283,2024-03-21,Healthcare,Kenya,Enterprise,Paid Ads,3009.25,1,0,6.0
M00284,2025-02-01,SaaS,Nigeria,SME,Referral,4073.56,1,1,0.0
M00285,2025-01-21,E-commerce,Nigeria,Mid-Market,Sales Team,9609.33,1,1,3.0
M00286,2024-12-04,Hospitality,South Africa,Enterprise,Sales Team,2135.63,1,0,9.0
M00287,2024-07-31,Education,Ghana,Enterprise,Organic,1339.77,1,1,4.0
M00288,2024-06-25,Hospitality,Nigeria,Mid-Market,Partnership,3420.47,1,1,3.0
M00289,2024-09-06,Education,Nigeria,SME,Sales Team,5981.9,1,1,9.0
M00290,2024-11-02,E-commerce,Nigeria,SME,Paid Ads,11308.49,1,1,12.0
M00291,2025-04-29,Logistics,Ghana,Mid-Market,Paid Ads,3533.45,1,1,11.0
M00292,2024-06-16,SaaS,Nigeria,Mid-Market,Sales Team,3547.62,1,1,2.0
M00293,2024-03-30,Retail,South Africa,Enterprise,Referral,5166.46,1,1,14.0
M00294,2024-09-13,Healthcare,Nigeria,Mid-Market,Organic,5780.4,1,1,8.0
M00295,2024-08-11,E-commerce,South Africa,SME,Paid Ads,2597.21,1,1,9.0
M00296,2024-10-21,Hospitality,South Africa,Enterprise,Sales Team,1523.37,1,0,1.0
M00297,2024-05-28,SaaS,South Africa,SME,Paid Ads,4824.52,1,0,0.0
M00298,2024-03-28,Gaming,Kenya,SME,Sales Team,3414.72,1,1,13.0
M00299,2025-03-08,SaaS,Ghana,Mid-Market,Partnership,3549.11,0,0,
M00300,2024-07-24,SaaS,South Africa,Mid-Market,Paid Ads,5027.0,1,0,7.0
M00301,2024-04-23,Healthcare,Ghana,SME,Partnership,4919.35,1,1,11.0
M00302,2024-11-20,SaaS,Ghana,Mid-Market,Paid Ads,1510.05,0,1,
M00303,2025-01-07,Retail,Ghana,SME,Referral,5922.0,1,0,7.0
M00304,2024-05-11,Logistics,Ghana,Enterprise,Referral,3501.21,1,1,0.0
M00305,2025-01-24,SaaS,Ghana,Enterprise,Sales Team,4896.57,1,1,8.0
M00306,2024-08-25,Gaming,Kenya,Enterprise,Paid Ads,4149.34,1,1,0.0
M00307,2024-03-18,Gaming,Nigeria,Mid-Market,Sales Team,7574.29,1,1,17.0
M00308,2024-11-19,Education,Kenya,Enterprise,Organic,3174.16,1,0,3.0
M00309,2024-06-29,SaaS,Kenya,Mid-Market,Sales Team,2611.76,1,0,4.0
M00310,2024-01-20,E-commerce,Kenya,Mid-Market,Organic,6287.84,1,1,0.0
M00311,2024-11-26,SaaS,South Africa,Mid-Market,Partnership,2786.02,1,1,0.0
M00312,2024-10-10,E-commerce,South Africa,Enterprise,Referral,5714.03,1,0,13.0
M00313,2024-06-13,Gaming,Ghana,SME,Sales Team,4450.76,1,1,4.0
M00314,2024-02-22,Healthcare,Nigeria,Enterprise,Referral,3254.09,1,1,2.0
M00315,2024-01-21,Logistics,South Africa,Mid-Market,Partnership,1457.66,1,0,7.0
M00316,2024-09-24,Retail,Kenya,Mid-Market,Paid Ads,2311.42,1,0,0.0
M00317,2024-07-17,Hospitality,Kenya,Enterprise,Partnership,6803.81,1,0,3.0
M00318,2024-01-27,Healthcare,Nigeria,Mid-Market,Organic,6323.05,1,1,7.0
M00319,2024-10-12,Hospitality,Kenya,Mid-Market,Partnership,9209.15,1,0,15.0
M00320,2025-03-23,Retail,Kenya,SME,Partnership,10050.05,1,1,8.0
M00321,2024-12-05,Retail,Kenya,Mid-Market,Sales Team,3833.28,1,1,5.0
M00322,2024-03-07,SaaS,Kenya,Enterprise,Sales Team,7937.17,1,0,3.0
M00323,2024-11-25,Healthcare,Ghana,Enterprise,Partnership,4919.83,1,0,1.0
M00324,2024-02-17,Hospitality,Kenya,SME,Paid Ads,6159.27,1,0,3.0
M00325,2024-06-07,Retail,Ghana,Mid-Market,Sales Team,1736.25,1,0,13.0
M00326,2024-04-08,Logistics,Ghana,SME,Organic,1469.07,1,1,9.0
M00327,2024-05-31,SaaS,Nigeria,Enterprise,Paid Ads,6348.76,1,1,4.0
M00328,2025-03-24,Retail,South Africa,SME,Referral,5112.32,1,1,12.0
M00329,2024-04-02,Retail,South Africa,SME,Sales Team,397.68,1,1,1.0
M00330,2024-07-05,Logistics,South Africa,Enterprise,Paid Ads,2548.67,1,0,5.0
M00331,2025-01-20,Gaming,Ghana,Enterprise,Referral,2043.11,1,1,13.0
M00332,2024-06-07,Gaming,Ghana,Mid-Market,Partnership,1642.95,1,0,13.0
M00333,2024-08-13,Gaming,Kenya,Mid-Market,Partnership,7373.97,1,0,11.0
M00334,2024-09-27,Hospitality,Ghana,SME,Partnership,3116.44,1,0,7.0
M00335,2024-03-11,Education,Nigeria,Enterprise,Sales Team,3388.56,1,1,15.0
M00336,2025-03-23,Healthcare,Nigeria,Enterprise,Partnership,3539.97,1,1,0.0
M00337,2025-03-11,SaaS,Kenya,SME,Referral,5391.1,1,0,15.0
M00338,2024-05-19,Gaming,Ghana,Mid-Market,Organic,1467.44,1,1,12.0
M00339,2025-04-29,Logistics,South Africa,Mid-Market,Organic,5095.69,1,1,4.0
M00340,2024-07-31,E-commerce,South Africa,Enterprise,Paid Ads,1209.96,1,1,4.0
M00341,2024-04-30,Hospitality,Nigeria,Mid-Market,Referral,5303.0,1,1,3.0
M00342,2024-01-15,Healthcare,Nigeria,Enterprise,Paid Ads,1632.18,1,1,5.0
M00343,2025-02-09,Retail,Ghana,SME,Paid Ads,10076.13,0,1,
M00344,2025-04-14,Gaming,Ghana,Enterprise,Sales Team,9830.54,1,1,5.0
M00345,2024-08-17,E-commerce,Nigeria,SME,Paid Ads,2101.83,1,1,3.0
M00346,2024-04-20,Retail,South Africa,SME,Paid Ads,10818.89,1,1,23.0
M00347,2024-05-01,Education,Nigeria,SME,Referral,5774.01,1,0,19.0
M00348,2024-08-02,Gaming,Nigeria,SME,Sales Team,7124.47,1,1,4.0
M00349,2024-11-01,E-commerce,Ghana,Enterprise,Referral,1169.09,1,1,4.0
M00350,2024-05-29,Hospitality,Nigeria,Enterprise,Paid Ads,4732.83,1,1,6.0
M00351,2024-05-03,Hospitality,Ghana,Enterprise,Organic,904.64,0,0,
M00352,2024-09-25,Healthcare,Nigeria,Enterprise,Partnership,4055.62,1,1,5.0
M00353,2024-09-16,E-commerce,South Africa,Mid-Market,Organic,9116.59,1,1,19.0
M00354,2024-11-21,Hospitality,Kenya,Mid-Market,Organic,5748.27,1,1,4.0
M00355,2024-07-01,SaaS,Kenya,SME,Organic,678.52,1,0,5.0
M00356,2025-01-30,Healthcare,Ghana,SME,Paid Ads,8366.84,1,1,6.0
M00357,2024-10-06,Healthcare,Ghana,Enterprise,Sales Team,10322.57,1,1,7.0
M00358,2024-12-22,Gaming,Ghana,SME,Organic,1226.27,1,0,10.0
M00359,2025-01-01,Gaming,Nigeria,Mid-Market,Referral,2834.62,1,0,7.0
M00360,2024-01-23,Logistics,Nigeria,Mid-Market,Paid Ads,1473.25,1,0,2.0
M00361,2024-09-20,Hospitality,South Africa,Mid-Market,Organic,1752.32,1,0,7.0
M00362,2025-01-20,Logistics,Kenya,Mid-Market,Organic,1182.83,1,0,8.0
M00363,2025-03-19,Healthcare,Kenya,SME,Paid Ads,4850.83,1,0,8.0
M00364,2024-08-11,Hospitality,South Africa,Mid-Market,Paid Ads,1478.72,1,1,13.0
M00365,2025-05-13,Retail,South Africa,Enterprise,Sales Team,914.29,1,0,9.0
M00366,2024-07-07,Education,Nigeria,Enterprise,Sales Team,1651.38,0,1,
M00367,2024-02-10,Hospitality,Ghana,Enterprise,Paid Ads,3878.48,1,1,6.0
M00368,2024-06-13,SaaS,Nigeria,Mid-Market,Paid Ads,2627.0,1,0,14.0
M00369,2024-06-05,Gaming,South Africa,SME,Sales Team,1260.69,1,1,8.0
M00370,2024-06-28,Gaming,Nigeria,Enterprise,Paid Ads,197.57,0,0,
M00371,2024-11-10,Hospitality,Kenya,Enterprise,Organic,8398.96,1,1,1.0
M00372,2024-02-08,Hospitality,Kenya,Enterprise,Referral,1928.18,1,0,8.0
M00373,2025-05-02,E-commerce,Ghana,Enterprise,Sales Team,820.11,1,0,3.0
M00374,2024-01-18,Retail,Nigeria,SME,Paid Ads,2635.22,1,0,8.0
M00375,2024-07-04,Hospitality,Nigeria,Enterprise,Referral,3178.19,1,1,0.0
M00376,2024-12-13,Gaming,Kenya,Mid-Market,Sales Team,4165.74,1,1,3.0
M00377,2025-01-25,SaaS,Ghana,Enterprise,Paid Ads,488.7,1,0,3.0
M00378,2024-07-22,Healthcare,Kenya,SME,Organic,2306.62,1,1,9.0
M00379,2024-01-14,Retail,South Africa,Enterprise,Sales Team,6568.39,1,1,15.0
M00380,2025-04-12,SaaS,Kenya,Mid-Market,Sales Team,2541.51,1,0,11.0
M00381,2024-04-19,Education,South Africa,SME,Organic,2844.24,1,0,5.0
M00382,2024-03-10,SaaS,South Africa,SME,Sales Team,3396.26,1,0,1.0
M00383,2024-02-14,Healthcare,Kenya,Enterprise,Organic,7266.05,1,0,16.0
M00384,2024-10-08,Education,Kenya,SME,Referral,7435.13,1,1,16.0
M00385,2025-02-10,Healthcare,Ghana,SME,Referral,1656.32,1,1,23.0
M00386,2025-02-09,Retail,Ghana,Mid-Market,Organic,1351.36,1,1,11.0
M00387,2024-07-03,Healthcare,South Africa,Enterprise,Referral,3103.43,1,1,14.0
M00388,2024-11-09,SaaS,Nigeria,Mid-Market,Sales Team,6008.98,1,1,0.0
M00389,2025-01-02,Gaming,South Africa,Mid-Market,Partnership,1898.31,1,1,11.0
M00390,2024-02-07,Retail,Kenya,Enterprise,Organic,6632.46,1,1,0.0
M00391,2024-08-18,Gaming,Kenya,SME,Partnership,2338.48,0,1,
M00392,2024-11-23,Retail,Ghana,Mid-Market,Partnership,3880.17,1,1,5.0
M00393,2025-04-11,E-commerce,Nigeria,Enterprise,Referral,5770.92,1,1,4.0
M00394,2024-06-04,Retail,Ghana,Mid-Market,Referral,1871.77,1,1,1.0
M00395,2024-06-26,Education,Nigeria,Mid-Market,Referral,5370.77,1,0,12.0
M00396,2024-11-21,Education,Ghana,Enterprise,Paid Ads,11038.65,1,0,12.0
M00397,2024-11-10,SaaS,Ghana,Enterprise,Partnership,7059.1,1,1,8.0
M00398,2024-03-19,Retail,Kenya,Enterprise,Organic,2133.37,0,1,
M00399,2025-02-26,E-commerce,Nigeria,SME,Partnership,3105.0,0,1,
M00400,2024-05-15,Logistics,South Africa,Enterprise,Organic,5188.03,1,0,12.0
M00401,2024-09-11,Education,Kenya,Mid-Market,Referral,6194.6,0,0,
M00402,2025-02-16,Hospitality,Kenya,Mid-Market,Organic,4374.44,1,1,4.0
M00403,2024-12-18,E-commerce,Ghana,Mid-Market,Sales Team,450.66,1,1,19.0
M00404,2024-09-04,Gaming,Ghana,Mid-Market,Partnership,6438.32,1,1,6.0
M00405,2024-03-14,Healthcare,Kenya,Enterprise,Paid Ads,5611.49,1,1,18.0
M00406,2025-05-14,Hospitality,Ghana,Mid-Market,Partnership,3517.5,1,0,4.0
M00407,2024-10-14,SaaS,Kenya,SME,Sales Team,4065.9,1,1,14.0
M00408,2024-03-03,Education,South Africa,SME,Referral,91.84,1,1,11.0
M00409,2024-02-19,E-commerce,Kenya,Mid-Market,Partnership,6183.45,1,0,12.0
M00410,2024-08-02,Logistics,Ghana,Mid-Market,Partnership,9613.77,1,1,9.0
M00411,2025-01-04,Healthcare,Ghana,SME,Sales Team,2713.75,1,1,12.0
M00412,2024-09-20,Gaming,South Africa,Mid-Market,Sales Team,13436.98,0,1,
M00413,2024-01-12,SaaS,South Africa,Enterprise,Sales Team,1990.12,1,1,8.0
M00414,2025-05-09,Logistics,Ghana,Enterprise,Paid Ads,2796.5,1,0,7.0
M00415,2024-01-25,E-commerce,Kenya,Mid-Market,Partnership,3550.75,1,1,0.0
M00416,2025-03-27,Gaming,Kenya,Enterprise,Organic,6990.69,1,1,0.0
M00417,2025-03-09,SaaS,South Africa,SME,Paid Ads,2936.73,1,1,4.0
M00418,2025-01-07,Healthcare,South Africa,Mid-Market,Organic,3607.89,1,1,12.0
M00419,2024-07-24,E-commerce,Ghana,Mid-Market,Partnership,1818.4,1,0,0.0
M00420,2024-05-27,SaaS,South Africa,Enterprise,Sales Team,5750.43,1,0,0.0
M00421,2025-01-26,Education,Nigeria,SME,Organic,2235.17,1,0,17.0
M00422,2024-07-20,Healthcare,Kenya,Enterprise,Paid Ads,1818.6,1,1,8.0
M00423,2025-01-21,Retail,Ghana,Enterprise,Partnership,2817.37,1,1,10.0
M00424,2024-07-24,E-commerce,Nigeria,SME,Referral,4837.52,1,1,2.0
M00425,2024-12-31,Healthcare,South Africa,Enterprise,Sales Team,3085.2,1,1,6.0
M00426,2024-03-17,Retail,Kenya,Enterprise,Paid Ads,3382.24,0,1,
M00427,2024-03-24,Hospitality,Kenya,Enterprise,Paid Ads,3621.56,1,1,1.0
M00428,2024-09-16,Gaming,Kenya,Mid-Market,Organic,2230.05,1,1,24.0
M00429,2024-07-07,Healthcare,Nigeria,Mid-Market,Partnership,1559.76,1,1,15.0
M00430,2024-06-06,E-commerce,South Africa,Mid-Market,Partnership,1755.25,1,0,19.0
M00431,2024-10-22,Logistics,Nigeria,Enterprise,Sales Team,2728.5,1,0,16.0
M00432,2024-03-28,Hospitality,Ghana,Enterprise,Referral,1844.76,1,0,0.0
M00433,2024-01-17,SaaS,Ghana,SME,Sales Team,7170.85,1,1,14.0
M00434,2024-06-09,Hospitality,Ghana,Mid-Market,Referral,2341.46,1,1,2.0
M00435,2024-07-29,Gaming,Nigeria,Enterprise,Referral,2821.78,1,1,4.0
M00436,2024-09-22,Logistics,Kenya,Enterprise,Sales Team,7816.59,1,0,0.0
M00437,2024-09-26,Hospitality,Kenya,SME,Sales Team,1649.47,0,1,
M00438,2025-04-12,Healthcare,Kenya,Enterprise,Paid Ads,3076.53,1,1,10.0
M00439,2024-11-08,Gaming,Ghana,SME,Paid Ads,2708.78,1,1,10.0
M00440,2024-10-12,Education,Ghana,Mid-Market,Paid Ads,9399.23,0,1,
M00441,2024-12-26,Logistics,South Africa,Mid-Market,Sales Team,4381.73,1,0,15.0
M00442,2024-06-27,Education,Kenya,SME,Partnership,780.08,1,0,0.0
M00443,2024-12-12,Hospitality,South Africa,Mid-Market,Referral,13051.06,1,1,18.0
M00444,2024-05-28,E-commerce,Kenya,Enterprise,Organic,1548.53,1,1,1.0
M00445,2024-06-26,Gaming,Kenya,Enterprise,Sales Team,5661.35,1,1,0.0
M00446,2024-04-19,Logistics,Kenya,Enterprise,Paid Ads,13722.02,1,1,6.0
M00447,2024-03-11,SaaS,Ghana,SME,Organic,7060.64,0,0,
M00448,2024-12-08,Logistics,Ghana,SME,Organic,3256.11,1,1,19.0
M00449,2024-07-30,Healthcare,South Africa,SME,Referral,4032.35,1,0,4.0
M00450,2024-01-03,Retail,South Africa,Enterprise,Sales Team,2483.8,1,1,10.0
M00451,2024-09-01,Logistics,Kenya,Mid-Market,Paid Ads,4404.88,1,0,9.0
M00452,2024-11-26,E-commerce,Nigeria,Enterprise,Partnership,818.16,1,1,7.0
M00453,2024-04-28,E-commerce,Ghana,Mid-Market,Referral,300.87,1,1,2.0
M00454,2025-04-23,E-commerce,South Africa,Mid-Market,Referral,7464.13,1,0,26.0
M00455,2025-04-24,Education,Nigeria,SME,Paid Ads,2849.33,1,0,5.0
M00456,2024-10-17,SaaS,Kenya,Mid-Market,Sales Team,2996.16,1,0,7.0
M00457,2024-11-24,Gaming,Ghana,Enterprise,Sales Team,3285.26,1,0,14.0
M00458,2024-05-19,Logistics,Nigeria,Mid-Market,Referral,2382.91,1,0,5.0
M00459,2025-01-09,Gaming,Kenya,Enterprise,Referral,6449.6,1,1,3.0
M00460,2024-01-08,Healthcare,Kenya,Enterprise,Referral,4847.85,1,0,11.0
M00461,2024-03-30,Hospitality,South Africa,Enterprise,Paid Ads,7441.86,1,0,12.0
M00462,2024-02-14,Hospitality,Nigeria,SME,Referral,1632.35,1,1,12.0
M00463,2024-09-01,Healthcare,Ghana,SME,Paid Ads,1677.38,1,1,7.0
M00464,2024-07-15,Logistics,South Africa,Mid-Market,Paid Ads,2599.73,0,1,
M00465,2024-06-03,E-commerce,Kenya,Enterprise,Paid Ads,1637.41,1,1,8.0
M00466,2024-12-20,Logistics,Nigeria,Enterprise,Organic,1816.39,1,1,7.0
M00467,2024-08-26,Education,Ghana,Mid-Market,Partnership,2857.5,1,1,12.0
M00468,2025-04-17,Education,Nigeria,Enterprise,Paid Ads,3393.43,1,1,8.0
M00469,2024-07-07,Logistics,Ghana,SME,Sales Team,3830.92,1,1,0.0
M00470,2024-03-19,Gaming,Kenya,Mid-Market,Partnership,5788.25,1,1,1.0
M00471,2025-04-12,Gaming,Ghana,SME,Partnership,16741.79,1,0,14.0
M00472,2025-03-23,SaaS,South Africa,Enterprise,Paid Ads,3261.35,1,1,0.0
M00473,2024-02-09,SaaS,Nigeria,Enterprise,Partnership,7146.46,1,1,3.0
M00474,2024-04-13,Retail,Ghana,Mid-Market,Partnership,1314.47,1,1,13.0
M00475,2024-08-14,SaaS,Ghana,Enterprise,Partnership,1558.28,1,1,12.0
M00476,2024-09-07,SaaS,South Africa,SME,Sales Team,2225.03,1,1,12.0
M00477,2024-03-08,Hospitality,South Africa,Enterprise,Organic,2991.07,1,0,13.0
M00478,2024-10-13,Gaming,Kenya,Enterprise,Organic,3166.94,0,1,
M00479,2024-07-21,Education,Nigeria,Enterprise,Referral,6498.93,1,0,19.0
M00480,2024-10-23,SaaS,Nigeria,Mid-Market,Paid Ads,1283.45,1,0,15.0
M00481,2024-12-24,SaaS,Nigeria,SME,Sales Team,2986.09,1,1,14.0
M00482,2024-01-17,Education,South Africa,SME,Referral,824.83,1,1,5.0
M00483,2025-01-27,Hospitality,Kenya,Mid-Market,Sales Team,2294.66,1,1,6.0
M00484,2025-03-21,Hospitality,South Africa,SME,Partnership,2465.11,1,1,16.0
M00485,2024-03-09,Healthcare,Nigeria,SME,Partnership,715.76,1,0,20.0
M00486,2024-07-20,Retail,Ghana,SME,Organic,6951.41,1,0,12.0
M00487,2025-05-15,Education,South Africa,Enterprise,Partnership,2554.8,1,1,0.0
M00488,2024-08-05,Hospitality,Ghana,SME,Sales Team,553.8,1,1,11.0
M00489,2024-06-26,Retail,Kenya,SME,Organic,2777.24,1,1,8.0
M00490,2024-01-17,Hospitality,Nigeria,SME,Referral,3137.52,1,1,2.0
M00491,2024-02-04,SaaS,Nigeria,Mid-Market,Partnership,3372.26,0,1,
M00492,2024-12-10,E-commerce,Ghana,Enterprise,Organic,9138.45,1,0,8.0
M00493,2024-07-24,Gaming,Ghana,Enterprise,Referral,5106.78,1,1,12.0
M00494,2025-01-21,E-commerce,Ghana,Enterprise,Paid Ads,1760.71,1,1,13.0
M00495,2024-04-29,Healthcare,Kenya,SME,Paid Ads,3466.46,1,1,8.0
M00496,2025-03-24,Retail,Ghana,Mid-Market,Paid Ads,5404.58,1,0,12.0
M00497,2024-05-20,E-commerce,Ghana,Enterprise,Sales Team,636.12,1,1,7.0
M00498,2024-10-11,Gaming,Nigeria,Mid-Market,Sales Team,3468.42,1,1,11.0
M00499,2025-02-06,Healthcare,South Africa,Mid-Market,Referral,2578.45,1,1,5.0
M00500,2024-06-02,Hospitality,Ghana,Enterprise,Sales Team,2467.23,1,1,9.0
M00501,2024-05-03,Logistics,Kenya,Enterprise,Referral,1026.5,1,0,3.0
M00502,2025-02-16,Gaming,Nigeria,Enterprise,Sales Team,5203.85,1,1,9.0
M00503,2025-05-10,Hospitality,Ghana,Mid-Market,Referral,12162.75,1,1,2.0
M00504,2024-05-10,Logistics,Kenya,Enterprise,Organic,3343.16,0,1,
M00505,2025-04-17,Gaming,Kenya,SME,Partnership,2888.92,1,1,0.0
M00506,2025-01-05,Logistics,Nigeria,Mid-Market,Sales Team,2841.4,1,1,16.0
M00507,2024-12-10,E-commerce,Nigeria,SME,Partnership,2343.32,1,0,0.0
M00508,2025-01-05,Logistics,South Africa,SME,Paid Ads,3458.71,1,0,11.0
M00509,2024-06-04,E-commerce,Ghana,SME,Organic,3847.54,1,1,9.0
M00510,2025-01-17,Gaming,Ghana,Enterprise,Partnership,3402.7,1,0,4.0
M00511,2024-12-26,Logistics,South Africa,SME,Partnership,10499.64,1,1,11.0
M00512,2024-06-13,Education,South Africa,Mid-Market,Partnership,3969.41,1,0,6.0
M00513,2024-11-28,Healthcare,Kenya,Mid-Market,Paid Ads,1034.97,1,1,0.0
M00514,2024-09-19,Gaming,South Africa,SME,Sales Team,2951.72,1,0,11.0
M00515,2025-01-24,Healthcare,Ghana,Mid-Market,Paid Ads,2491.07,1,0,2.0
M00516,2024-07-30,E-commerce,Ghana,Enterprise,Referral,1925.35,0,0,
M00517,2024-01-09,Education,South Africa,Mid-Market,Referral,2010.97,1,1,16.0
M00518,2024-04-10,Healthcare,Ghana,Mid-Market,Partnership,7455.3,0,1,
M00519,2025-03-02,Logistics,South Africa,Enterprise,Paid Ads,1082.12,1,1,4.0
M00520,2024-05-11,Gaming,South Africa,Mid-Market,Referral,5598.56,0,1,
M00521,2025-01-10,Healthcare,Ghana,SME,Partnership,5437.97,1,1,5.0
M00522,2024-09-07,Retail,Nigeria,Enterprise,Organic,15809.76,1,1,11.0
M00523,2025-03-05,SaaS,Nigeria,SME,Sales Team,6324.24,1,1,6.0
M00524,2024-03-11,Logistics,Nigeria,Enterprise,Referral,948.57,1,1,10.0
M00525,2024-01-05,Logistics,South Africa,Mid-Market,Organic,3873.85,1,0,0.0
M00526,2024-11-12,Gaming,South Africa,SME,Organic,5634.49,1,1,14.0
M00527,2024-09-29,Hospitality,Nigeria,SME,Partnership,4228.66,1,0,0.0
M00528,2025-01-04,Education,Kenya,SME,Partnership,130.36,1,1,12.0
M00529,2025-02-20,Hospitality,Ghana,SME,Organic,1240.4,0,1,
M00530,2024-09-25,Retail,Ghana,SME,Partnership,7568.09,1,0,1.0
M00531,2024-09-26,Education,Kenya,Mid-Market,Sales Team,7464.8,1,1,12.0
M00532,2024-02-10,Healthcare,South Africa,Mid-Market,Partnership,8701.36,1,1,2.0
M00533,2024-05-04,Logistics,Kenya,Enterprise,Organic,1616.03,1,1,0.0
M00534,2024-11-30,E-commerce,Nigeria,Mid-Market,Sales Team,684.11,1,0,11.0
M00535,2024-07-12,Gaming,Nigeria,Enterprise,Organic,11597.29,1,1,12.0
M00536,2024-12-25,Retail,Nigeria,Mid-Market,Sales Team,19536.63,0,0,
M00537,2024-11-26,Healthcare,Nigeria,Enterprise,Organic,4790.74,1,1,9.0
M00538,2024-04-27,Logistics,South Africa,Mid-Market,Organic,4931.12,1,1,4.0
M00539,2025-04-18,SaaS,Kenya,Enterprise,Partnership,5776.15,1,0,10.0
M00540,2024-12-02,E-commerce,Ghana,Mid-Market,Organic,3143.72,1,0,0.0
M00541,2025-05-07,Logistics,Ghana,Enterprise,Sales Team,3151.86,1,0,6.0
M00542,2025-04-20,SaaS,Kenya,SME,Partnership,4650.9,1,0,7.0
M00543,2024-05-03,Hospitality,Kenya,Mid-Market,Referral,3463.51,1,0,11.0
M00544,2025-02-08,SaaS,Kenya,SME,Organic,4077.32,1,0,6.0
M00545,2024-08-11,Logistics,Nigeria,Mid-Market,Partnership,1565.06,1,1,5.0
M00546,2025-01-28,Hospitality,Kenya,SME,Paid Ads,5750.7,1,0,4.0
M00547,2025-02-05,Gaming,South Africa,SME,Paid Ads,3717.44,1,0,5.0
M00548,2024-10-10,Hospitality,South Africa,SME,Partnership,752.16,1,1,15.0
M00549,2024-12-04,Hospitality,Nigeria,Enterprise,Paid Ads,582.76,1,1,4.0
M00550,2025-02-12,Logistics,Nigeria,SME,Paid Ads,2952.54,1,1,11.0
M00551,2024-03-19,Hospitality,Ghana,Enterprise,Sales Team,947.97,1,1,5.0
M00552,2024-06-11,Healthcare,Nigeria,SME,Organic,3418.73,1,1,4.0
M00553,2025-04-27,Education,South Africa,Mid-Market,Paid Ads,1733.41,0,1,
M00554,2024-02-22,Retail,Nigeria,SME,Sales Team,1463.26,1,0,0.0
M00555,2024-08-17,Hospitality,Nigeria,SME,Organic,3013.54,1,1,0.0
M00556,2024-06-30,SaaS,Kenya,Mid-Market,Organic,3811.04,1,0,3.0
M00557,2024-05-29,Hospitality,South Africa,SME,Partnership,3869.23,0,1,
M00558,2025-04-08,Logistics,Ghana,Enterprise,Sales Team,5897.91,1,1,3.0
M00559,2024-03-27,Retail,Kenya,Mid-Market,Paid Ads,5328.8,1,1,1.0
M00560,2024-09-09,Retail,Nigeria,SME,Sales Team,731.84,0,1,
M00561,2024-05-21,Hospitality,Kenya,Mid-Market,Organic,2808.66,0,0,
M00562,2024-07-03,Education,Ghana,Enterprise,Sales Team,2775.44,1,0,9.0
M00563,2024-10-31,Logistics,South Africa,SME,Referral,3057.87,1,1,7.0
M00564,2024-06-04,E-commerce,South Africa,Mid-Market,Partnership,3272.89,1,0,10.0
M00565,2024-07-13,Healthcare,South Africa,Mid-Market,Sales Team,668.95,1,0,6.0
M00566,2025-02-21,Retail,Kenya,Mid-Market,Partnership,10198.72,1,1,5.0
M00567,2025-04-30,Logistics,South Africa,Mid-Market,Referral,4349.41,1,0,16.0
M00568,2025-05-08,Hospitality,Kenya,Mid-Market,Sales Team,1483.21,1,1,11.0
M00569,2025-05-10,Logistics,Kenya,Mid-Market,Paid Ads,9483.63,1,0,3.0
M00570,2025-02-22,Hospitality,Kenya,SME,Partnership,6627.49,0,0,
M00571,2024-04-12,Retail,Nigeria,Enterprise,Sales Team,3896.23,1,0,0.0
M00572,2025-04-27,Logistics,South Africa,Mid-Market,Organic,3432.25,1,0,3.0
M00573,2025-02-23,Hospitality,South Africa,SME,Paid Ads,574.38,0,1,
M00574,2024-05-03,Education,Ghana,Enterprise,Sales Team,2772.07,1,0,9.0
M00575,2025-02-08,Hospitality,Nigeria,Mid-Market,Partnership,660.23,1,0,16.0
M00576,2024-09-02,Hospitality,South Africa,Enterprise,Organic,355.95,0,1,
M00577,2025-02-08,Healthcare,Nigeria,SME,Referral,3343.91,1,1,3.0
M00578,2024-12-02,Healthcare,Ghana,Enterprise,Partnership,2215.33,0,1,
M00579,2024-01-23,Hospitality,Kenya,Mid-Market,Organic,4940.11,1,1,16.0
M00580,2024-01-06,SaaS,Kenya,SME,Partnership,2548.99,1,0,1.0
M00581,2025-01-17,Logistics,South Africa,Mid-Market,Sales Team,296.15,1,1,4.0
M00582,2024-08-25,Retail,Kenya,SME,Sales Team,4960.88,1,0,11.0
M00583,2024-02-23,Education,South Africa,SME,Organic,5514.61,1,1,6.0
M00584,2025-03-01,Retail,Kenya,Mid-Market,Paid Ads,3806.5,1,1,8.0
M00585,2024-08-21,Logistics,South Africa,Mid-Market,Sales Team,3805.39,1,0,25.0
M00586,2024-02-19,Gaming,South Africa,Mid-Market,Organic,4711.89,1,1,8.0
M00587,2024-06-02,E-commerce,Nigeria,SME,Paid Ads,3631.25,1,1,2.0
M00588,2024-11-27,SaaS,Ghana,Enterprise,Referral,1816.38,1,1,18.0
M00589,2024-09-21,Retail,Ghana,Mid-Market,Partnership,849.35,1,1,0.0
M00590,2024-08-06,Gaming,Ghana,Mid-Market,Referral,6727.15,1,1,11.0
M00591,2024-04-05,Hospitality,South Africa,SME,Partnership,6996.82,1,1,20.0
M00592,2025-03-28,Logistics,South Africa,Enterprise,Sales Team,4253.43,1,1,14.0
M00593,2024-07-18,E-commerce,Ghana,SME,Paid Ads,2539.45,1,1,13.0
M00594,2025-01-20,SaaS,Nigeria,Enterprise,Referral,6077.44,1,1,3.0
M00595,2024-07-06,Healthcare,Ghana,Mid-Market,Organic,3216.72,1,1,6.0
M00596,2024-05-14,Gaming,Kenya,Enterprise,Sales Team,4111.71,1,0,3.0
M00597,2024-11-08,Hospitality,Nigeria,Mid-Market,Paid Ads,327.52,1,0,18.0
M00598,2025-03-08,Gaming,Ghana,Enterprise,Paid Ads,1664.97,1,1,6.0
M00599,2025-04-15,SaaS,Ghana,Mid-Market,Organic,2670.95,1,0,7.0
M00600,2024-05-02,Education,Nigeria,SME,Paid Ads,6399.9,0,1,
M00601,2024-12-21,Retail,South Africa,Mid-Market,Partnership,456.57,1,1,6.0
M00602,2024-03-11,Hospitality,South Africa,SME,Sales Team,2873.97,1,1,11.0
M00603,2024-11-21,Retail,Ghana,Mid-Market,Paid Ads,5314.41,1,0,4.0
M00604,2024-03-12,Retail,Kenya,Mid-Market,Partnership,4075.87,1,0,1.0
M00605,2024-01-28,Healthcare,Nigeria,Mid-Market,Referral,5503.31,1,1,17.0
M00606,2024-04-09,Hospitality,South Africa,Mid-Market,Sales Team,6947.5,1,1,12.0
M00607,2024-07-31,Gaming,South Africa,SME,Organic,4159.22,1,1,17.0
M00608,2024-10-16,E-commerce,Ghana,Mid-Market,Organic,5795.51,1,1,10.0
M00609,2024-05-20,Logistics,Kenya,SME,Sales Team,10527.18,1,1,9.0
M00610,2024-10-16,Gaming,Nigeria,Enterprise,Organic,1734.1,1,1,6.0
M00611,2024-05-17,Healthcare,Nigeria,Enterprise,Sales Team,1854.88,0,1,
M00612,2024-10-06,Logistics,South Africa,SME,Referral,2360.32,1,0,14.0
M00613,2024-06-01,E-commerce,South Africa,Mid-Market,Paid Ads,6200.79,1,1,1.0
M00614,2025-03-17,SaaS,South Africa,SME,Referral,1994.16,1,1,3.0
M00615,2024-04-17,Healthcare,South Africa,SME,Partnership,1056.28,1,1,13.0
M00616,2024-03-12,Logistics,Ghana,SME,Partnership,8579.57,1,0,2.0
M00617,2024-06-28,Education,Ghana,Mid-Market,Paid Ads,705.59,1,1,10.0
M00618,2024-05-28,Education,Nigeria,SME,Sales Team,2634.23,1,1,12.0
M00619,2025-04-15,E-commerce,Kenya,Enterprise,Referral,732.74,1,0,10.0
M00620,2024-12-25,Retail,Ghana,SME,Paid Ads,1646.8,1,0,14.0
M00621,2025-02-28,Logistics,South Africa,Mid-Market,Referral,2742.0,1,0,1.0
M00622,2024-10-22,Education,South Africa,Mid-Market,Sales Team,5275.78,1,0,0.0
M00623,2024-02-08,SaaS,South Africa,Enterprise,Paid Ads,8076.66,1,1,11.0
M00624,2024-12-21,Healthcare,South Africa,Mid-Market,Paid Ads,11742.44,1,0,14.0
M00625,2024-10-24,E-commerce,Nigeria,Enterprise,Sales Team,3395.43,1,1,8.0
M00626,2024-11-21,Healthcare,Nigeria,Enterprise,Sales Team,2099.3,1,0,0.0
M00627,2024-04-21,Hospitality,Ghana,Mid-Market,Paid Ads,4375.56,0,0,
M00628,2024-06-14,Education,Kenya,Enterprise,Partnership,319.77,0,0,
M00629,2024-03-07,Gaming,Kenya,Enterprise,Organic,3662.62,1,0,4.0
M00630,2024-01-24,SaaS,South Africa,SME,Organic,2936.17,1,0,11.0
M00631,2025-04-20,Retail,South Africa,Mid-Market,Organic,8135.23,1,0,14.0
M00632,2025-05-05,Hospitality,Ghana,Enterprise,Referral,4393.68,1,1,0.0
M00633,2025-03-27,Education,Ghana,Mid-Market,Organic,4297.68,1,0,5.0
M00634,2024-12-01,Healthcare,Kenya,SME,Paid Ads,4797.4,1,1,13.0
M00635,2024-12-06,Retail,Nigeria,Mid-Market,Paid Ads,139.12,0,1,
M00636,2025-01-06,Logistics,South Africa,Enterprise,Organic,3738.92,1,1,6.0
M00637,2024-12-26,SaaS,Nigeria,SME,Sales Team,3146.02,1,1,12.0
M00638,2024-02-09,Retail,Ghana,Enterprise,Sales Team,4265.96,1,0,5.0
M00639,2024-01-05,E-commerce,Kenya,SME,Sales Team,5237.29,1,0,12.0
M00640,2024-12-21,Retail,South Africa,SME,Referral,4135.56,1,0,3.0
M00641,2024-07-15,SaaS,Nigeria,SME,Paid Ads,2169.81,1,1,8.0
M00642,2024-07-07,Education,Ghana,Mid-Market,Referral,1891.98,1,0,6.0
M00643,2024-11-24,Retail,Nigeria,Enterprise,Partnership,2219.2,1,1,6.0
M00644,2024-01-05,Retail,South Africa,Mid-Market,Referral,586.93,1,0,6.0
M00645,2024-11-17,Retail,South Africa,Enterprise,Sales Team,2226.99,1,1,5.0
M00646,2025-03-16,Logistics,Nigeria,SME,Referral,2446.55,1,0,5.0
M00647,2025-01-20,SaaS,South Africa,Mid-Market,Sales Team,3252.81,1,1,9.0
M00648,2024-06-10,Retail,Ghana,Mid-Market,Organic,3981.78,1,0,2.0
M00649,2024-05-07,Education,Nigeria,Enterprise,Paid Ads,3092.87,1,1,1.0
M00650,2024-04-15,Logistics,South Africa,Mid-Market,Organic,1113.28,1,1,0.0
M00651,2025-02-05,Logistics,South Africa,Mid-Market,Organic,4739.38,1,0,0.0
M00652,2024-05-03,Gaming,Nigeria,Enterprise,Organic,1115.15,1,0,10.0
M00653,2024-07-03,Healthcare,Ghana,Mid-Market,Partnership,7700.52,1,1,5.0
M00654,2024-08-03,Healthcare,Ghana,Mid-Market,Organic,2150.99,1,1,7.0
M00655,2024-01-09,SaaS,Nigeria,Mid-Market,Referral,11063.08,1,1,0.0
M00656,2024-01-21,E-commerce,South Africa,Enterprise,Paid Ads,321.59,1,1,17.0
M00657,2024-11-17,Hospitality,South Africa,Enterprise,Sales Team,2032.35,1,1,13.0
M00658,2024-02-12,Retail,Kenya,SME,Paid Ads,4415.09,1,0,2.0
M00659,2024-02-10,Logistics,Ghana,Enterprise,Paid Ads,7570.71,1,1,6.0
M00660,2024-07-19,SaaS,Kenya,Enterprise,Sales Team,4481.37,1,1,4.0
M00661,2025-01-08,Logistics,Nigeria,SME,Organic,4503.57,1,1,10.0
M00662,2025-04-18,Hospitality,Nigeria,Mid-Market,Partnership,4158.05,1,1,6.0
M00663,2024-11-07,E-commerce,Kenya,Enterprise,Referral,326.85,1,1,10.0
M00664,2024-03-02,E-commerce,Ghana,Enterprise,Organic,1909.89,1,0,4.0
M00665,2024-03-24,Gaming,Kenya,Enterprise,Partnership,1999.11,1,1,3.0
M00666,2025-02-04,Education,Ghana,Mid-Market,Referral,7366.04,1,1,10.0
M00667,2025-01-18,Education,Nigeria,SME,Paid Ads,3711.52,1,1,5.0
M00668,2025-02-17,Hospitality,Kenya,Enterprise,Organic,303.53,0,1,
M00669,2024-05-14,SaaS,South Africa,Mid-Market,Partnership,10063.89,1,1,0.0
M00670,2024-07-03,E-commerce,South Africa,Enterprise,Referral,2613.9,1,1,0.0
M00671,2024-07-07,Retail,Kenya,SME,Partnership,5671.16,1,1,0.0
M00672,2024-12-11,SaaS,Ghana,Enterprise,Partnership,1984.3,1,0,16.0
M00673,2024-01-02,E-commerce,Nigeria,SME,Organic,10747.13,1,1,12.0
M00674,2024-08-29,Healthcare,South Africa,SME,Referral,3702.06,1,1,17.0
M00675,2025-04-21,E-commerce,South Africa,SME,Paid Ads,4027.95,1,1,8.0
M00676,2024-05-07,Hospitality,Kenya,Mid-Market,Organic,7258.01,1,1,0.0
M00677,2024-10-19,Healthcare,Nigeria,Enterprise,Organic,1524.14,0,0,
M00678,2024-04-01,Logistics,Nigeria,Mid-Market,Organic,6458.33,0,1,
M00679,2025-03-25,Gaming,Kenya,Mid-Market,Paid Ads,2775.08,1,1,4.0
M00680,2024-02-14,Gaming,Nigeria,Mid-Market,Referral,1152.47,1,1,5.0
M00681,2024-05-29,Education,Ghana,Mid-Market,Paid Ads,1161.4,1,1,9.0
M00682,2024-10-29,Gaming,Ghana,Enterprise,Partnership,631.13,0,1,
M00683,2025-01-24,Logistics,Ghana,SME,Sales Team,4689.29,1,0,8.0
M00684,2024-01-13,Logistics,Kenya,Enterprise,Organic,5257.96,1,0,17.0
M00685,2025-05-01,Healthcare,Nigeria,Enterprise,Sales Team,7209.28,1,0,1.0
M00686,2025-03-10,Education,Nigeria,SME,Partnership,1607.03,1,1,1.0
M00687,2024-05-01,Hospitality,South Africa,SME,Referral,496.04,1,0,0.0
M00688,2024-12-30,Education,Nigeria,SME,Referral,1084.72,1,1,9.0
M00689,2025-04-04,Hospitality,Kenya,Mid-Market,Organic,7776.64,1,0,6.0
M00690,2024-10-24,SaaS,Ghana,Enterprise,Sales Team,1590.87,0,0,
M00691,2024-02-08,E-commerce,South Africa,Enterprise,Referral,1418.19,1,0,0.0
M00692,2024-05-01,Education,Kenya,Mid-Market,Sales Team,1489.45,1,0,9.0
M00693,2024-12-24,Healthcare,Kenya,Mid-Market,Paid Ads,5142.22,1,0,17.0
M00694,2024-04-29,SaaS,Ghana,SME,Partnership,5074.01,1,1,0.0
M00695,2024-02-25,Retail,Nigeria,SME,Sales Team,1568.79,1,0,0.0
M00696,2024-08-26,Healthcare,South Africa,SME,Partnership,2765.11,1,0,0.0
M00697,2024-07-02,Logistics,South Africa,Mid-Market,Sales Team,2258.87,1,1,14.0
M00698,2024-05-15,SaaS,Nigeria,SME,Paid Ads,2165.59,1,1,14.0
M00699,2025-02-27,E-commerce,Ghana,Mid-Market,Referral,2094.79,1,1,0.0
M00700,2024-02-16,Logistics,Kenya,Mid-Market,Partnership,2427.44,1,1,0.0
M00701,2024-01-26,Education,Kenya,SME,Organic,2182.68,0,0,
M00702,2025-05-02,Hospitality,South Africa,Enterprise,Partnership,3765.37,1,1,8.0
M00703,2024-05-07,SaaS,South Africa,SME,Referral,1414.27,1,1,8.0
M00704,2024-03-03,E-commerce,Nigeria,SME,Referral,2827.82,0,0,
M00705,2024-04-11,Hospitality,Kenya,Enterprise,Organic,2538.32,1,1,14.0
M00706,2024-10-25,Education,Nigeria,SME,Organic,2641.89,1,1,5.0
M00707,2024-04-11,Gaming,Ghana,SME,Paid Ads,3889.4,1,0,4.0
M00708,2024-03-03,E-commerce,South Africa,SME,Referral,2634.24,1,1,0.0
M00709,2025-04-18,Hospitality,South Africa,Mid-Market,Organic,3381.07,1,1,18.0
M00710,2024-07-14,Hospitality,Ghana,Mid-Market,Referral,8554.0,1,0,16.0
M00711,2025-04-10,Retail,Kenya,Mid-Market,Sales Team,10575.92,1,1,3.0
M00712,2025-03-28,Retail,Nigeria,Enterprise,Partnership,7736.31,1,1,8.0
M00713,2024-11-11,Logistics,Kenya,Mid-Market,Sales Team,4199.52,1,1,6.0
M00714,2025-03-27,Gaming,Nigeria,SME,Paid Ads,537.77,1,1,12.0
M00715,2024-07-15,Retail,South Africa,SME,Partnership,4538.38,1,1,7.0
M00716,2024-05-07,E-commerce,South Africa,Enterprise,Paid Ads,2252.46,1,0,16.0
M00717,2024-09-02,Gaming,Kenya,Enterprise,Partnership,9663.64,0,1,
M00718,2024-06-13,Hospitality,Kenya,SME,Organic,4614.58,1,0,14.0
M00719,2024-06-12,Logistics,Nigeria,Mid-Market,Organic,1143.47,1,1,1.0
M00720,2025-02-18,Gaming,Kenya,Enterprise,Referral,1600.11,1,0,6.0
M00721,2025-05-13,Retail,Nigeria,SME,Referral,2234.18,1,1,6.0
M00722,2024-05-16,E-commerce,Ghana,Enterprise,Sales Team,2458.63,1,0,4.0
M00723,2024-06-30,Retail,Ghana,SME,Partnership,2187.62,0,1,
M00724,2024-06-11,Healthcare,Nigeria,Enterprise,Paid Ads,3127.24,1,1,5.0
M00725,2025-04-30,Retail,Ghana,Mid-Market,Partnership,3237.26,1,0,7.0
M00726,2024-06-07,Retail,South Africa,SME,Organic,4293.44,1,0,0.0
M00727,2024-01-29,Logistics,Ghana,SME,Partnership,305.28,1,0,13.0
M00728,2024-09-01,E-commerce,Kenya,Enterprise,Referral,5326.82,1,0,4.0
M00729,2025-02-16,Retail,Kenya,Enterprise,Referral,1512.83,1,0,7.0
M00730,2025-04-15,Healthcare,Nigeria,SME,Referral,1705.94,1,1,12.0
M00731,2024-10-27,Retail,Nigeria,Enterprise,Paid Ads,646.37,1,1,1.0
M00732,2025-05-06,SaaS,Kenya,Enterprise,Sales Team,5538.78,1,1,11.0
M00733,2024-10-27,SaaS,Kenya,Mid-Market,Paid Ads,547.59,1,1,1.0
M00734,2024-03-10,Retail,South Africa,Enterprise,Sales Team,1570.18,1,1,17.0
M00735,2024-11-28,Healthcare,Ghana,Enterprise,Partnership,1743.55,1,1,1.0
M00736,2024-12-21,Healthcare,Ghana,Enterprise,Partnership,6529.6,1,0,11.0
M00737,2025-02-21,Retail,South Africa,Mid-Market,Paid Ads,8084.31,1,1,3.0
M00738,2024-03-06,Retail,Nigeria,Enterprise,Partnership,7122.46,1,1,11.0
M00739,2024-07-19,E-commerce,Ghana,Enterprise,Paid Ads,1979.39,1,1,21.0
M00740,2025-04-16,Logistics,Nigeria,Mid-Market,Referral,3904.66,1,1,14.0
M00741,2024-06-18,SaaS,Ghana,Mid-Market,Paid Ads,3940.86,0,0,
M00742,2024-03-26,SaaS,Kenya,Mid-Market,Organic,5356.55,1,0,15.0
M00743,2024-05-15,Logistics,Ghana,Enterprise,Organic,6240.51,1,1,3.0
M00744,2024-06-28,Education,Nigeria,Enterprise,Organic,9526.66,1,1,10.0
M00745,2024-01-25,Hospitality,South Africa,Enterprise,Sales Team,1772.42,1,1,13.0
M00746,2025-05-11,Retail,South Africa,Mid-Market,Sales Team,1651.71,1,1,12.0
M00747,2024-06-28,Hospitality,Nigeria,Mid-Market,Partnership,1590.03,1,1,12.0
M00748,2024-11-29,Logistics,Ghana,Mid-Market,Organic,7712.83,0,1,
M00749,2025-02-13,E-commerce,Kenya,SME,Paid Ads,11104.97,1,1,1.0
M00750,2024-05-13,SaaS,Nigeria,Mid-Market,Referral,3536.51,1,1,9.0
M00751,2025-03-30,Hospitality,Ghana,Enterprise,Organic,17578.81,1,1,8.0
M00752,2024-10-07,SaaS,Kenya,Enterprise,Partnership,2752.38,1,1,11.0
M00753,2025-04-02,Gaming,Nigeria,Mid-Market,Referral,469.48,1,0,9.0
M00754,2024-11-06,Hospitality,Ghana,SME,Organic,7412.44,0,0,
M00755,2024-06-18,Logistics,Ghana,Mid-Market,Partnership,1536.7,1,1,14.0
M00756,2025-01-04,Education,Kenya,Mid-Market,Referral,7337.03,1,1,3.0
M00757,2024-02-19,E-commerce,South Africa,Enterprise,Partnership,3967.35,1,1,0.0
M00758,2025-03-06,Gaming,Ghana,SME,Paid Ads,2450.44,1,0,11.0
M00759,2024-01-02,Hospitality,Nigeria,Mid-Market,Partnership,7359.63,1,1,9.0
M00760,2024-09-02,Logistics,Nigeria,SME,Referral,3595.92,1,1,8.0
M00761,2024-03-28,Education,Nigeria,Mid-Market,Organic,2551.56,1,1,2.0
M00762,2024-06-06,Hospitality,South Africa,Mid-Market,Paid Ads,3252.63,1,1,6.0
M00763,2024-02-16,Hospitality,Ghana,Mid-Market,Sales Team,7837.01,1,0,9.0
M00764,2024-07-08,Retail,South Africa,SME,Paid Ads,7517.28,1,1,10.0
M00765,2024-08-13,Gaming,Kenya,SME,Paid Ads,3924.52,1,1,14.0
M00766,2024-10-15,E-commerce,Ghana,Enterprise,Organic,3333.03,1,0,1.0
M00767,2024-02-13,Healthcare,South Africa,Enterprise,Referral,12141.4,1,1,14.0
M00768,2024-10-10,E-commerce,South Africa,Enterprise,Sales Team,15237.11,1,1,1.0
M00769,2025-05-09,Gaming,Ghana,Mid-Market,Paid Ads,3865.82,1,1,4.0
M00770,2024-02-10,Hospitality,Nigeria,Enterprise,Partnership,11450.87,1,1,2.0
M00771,2025-04-06,Retail,Nigeria,Mid-Market,Referral,9353.91,1,1,7.0
M00772,2025-04-30,Retail,Ghana,SME,Referral,5130.58,1,1,11.0
M00773,2024-01-22,Hospitality,Nigeria,Enterprise,Sales Team,1323.51,1,0,2.0
M00774,2024-04-13,Retail,Kenya,Mid-Market,Organic,1122.53,1,0,15.0
M00775,2024-02-14,Hospitality,South Africa,Enterprise,Paid Ads,4285.19,1,1,7.0
M00776,2025-03-14,Education,South Africa,SME,Partnership,339.12,1,1,10.0
M00777,2024-10-27,Hospitality,Nigeria,Mid-Market,Referral,515.66,1,0,3.0
M00778,2024-03-16,SaaS,Nigeria,Enterprise,Organic,3798.93,1,1,0.0
M00779,2025-02-06,Education,Kenya,Mid-Market,Paid Ads,8658.33,1,1,11.0
M00780,2024-07-15,Gaming,South Africa,SME,Referral,1200.1,1,1,18.0
M00781,2024-05-21,Hospitality,Ghana,Enterprise,Partnership,12630.77,1,1,5.0
M00782,2024-12-14,Hospitality,Nigeria,Mid-Market,Paid Ads,3833.81,1,1,15.0
M00783,2024-12-19,Logistics,Nigeria,Enterprise,Sales Team,694.46,1,0,16.0
M00784,2025-04-16,Education,Kenya,SME,Paid Ads,1737.04,1,1,3.0
M00785,2025-02-22,Education,Kenya,Mid-Market,Sales Team,13310.28,1,1,9.0
M00786,2025-03-15,SaaS,Ghana,SME,Paid Ads,4996.96,1,1,5.0
M00787,2025-05-13,Gaming,Kenya,Mid-Market,Sales Team,5422.78,1,1,3.0
M00788,2024-11-05,SaaS,Ghana,Mid-Market,Referral,2030.41,1,0,8.0
M00789,2025-04-12,Hospitality,South Africa,Enterprise,Paid Ads,2105.14,1,1,13.0
M00790,2025-02-24,E-commerce,Ghana,SME,Paid Ads,2967.94,0,1,
M00791,2024-12-29,Hospitality,Ghana,Enterprise,Partnership,4533.93,1,1,10.0
M00792,2024-01-15,Retail,Ghana,SME,Organic,3913.95,1,0,15.0
M00793,2024-05-07,E-commerce,South Africa,SME,Paid Ads,3086.85,1,1,11.0
M00794,2024-12-26,Logistics,Kenya,Mid-Market,Sales Team,11243.2,1,1,14.0
M00795,2024-09-15,Hospitality,Nigeria,Enterprise,Organic,9347.68,1,1,8.0
M00796,2024-05-03,Healthcare,South Africa,Enterprise,Sales Team,2819.6,1,1,0.0
M00797,2024-03-31,Gaming,Kenya,Mid-Market,Referral,2085.26,1,1,7.0
M00798,2025-03-04,Education,Nigeria,Mid-Market,Organic,3845.85,1,1,6.0
M00799,2024-07-16,E-commerce,Ghana,Enterprise,Referral,11023.78,1,1,18.0
M00800,2025-03-14,Logistics,Ghana,Enterprise,Referral,5122.52,1,0,20.0
M00801,2024-05-17,Hospitality,Nigeria,Enterprise,Organic,2292.05,0,0,
M00802,2024-08-30,Retail,Ghana,Enterprise,Organic,640.91,1,1,6.0
M00803,2024-04-24,Education,Kenya,Enterprise,Paid Ads,3651.77,0,0,
M00804,2024-08-04,Hospitality,Kenya,Mid-Market,Paid Ads,3603.9,1,1,3.0
M00805,2024-04-21,Gaming,Kenya,Enterprise,Partnership,117.49,1,1,6.0
M00806,2025-02-26,Hospitality,Nigeria,SME,Partnership,4822.64,1,1,8.0
M00807,2024-12-05,Healthcare,Kenya,Mid-Market,Organic,2812.01,1,1,6.0
M00808,2024-09-03,SaaS,Kenya,Mid-Market,Paid Ads,2882.45,1,0,0.0
M00809,2025-03-17,Education,Kenya,Enterprise,Paid Ads,4807.11,1,0,5.0
M00810,2024-04-06,Retail,Ghana,SME,Partnership,4238.72,1,1,5.0
M00811,2024-07-25,Healthcare,Ghana,Enterprise,Organic,2097.66,1,1,7.0
M00812,2024-12-01,Gaming,Kenya,Mid-Market,Sales Team,1672.26,1,0,17.0
M00813,2024-07-26,Hospitality,Nigeria,Enterprise,Partnership,3756.08,1,1,10.0
M00814,2025-02-21,Logistics,Kenya,Enterprise,Referral,2045.53,1,1,8.0
M00815,2024-12-17,Gaming,Kenya,Enterprise,Paid Ads,7239.89,1,1,0.0
M00816,2025-03-08,Retail,Ghana,Mid-Market,Organic,12201.38,1,1,0.0
M00817,2024-08-29,Retail,Kenya,Enterprise,Partnership,7511.59,1,1,17.0
M00818,2025-01-25,Retail,Kenya,Enterprise,Organic,8300.24,1,0,4.0
M00819,2024-04-23,Healthcare,Ghana,Enterprise,Paid Ads,2407.39,1,1,9.0
M00820,2024-08-03,Healthcare,Kenya,Mid-Market,Partnership,482.05,1,1,4.0
M00821,2024-05-30,Gaming,Nigeria,Mid-Market,Organic,1521.11,1,1,7.0
M00822,2025-03-19,SaaS,South Africa,SME,Partnership,6470.72,1,1,7.0
M00823,2024-03-02,Hospitality,Kenya,Mid-Market,Organic,6382.02,1,0,8.0
M00824,2025-03-21,Retail,Ghana,SME,Paid Ads,4232.09,1,1,9.0
M00825,2024-07-28,Gaming,Ghana,Mid-Market,Referral,1958.11,1,1,9.0
M00826,2025-02-02,SaaS,South Africa,Mid-Market,Referral,11156.59,1,1,3.0
M00827,2024-06-09,E-commerce,Nigeria,Mid-Market,Paid Ads,777.27,1,1,0.0
M00828,2024-04-17,Retail,Ghana,Mid-Market,Organic,6922.8,1,0,8.0
M00829,2024-03-07,Hospitality,South Africa,Mid-Market,Sales Team,3063.76,1,1,11.0
M00830,2025-05-09,Gaming,South Africa,SME,Organic,1398.81,1,0,13.0
M00831,2024-09-30,Logistics,Kenya,SME,Paid Ads,2668.87,1,1,14.0
M00832,2025-01-22,Logistics,Nigeria,Enterprise,Organic,11921.26,1,0,10.0
M00833,2024-11-16,Logistics,Ghana,Enterprise,Paid Ads,1654.09,1,0,8.0
M00834,2024-06-08,Retail,Nigeria,Mid-Market,Partnership,6657.27,0,1,
M00835,2024-10-28,Education,Ghana,SME,Organic,1380.9,1,0,3.0
M00836,2024-06-01,Education,South Africa,Enterprise,Partnership,3390.99,1,1,6.0
M00837,2024-11-01,Healthcare,South Africa,Enterprise,Referral,1609.86,1,1,0.0
M00838,2024-06-24,Gaming,Kenya,SME,Referral,3623.88,1,1,12.0
M00839,2025-04-30,Hospitality,Nigeria,SME,Referral,2532.15,1,0,8.0
M00840,2025-01-07,Retail,Ghana,Enterprise,Organic,3274.24,1,1,10.0
M00841,2024-10-28,Retail,Nigeria,Mid-Market,Organic,4046.79,1,1,3.0
M00842,2024-07-11,Education,Nigeria,Enterprise,Organic,2077.01,1,0,9.0
M00843,2024-12-04,SaaS,Nigeria,SME,Organic,4549.82,0,0,
M00844,2024-08-01,Gaming,South Africa,SME,Partnership,3409.04,1,1,1.0
M00845,2024-05-09,Gaming,Ghana,SME,Organic,1026.16,1,0,15.0
M00846,2024-06-03,Hospitality,Nigeria,Enterprise,Partnership,2349.41,1,0,12.0
M00847,2024-05-18,Retail,South Africa,SME,Partnership,5931.07,1,0,1.0
M00848,2025-01-03,SaaS,Kenya,SME,Organic,10511.68,1,1,6.0
M00849,2024-09-11,Logistics,Ghana,Mid-Market,Partnership,7621.03,1,1,9.0
M00850,2025-05-13,Logistics,Kenya,Enterprise,Sales Team,13462.4,1,1,2.0
M00851,2024-05-31,Retail,Nigeria,Enterprise,Sales Team,6876.63,1,0,15.0
M00852,2025-04-11,Logistics,South Africa,Mid-Market,Referral,1465.3,1,0,6.0
M00853,2024-01-02,E-commerce,Nigeria,SME,Partnership,8666.58,1,0,14.0
M00854,2024-12-08,Gaming,Ghana,SME,Partnership,1782.0,1,0,13.0
M00855,2024-02-08,SaaS,Kenya,Enterprise,Referral,3436.23,1,1,10.0
M00856,2024-08-21,Education,Kenya,Mid-Market,Organic,6407.28,1,1,0.0
M00857,2024-02-21,Retail,Nigeria,Mid-Market,Paid Ads,3066.24,1,1,6.0
M00858,2025-02-14,Healthcare,South Africa,Enterprise,Organic,2441.24,1,1,16.0
M00859,2024-02-18,E-commerce,Nigeria,SME,Referral,216.51,1,1,0.0
M00860,2024-06-17,Healthcare,South Africa,Enterprise,Paid Ads,5829.35,1,1,13.0
M00861,2025-03-25,SaaS,Kenya,Mid-Market,Referral,858.22,1,1,7.0
M00862,2024-02-28,Hospitality,South Africa,Mid-Market,Paid Ads,2385.65,0,0,
M00863,2025-03-03,Hospitality,South Africa,Mid-Market,Referral,2642.78,1,1,8.0
M00864,2024-02-27,Retail,Nigeria,SME,Organic,3815.72,1,1,0.0
M00865,2024-08-01,Gaming,South Africa,SME,Partnership,2293.57,1,0,7.0
M00866,2024-07-13,Healthcare,Nigeria,Enterprise,Referral,11874.61,1,1,8.0
M00867,2024-09-04,Gaming,Nigeria,Mid-Market,Sales Team,4236.02,1,1,6.0
M00868,2024-01-24,SaaS,Kenya,Enterprise,Paid Ads,4134.84,1,1,7.0
M00869,2024-01-07,Logistics,Kenya,Enterprise,Partnership,5360.99,1,1,4.0
M00870,2024-12-18,SaaS,South Africa,Enterprise,Referral,1272.0,1,1,4.0
M00871,2024-09-03,Healthcare,South Africa,SME,Partnership,532.83,1,1,3.0
M00872,2025-04-01,E-commerce,Nigeria,Enterprise,Referral,3292.4,1,0,10.0
M00873,2024-09-15,Gaming,South Africa,SME,Organic,2960.08,1,0,13.0
M00874,2025-01-19,Gaming,Kenya,SME,Paid Ads,2435.24,1,1,6.0
M00875,2025-05-11,Education,Nigeria,Enterprise,Referral,3823.03,1,1,9.0
M00876,2024-10-08,Hospitality,South Africa,SME,Organic,7957.75,0,1,
M00877,2024-08-23,Gaming,South Africa,SME,Sales Team,2561.31,1,0,8.0
M00878,2024-08-16,Healthcare,Nigeria,Mid-Market,Organic,1940.27,0,0,
M00879,2024-02-22,Hospitality,South Africa,SME,Partnership,1074.68,1,1,2.0
M00880,2024-10-08,E-commerce,Nigeria,Enterprise,Partnership,8633.65,1,1,8.0
M00881,2024-11-22,Education,Ghana,Enterprise,Sales Team,1574.87,1,1,8.0
M00882,2025-05-01,Healthcare,Kenya,SME,Referral,2998.8,1,1,8.0
M00883,2025-03-08,Gaming,Kenya,Enterprise,Partnership,2403.74,1,1,10.0
M00884,2024-11-03,Gaming,Kenya,Enterprise,Sales Team,7478.41,1,0,9.0
M00885,2024-02-28,SaaS,Ghana,SME,Paid Ads,7410.93,1,0,0.0
M00886,2024-06-30,Education,Kenya,Enterprise,Organic,865.76,1,1,10.0
M00887,2024-01-24,Retail,South Africa,SME,Sales Team,1406.54,1,0,15.0
M00888,2024-02-24,Education,Ghana,SME,Organic,7417.24,1,1,6.0
M00889,2025-04-21,Hospitality,Ghana,Mid-Market,Referral,2960.98,1,0,18.0
M00890,2025-01-01,Healthcare,Nigeria,Mid-Market,Organic,2556.26,1,1,0.0
M00891,2025-04-19,SaaS,South Africa,Mid-Market,Partnership,2475.86,1,0,12.0
M00892,2025-05-04,Retail,South Africa,SME,Partnership,2131.75,1,1,7.0
M00893,2025-01-11,E-commerce,South Africa,Enterprise,Sales Team,2462.44,1,1,6.0
M00894,2025-04-18,Retail,Ghana,Enterprise,Referral,5353.99,1,0,3.0
M00895,2024-02-23,Hospitality,Kenya,Enterprise,Sales Team,878.11,1,1,3.0
M00896,2024-08-02,Logistics,Kenya,Mid-Market,Paid Ads,3757.49,0,1,
M00897,2025-05-11,Education,South Africa,SME,Referral,4000.96,1,1,13.0
M00898,2024-07-30,Education,Kenya,Enterprise,Partnership,1612.43,1,1,12.0
M00899,2024-11-19,Logistics,Ghana,SME,Partnership,4918.62,1,1,7.0
M00900,2024-12-31,Education,Kenya,Enterprise,Referral,4470.27,1,0,17.0
M00901,2024-12-29,Retail,Kenya,Enterprise,Organic,6646.04,1,1,5.0
M00902,2025-01-24,Healthcare,South Africa,Enterprise,Partnership,5797.95,0,1,
M00903,2025-04-27,Hospitality,Kenya,Mid-Market,Organic,9766.83,1,1,11.0
M00904,2024-09-24,SaaS,Nigeria,Mid-Market,Referral,1177.1,1,1,2.0
M00905,2024-01-28,E-commerce,Ghana,Mid-Market,Referral,6678.16,1,1,10.0
M00906,2024-05-26,Education,Ghana,SME,Paid Ads,1531.95,1,0,2.0
M00907,2024-04-14,E-commerce,Kenya,Mid-Market,Organic,2516.49,1,0,0.0
M00908,2024-11-11,Logistics,South Africa,SME,Partnership,5678.9,1,1,0.0
M00909,2025-02-05,Education,Nigeria,Mid-Market,Sales Team,5385.23,1,1,0.0
M00910,2024-08-01,Healthcare,Nigeria,SME,Paid Ads,467.71,1,0,17.0
M00911,2024-04-13,Gaming,Ghana,Enterprise,Paid Ads,2510.04,1,0,13.0
M00912,2025-01-21,Logistics,Ghana,Mid-Market,Sales Team,7335.07,1,1,3.0
M00913,2024-03-31,SaaS,Ghana,SME,Partnership,4923.1,1,1,7.0
M00914,2024-03-02,Hospitality,Nigeria,Mid-Market,Paid Ads,4213.03,1,1,10.0
M00915,2024-10-11,Education,Ghana,SME,Partnership,3099.07,1,1,19.0
M00916,2025-03-09,Education,Nigeria,Mid-Market,Sales Team,5095.94,1,0,6.0
M00917,2024-12-29,Retail,Nigeria,SME,Paid Ads,3121.3,0,1,
M00918,2024-11-01,E-commerce,Kenya,Mid-Market,Partnership,1824.58,1,0,5.0
M00919,2024-10-08,Healthcare,Nigeria,Enterprise,Paid Ads,1220.44,1,1,5.0
M00920,2024-09-26,Logistics,Ghana,Enterprise,Organic,3536.08,0,0,
M00921,2025-02-06,Retail,South Africa,Enterprise,Partnership,8234.32,1,0,8.0
M00922,2024-07-25,SaaS,Kenya,SME,Referral,854.89,1,1,17.0
M00923,2024-12-05,Healthcare,Kenya,Mid-Market,Paid Ads,11174.38,1,1,8.0
M00924,2024-04-21,Gaming,Nigeria,SME,Paid Ads,4967.29,1,1,3.0
M00925,2024-08-16,Logistics,Ghana,SME,Paid Ads,2572.84,1,1,6.0
M00926,2024-07-14,SaaS,South Africa,Mid-Market,Partnership,3253.41,1,0,2.0
M00927,2025-01-05,Education,Nigeria,Enterprise,Paid Ads,677.69,1,1,7.0
M00928,2024-09-20,Gaming,South Africa,SME,Paid Ads,5250.55,1,1,5.0
M00929,2025-04-04,Logistics,Kenya,Enterprise,Organic,1878.02,1,0,8.0
M00930,2025-04-30,SaaS,Ghana,Enterprise,Partnership,2050.49,1,1,7.0
M00931,2024-01-04,SaaS,Ghana,Enterprise,Referral,2101.45,1,1,7.0
M00932,2025-03-18,Hospitality,Nigeria,SME,Partnership,2577.32,1,1,3.0
M00933,2025-02-28,Hospitality,Nigeria,Enterprise,Referral,6705.37,1,0,9.0
M00934,2024-01-13,Gaming,Kenya,SME,Organic,1413.03,1,1,1.0
M00935,2024-02-07,E-commerce,Ghana,Mid-Market,Partnership,3890.46,1,1,1.0
M00936,2024-02-06,Logistics,Kenya,Mid-Market,Sales Team,3855.65,1,1,12.0
M00937,2024-08-18,Hospitality,South Africa,Mid-Market,Organic,3071.11,1,1,14.0
M00938,2024-07-18,SaaS,Nigeria,Enterprise,Partnership,3664.29,1,0,10.0
M00939,2024-02-02,E-commerce,Nigeria,Mid-Market,Partnership,6485.2,1,0,12.0
M00940,2024-02-24,Education,Kenya,Enterprise,Organic,2411.54,1,1,6.0
M00941,2024-05-24,Gaming,South Africa,Mid-Market,Organic,1718.4,0,0,
M00942,2024-08-30,Retail,Ghana,SME,Sales Team,9508.79,1,1,7.0
M00943,2025-02-11,Education,Ghana,Mid-Market,Paid Ads,372.52,1,1,5.0
M00944,2025-05-05,E-commerce,Ghana,SME,Organic,2639.14,0,1,
M00945,2024-01-03,Hospitality,Nigeria,Mid-Market,Referral,7994.2,1,1,5.0
M00946,2025-01-18,Healthcare,Ghana,Mid-Market,Partnership,2828.94,1,1,6.0
M00947,2024-03-13,Retail,Ghana,SME,Partnership,1225.27,1,0,12.0
M00948,2025-03-03,Education,Ghana,SME,Referral,6711.92,1,1,16.0
M00949,2024-12-09,E-commerce,South Africa,Enterprise,Partnership,3003.59,1,0,12.0
M00950,2024-02-07,Education,Nigeria,Mid-Market,Organic,7544.86,1,1,8.0
M00951,2024-04-11,Gaming,Kenya,Mid-Market,Referral,7254.32,1,1,5.0
M00952,2024-12-09,Logistics,Nigeria,Mid-Market,Partnership,1599.89,1,1,3.0
M00953,2024-02-05,Logistics,Kenya,Mid-Market,Sales Team,2291.55,1,1,12.0
M00954,2024-06-17,Education,Ghana,Enterprise,Partnership,9847.84,1,1,1.0
M00955,2024-07-05,Healthcare,South Africa,SME,Organic,2744.31,1,1,14.0
M00956,2024-06-09,Logistics,Ghana,Enterprise,Sales Team,3747.11,1,1,8.0
M00957,2024-05-21,Healthcare,Ghana,Enterprise,Paid Ads,5200.24,1,0,7.0
M00958,2025-03-25,Gaming,South Africa,Mid-Market,Paid Ads,2172.69,1,1,17.0
M00959,2025-01-31,Education,South Africa,Enterprise,Organic,3244.99,1,0,3.0
M00960,2024-03-30,SaaS,Kenya,SME,Partnership,2246.37,1,0,11.0
M00961,2024-04-10,Education,Nigeria,Enterprise,Organic,3631.84,1,0,0.0
M00962,2025-04-01,E-commerce,Nigeria,Enterprise,Partnership,2736.79,1,1,6.0
M00963,2024-07-26,Logistics,Nigeria,Enterprise,Paid Ads,2226.06,1,1,4.0
M00964,2024-10-05,Gaming,Ghana,Mid-Market,Sales Team,3309.41,0,1,
M00965,2024-04-24,Education,Ghana,Mid-Market,Partnership,1400.58,1,1,9.0
M00966,2024-09-18,SaaS,South Africa,Mid-Market,Partnership,2243.69,1,1,13.0
M00967,2024-01-06,Logistics,Ghana,Enterprise,Referral,2937.25,1,1,10.0
M00968,2024-08-16,Retail,Ghana,Enterprise,Partnership,7045.07,1,1,13.0
M00969,2024-12-03,Retail,South Africa,Mid-Market,Organic,704.81,0,1,
M00970,2024-04-22,Gaming,Ghana,SME,Paid Ads,1236.45,1,0,9.0
M00971,2024-07-08,Logistics,Nigeria,Enterprise,Referral,3734.03,1,1,3.0
M00972,2024-09-22,Healthcare,South Africa,Mid-Market,Sales Team,1189.28,1,1,2.0
M00973,2025-03-27,E-commerce,Nigeria,Enterprise,Paid Ads,4571.63,1,0,7.0
M00974,2024-02-22,Education,Kenya,Enterprise,Partnership,3452.18,0,1,
M00975,2024-10-18,Retail,South Africa,Enterprise,Sales Team,6252.45,1,1,11.0
M00976,2024-07-06,SaaS,Kenya,Mid-Market,Referral,2540.17,1,1,0.0
M00977,2024-09-21,Hospitality,Kenya,Mid-Market,Sales Team,4863.98,1,1,0.0
M00978,2025-02-09,Gaming,Nigeria,Enterprise,Referral,1993.39,1,1,15.0
M00979,2024-08-13,Retail,Ghana,SME,Partnership,2514.61,1,1,16.0
M00980,2024-11-25,Education,Ghana,SME,Referral,2111.43,1,1,14.0
M00981,2024-03-21,Healthcare,Nigeria,Enterprise,Referral,12827.37,1,1,8.0
M00982,2024-07-31,Healthcare,Nigeria,Mid-Market,Sales Team,6875.16,0,1,
M00983,2024-09-02,Logistics,Ghana,Enterprise,Sales Team,3102.11,1,1,9.0
M00984,2024-01-12,Logistics,Nigeria,SME,Partnership,1747.03,1,1,2.0
M00985,2024-10-30,Retail,Ghana,Enterprise,Partnership,1039.88,0,1,
M00986,2024-01-21,Retail,Nigeria,SME,Paid Ads,1507.63,1,0,13.0
M00987,2025-04-17,Retail,South Africa,Enterprise,Partnership,1250.46,1,1,0.0
M00988,2024-11-22,E-commerce,Kenya,SME,Referral,307.14,1,1,0.0
M00989,2024-08-17,Gaming,South Africa,SME,Referral,7312.37,0,1,
M00990,2025-03-01,Hospitality,Ghana,Enterprise,Referral,3722.14,1,0,13.0
M00991,2024-11-15,Education,Ghana,Enterprise,Paid Ads,782.26,1,0,4.0
M00992,2025-04-17,Gaming,Nigeria,SME,Sales Team,2823.52,0,1,
M00993,2024-07-16,Retail,Nigeria,SME,Referral,3670.1,1,1,1.0
M00994,2024-09-24,Hospitality,Ghana,Enterprise,Organic,1801.09,1,1,17.0
M00995,2024-03-31,Gaming,Nigeria,Enterprise,Partnership,5602.91,1,1,4.0
M00996,2025-01-20,SaaS,Nigeria,Mid-Market,Referral,3418.5,1,1,17.0
M00997,2025-04-06,E-commerce,South Africa,Enterprise,Sales Team,7176.03,1,1,1.0
M00998,2024-07-08,E-commerce,South Africa,SME,Sales Team,1483.29,1,1,0.0
M00999,2025-02-08,Hospitality,Kenya,Enterprise,Partnership,6241.04,1,1,4.0
M01000,2024-02-20,Hospitality,Ghana,Mid-Market,Sales Team,9427.31,1,0,14.0
M01001,2025-01-27,Logistics,Nigeria,Mid-Market,Partnership,4808.88,1,0,0.0
M01002,2025-03-24,Hospitality,Kenya,SME,Organic,6458.42,1,1,9.0
M01003,2024-12-29,E-commerce,Nigeria,Enterprise,Organic,689.77,1,1,7.0
M01004,2024-07-11,Logistics,Kenya,Mid-Market,Paid Ads,1592.75,1,1,1.0
M01005,2024-02-24,Retail,South Africa,Enterprise,Partnership,5544.41,1,0,10.0
M01006,2024-05-09,Education,South Africa,Enterprise,Paid Ads,4123.12,1,0,5.0
M01007,2024-11-09,Education,South Africa,SME,Sales Team,12214.23,1,1,4.0
M01008,2024-10-09,Gaming,Ghana,Mid-Market,Partnership,1656.98,1,1,7.0
M01009,2024-10-11,Gaming,Kenya,Mid-Market,Partnership,5295.0,1,1,13.0
M01010,2024-06-25,Hospitality,Ghana,Enterprise,Organic,6862.21,1,1,8.0
M01011,2025-01-17,Logistics,South Africa,Enterprise,Referral,3809.26,1,1,8.0
M01012,2024-02-21,Logistics,South Africa,Mid-Market,Partnership,1980.87,1,1,5.0
M01013,2024-11-10,E-commerce,Ghana,Mid-Market,Organic,4847.33,0,1,
M01014,2025-02-15,SaaS,Ghana,Mid-Market,Partnership,7589.04,1,1,12.0
M01015,2024-08-10,SaaS,Nigeria,Mid-Market,Referral,4835.55,1,0,12.0
M01016,2024-07-08,SaaS,Nigeria,Enterprise,Sales Team,4756.5,0,1,
M01017,2025-04-21,Hospitality,Kenya,Enterprise,Partnership,2121.54,1,0,14.0
M01018,2024-01-30,Retail,South Africa,Mid-Market,Organic,1888.33,1,0,7.0
M01019,2024-04-13,Education,Ghana,SME,Partnership,878.77,1,0,7.0
M01020,2024-09-18,Logistics,Ghana,Enterprise,Organic,2507.03,1,0,14.0
M01021,2024-07-03,Logistics,Nigeria,SME,Organic,1373.05,1,0,0.0
M01022,2024-05-21,Hospitality,Kenya,Enterprise,Sales Team,3605.01,1,0,13.0
M01023,2024-07-26,Logistics,Nigeria,Enterprise,Organic,1660.71,1,1,5.0
M01024,2025-04-15,SaaS,Kenya,Enterprise,Partnership,7373.84,1,1,7.0
M01025,2025-04-13,Healthcare,Kenya,Mid-Market,Referral,2814.21,1,1,6.0
M01026,2024-11-06,Logistics,South Africa,Mid-Market,Partnership,4735.06,1,1,15.0
M01027,2024-01-03,Education,Ghana,Mid-Market,Partnership,3663.98,1,1,16.0
M01028,2024-02-24,SaaS,Kenya,Mid-Market,Organic,7794.57,1,1,4.0
M01029,2025-02-15,Education,Kenya,Enterprise,Sales Team,5658.27,1,1,9.0
M01030,2025-05-09,Hospitality,South Africa,SME,Paid Ads,2048.82,1,0,16.0
M01031,2025-05-07,Gaming,South Africa,Enterprise,Organic,1163.05,1,0,1.0
M01032,2024-09-03,SaaS,Kenya,SME,Sales Team,7919.57,1,1,10.0
M01033,2024-11-20,Logistics,Ghana,Mid-Market,Sales Team,5265.92,1,1,11.0
M01034,2025-05-04,Healthcare,Nigeria,Enterprise,Paid Ads,1102.55,1,1,10.0
M01035,2024-05-07,Education,Nigeria,Mid-Market,Paid Ads,6098.64,1,1,9.0
M01036,2024-02-08,Retail,South Africa,Mid-Market,Paid Ads,6165.31,1,0,7.0
M01037,2024-04-21,Education,Ghana,Enterprise,Referral,4706.14,1,1,8.0
M01038,2024-09-12,Logistics,Ghana,Enterprise,Referral,1102.96,1,1,2.0
M01039,2025-03-22,Education,Ghana,SME,Referral,4517.45,1,1,0.0
M01040,2025-03-03,Logistics,Kenya,SME,Organic,1759.79,1,0,9.0
M01041,2024-03-02,SaaS,South Africa,Enterprise,Organic,3157.01,1,0,11.0
M01042,2025-01-26,E-commerce,South Africa,Mid-Market,Partnership,2669.19,1,1,4.0
M01043,2024-06-10,Gaming,Kenya,Mid-Market,Referral,4302.93,1,1,5.0
M01044,2025-01-26,Education,South Africa,SME,Partnership,1022.23,1,1,16.0
M01045,2024-03-06,E-commerce,South Africa,Mid-Market,Partnership,5720.17,1,0,0.0
M01046,2024-01-17,Healthcare,South Africa,Enterprise,Referral,4034.87,1,0,15.0
M01047,2024-08-22,SaaS,South Africa,Mid-Market,Organic,1943.23,1,0,12.0
M01048,2024-01-07,Logistics,South Africa,Enterprise,Organic,903.57,1,0,17.0
M01049,2024-06-15,Healthcare,Kenya,SME,Partnership,5081.09,1,1,10.0
M01050,2024-05-14,Logistics,Kenya,Mid-Market,Partnership,5562.19,1,1,9.0
M01051,2024-06-24,Healthcare,Ghana,Mid-Market,Sales Team,2616.16,1,0,7.0
M01052,2024-04-17,Hospitality,Kenya,Mid-Market,Sales Team,1075.44,1,0,12.0
M01053,2024-05-23,Gaming,Ghana,Enterprise,Referral,1856.71,1,1,12.0
M01054,2024-10-21,Logistics,Nigeria,Enterprise,Paid Ads,1595.47,0,0,
M01055,2025-02-15,Logistics,South Africa,Mid-Market,Referral,1586.13,1,1,4.0
M01056,2024-03-15,Retail,South Africa,SME,Referral,2793.42,1,0,3.0
M01057,2024-08-03,Gaming,Ghana,Enterprise,Partnership,2620.69,0,1,
M01058,2024-09-30,Healthcare,South Africa,Mid-Market,Paid Ads,3698.82,1,1,12.0
M01059,2024-10-14,E-commerce,South Africa,SME,Referral,6313.42,1,1,14.0
M01060,2024-01-31,Logistics,Kenya,Mid-Market,Organic,1991.93,1,1,6.0
M01061,2024-08-18,Healthcare,Kenya,Mid-Market,Paid Ads,2666.84,0,1,
M01062,2024-10-13,Education,Kenya,SME,Sales Team,10091.91,1,0,15.0
M01063,2024-03-03,Healthcare,Ghana,Enterprise,Partnership,2519.19,1,1,0.0
M01064,2024-11-28,Retail,Kenya,Mid-Market,Paid Ads,1031.36,1,1,10.0
M01065,2024-12-10,Gaming,South Africa,SME,Sales Team,8614.58,1,0,8.0
M01066,2024-11-10,Education,South Africa,Enterprise,Referral,1131.58,1,1,4.0
M01067,2025-03-20,Retail,Kenya,Mid-Market,Partnership,2293.88,1,1,21.0
M01068,2024-10-19,Hospitality,Nigeria,SME,Referral,914.88,1,0,18.0
M01069,2024-06-24,Logistics,Kenya,Mid-Market,Paid Ads,723.96,1,0,10.0
M01070,2024-12-29,Education,South Africa,Mid-Market,Sales Team,819.3,1,1,4.0
M01071,2025-02-03,Healthcare,South Africa,Mid-Market,Referral,366.63,1,0,7.0
M01072,2024-04-04,E-commerce,Ghana,Enterprise,Referral,5264.54,0,0,
M01073,2024-12-04,Education,Nigeria,SME,Referral,4115.52,1,1,17.0
M01074,2024-07-22,SaaS,Nigeria,SME,Sales Team,2906.93,0,1,
M01075,2024-10-07,E-commerce,Nigeria,Mid-Market,Partnership,2733.77,1,1,3.0
M01076,2025-01-26,SaaS,Nigeria,Mid-Market,Partnership,2258.49,1,0,4.0
M01077,2024-03-20,SaaS,South Africa,Mid-Market,Referral,4993.75,0,0,
M01078,2024-05-06,Education,South Africa,Enterprise,Referral,112.27,0,0,
M01079,2024-03-08,Retail,Nigeria,SME,Paid Ads,5601.61,1,1,0.0
M01080,2025-03-16,Healthcare,South Africa,Mid-Market,Partnership,4025.25,1,0,13.0
M01081,2025-04-23,Education,South Africa,SME,Partnership,7185.98,1,1,13.0
M01082,2024-03-31,Gaming,South Africa,Enterprise,Partnership,2235.47,1,1,0.0
M01083,2024-06-07,Healthcare,South Africa,Enterprise,Referral,1038.66,1,0,0.0
M01084,2025-02-16,SaaS,South Africa,Mid-Market,Paid Ads,2847.34,1,0,6.0
M01085,2024-07-30,Education,Ghana,Mid-Market,Organic,6474.96,1,1,0.0
M01086,2024-01-01,Retail,Kenya,Mid-Market,Sales Team,3012.05,1,0,11.0
M01087,2024-09-30,E-commerce,South Africa,Mid-Market,Paid Ads,4956.75,1,1,10.0
M01088,2024-01-05,Hospitality,Kenya,Enterprise,Referral,3236.45,1,0,8.0
M01089,2025-02-11,E-commerce,Kenya,SME,Sales Team,6550.14,1,1,19.0
M01090,2025-03-27,Hospitality,South Africa,SME,Referral,5569.65,0,1,
M01091,2025-01-01,Hospitality,South Africa,SME,Paid Ads,357.42,1,1,8.0
M01092,2024-02-10,Hospitality,Ghana,Enterprise,Partnership,9368.46,1,0,20.0
M01093,2025-02-17,Education,Kenya,Enterprise,Partnership,3693.38,1,1,8.0
M01094,2025-02-18,Education,South Africa,SME,Organic,1679.9,1,0,7.0
M01095,2024-04-03,Retail,Kenya,SME,Sales Team,3676.67,1,0,8.0
M01096,2024-11-12,Gaming,Kenya,Enterprise,Partnership,1622.3,1,1,7.0
M01097,2024-09-08,Logistics,Kenya,SME,Referral,2389.27,1,1,6.0
M01098,2024-01-26,E-commerce,Ghana,SME,Paid Ads,1645.64,1,0,9.0
M01099,2024-05-17,Retail,South Africa,Enterprise,Organic,5375.67,1,1,0.0
M01100,2024-04-29,SaaS,Ghana,SME,Sales Team,6734.65,1,1,9.0
M01101,2024-04-21,Healthcare,South Africa,Mid-Market,Sales Team,5842.58,1,1,14.0
M01102,2024-07-09,Gaming,Nigeria,Mid-Market,Organic,5623.22,1,0,8.0
M01103,2025-03-07,Retail,Nigeria,Mid-Market,Sales Team,7501.73,1,1,7.0
M01104,2024-02-06,Gaming,Ghana,SME,Paid Ads,7344.69,1,0,5.0
M01105,2025-02-22,Hospitality,Nigeria,SME,Referral,1919.77,1,1,12.0
M01106,2024-07-16,Gaming,Ghana,Enterprise,Organic,2161.75,1,1,2.0
M01107,2024-04-11,Gaming,Nigeria,Enterprise,Referral,408.41,1,1,10.0
M01108,2024-08-30,Hospitality,Kenya,Mid-Market,Referral,4403.05,1,1,7.0
M01109,2024-11-18,E-commerce,Nigeria,Mid-Market,Sales Team,5317.26,1,1,3.0
M01110,2024-11-22,Education,Ghana,Mid-Market,Organic,7294.6,1,1,3.0
M01111,2025-03-18,Logistics,Nigeria,SME,Sales Team,2733.69,1,0,9.0
M01112,2024-06-15,E-commerce,Ghana,Mid-Market,Partnership,945.23,1,1,7.0
M01113,2024-03-02,Hospitality,Ghana,SME,Organic,3995.82,1,0,7.0
M01114,2024-10-24,Gaming,Ghana,Mid-Market,Organic,6117.29,1,1,14.0
M01115,2024-05-07,Retail,South Africa,SME,Partnership,3465.53,1,1,0.0
M01116,2024-06-22,E-commerce,Nigeria,Mid-Market,Referral,8179.19,1,1,16.0
M01117,2024-12-25,SaaS,Ghana,Mid-Market,Referral,2846.66,1,1,4.0
M01118,2024-06-11,Healthcare,South Africa,Enterprise,Referral,279.3,1,0,2.0
M01119,2024-01-11,Hospitality,Kenya,Enterprise,Referral,3456.77,1,0,4.0
M01120,2024-05-08,E-commerce,South Africa,Enterprise,Sales Team,7409.51,1,0,0.0
M01121,2024-10-13,Education,South Africa,SME,Partnership,1872.74,1,1,22.0
M01122,2024-04-05,Healthcare,Kenya,Enterprise,Sales Team,1855.52,1,1,10.0
M01123,2024-05-20,Retail,Nigeria,Enterprise,Referral,2135.46,1,1,0.0
M01124,2024-08-18,Education,Kenya,Enterprise,Paid Ads,1041.93,1,1,8.0
M01125,2024-08-20,E-commerce,South Africa,Enterprise,Referral,2583.92,1,1,9.0
M01126,2025-03-28,E-commerce,Kenya,Enterprise,Referral,1865.39,1,0,6.0
M01127,2024-06-13,SaaS,South Africa,SME,Partnership,7518.0,1,0,13.0
M01128,2024-12-15,Gaming,Ghana,Enterprise,Paid Ads,5247.5,1,1,11.0
M01129,2024-06-14,Hospitality,Kenya,SME,Organic,5667.49,1,0,5.0
M01130,2024-09-24,SaaS,Nigeria,SME,Referral,1629.4,1,0,6.0
M01131,2025-03-23,E-commerce,Ghana,SME,Sales Team,2719.23,1,1,0.0
M01132,2024-04-08,SaaS,Nigeria,Enterprise,Sales Team,2420.44,1,0,2.0
M01133,2024-12-02,Gaming,Kenya,SME,Paid Ads,1505.44,1,0,1.0
M01134,2024-04-23,SaaS,Nigeria,SME,Sales Team,2166.28,1,1,11.0
M01135,2025-04-20,SaaS,South Africa,Enterprise,Organic,8059.64,0,1,
M01136,2024-07-03,Hospitality,Kenya,Enterprise,Organic,7909.27,1,0,16.0
M01137,2025-02-25,Education,Nigeria,Enterprise,Organic,1509.22,1,0,8.0
M01138,2025-03-03,Education,Nigeria,SME,Partnership,2199.42,1,1,10.0
M01139,2024-02-19,SaaS,Ghana,Enterprise,Sales Team,1350.36,1,1,4.0
M01140,2024-04-07,Logistics,Ghana,Enterprise,Referral,7152.23,1,1,17.0
M01141,2024-10-12,Hospitality,Nigeria,Enterprise,Partnership,3843.35,1,1,6.0
M01142,2024-07-02,Gaming,South Africa,SME,Referral,867.7,1,1,13.0
M01143,2025-02-09,Retail,South Africa,Enterprise,Paid Ads,12886.47,0,1,
M01144,2024-12-02,Retail,South Africa,Mid-Market,Paid Ads,2433.4,1,1,15.0
M01145,2024-10-08,Healthcare,Kenya,Mid-Market,Sales Team,1481.76,1,0,10.0
M01146,2025-02-26,Healthcare,Ghana,Enterprise,Partnership,3202.06,1,1,12.0
M01147,2024-04-19,Hospitality,Kenya,Mid-Market,Sales Team,5857.85,1,0,11.0
M01148,2024-08-17,Hospitality,Nigeria,Enterprise,Organic,1448.47,1,1,5.0
M01149,2024-05-25,E-commerce,Ghana,Mid-Market,Organic,2097.83,1,1,14.0
M01150,2024-06-02,Logistics,Ghana,Mid-Market,Organic,8309.6,1,1,15.0
M01151,2025-01-30,Education,Ghana,SME,Organic,1467.81,1,0,8.0
M01152,2024-08-23,Healthcare,Ghana,SME,Paid Ads,2794.56,1,1,2.0
M01153,2024-07-06,Logistics,Ghana,Mid-Market,Paid Ads,1887.62,1,1,8.0
M01154,2024-02-17,Hospitality,Ghana,Enterprise,Organic,2786.35,0,1,
M01155,2025-01-05,Healthcare,South Africa,SME,Sales Team,10378.64,1,1,9.0
M01156,2025-02-26,SaaS,Kenya,SME,Partnership,2294.33,1,0,5.0
M01157,2024-07-14,SaaS,Nigeria,Mid-Market,Paid Ads,7911.64,1,1,16.0
M01158,2025-03-26,Hospitality,South Africa,SME,Referral,5608.72,1,1,17.0
M01159,2025-01-17,E-commerce,South Africa,SME,Paid Ads,3679.11,1,1,12.0
M01160,2024-09-25,E-commerce,Kenya,Enterprise,Partnership,4470.65,1,1,8.0
M01161,2024-03-17,Healthcare,Ghana,SME,Organic,608.62,1,1,0.0
M01162,2024-12-10,Hospitality,South Africa,Enterprise,Partnership,3370.94,1,1,15.0
M01163,2024-09-15,SaaS,Ghana,Mid-Market,Paid Ads,6244.82,1,0,9.0
M01164,2025-02-06,Hospitality,Ghana,SME,Paid Ads,1856.05,1,1,21.0
M01165,2024-02-12,Gaming,Nigeria,Enterprise,Sales Team,3688.08,1,1,2.0
M01166,2024-05-14,SaaS,South Africa,Enterprise,Sales Team,3276.76,1,0,0.0
M01167,2025-01-31,Retail,Ghana,Mid-Market,Partnership,4127.32,1,0,6.0
M01168,2024-04-11,Gaming,South Africa,Enterprise,Partnership,1195.17,1,0,0.0
M01169,2024-04-10,Logistics,Ghana,SME,Paid Ads,6397.05,0,1,
M01170,2025-02-01,Hospitality,Kenya,Enterprise,Partnership,5645.71,1,1,5.0
M01171,2024-02-15,SaaS,South Africa,Mid-Market,Paid Ads,1845.32,1,0,6.0
M01172,2024-06-27,Logistics,Kenya,Mid-Market,Partnership,5167.8,1,1,7.0
M01173,2024-12-01,E-commerce,Kenya,SME,Paid Ads,714.27,0,0,
M01174,2024-11-11,Gaming,Ghana,Mid-Market,Organic,3696.75,1,1,2.0
M01175,2025-04-18,Logistics,Ghana,Enterprise,Paid Ads,2353.83,1,1,8.0
M01176,2024-03-20,SaaS,Nigeria,Enterprise,Organic,3556.36,0,1,
M01177,2024-05-04,Retail,Kenya,SME,Paid Ads,1809.49,0,1,
M01178,2024-12-21,SaaS,Kenya,Mid-Market,Sales Team,876.26,0,1,
M01179,2024-01-12,Healthcare,Ghana,Enterprise,Partnership,4208.91,1,1,18.0
M01180,2024-04-18,Logistics,Kenya,Enterprise,Sales Team,1719.48,1,1,8.0
M01181,2024-11-14,Retail,Nigeria,Mid-Market,Partnership,4743.49,1,0,8.0
M01182,2025-04-08,E-commerce,Kenya,SME,Organic,1318.49,1,0,14.0
M01183,2024-05-25,Logistics,Kenya,SME,Sales Team,13754.97,1,1,8.0
M01184,2024-12-01,E-commerce,Nigeria,Mid-Market,Paid Ads,2998.75,1,1,5.0
M01185,2024-12-05,Healthcare,Nigeria,SME,Paid Ads,1773.27,1,1,11.0
M01186,2025-03-20,Hospitality,Ghana,Mid-Market,Partnership,624.63,0,1,
M01187,2025-05-15,SaaS,Kenya,Mid-Market,Partnership,5170.73,1,1,4.0
M01188,2024-09-29,SaaS,Ghana,SME,Partnership,3592.36,1,1,8.0
M01189,2025-05-09,Gaming,Nigeria,SME,Referral,4559.01,1,1,11.0
M01190,2025-04-17,Education,Kenya,Mid-Market,Sales Team,5591.91,1,1,10.0
M01191,2025-01-16,Retail,Nigeria,Mid-Market,Paid Ads,1970.09,1,1,11.0
M01192,2024-06-30,Education,Ghana,Enterprise,Paid Ads,2388.08,1,0,14.0
M01193,2025-02-19,E-commerce,Kenya,Mid-Market,Organic,5847.68,0,0,
M01194,2025-04-28,Education,Ghana,SME,Paid Ads,4858.0,1,1,0.0
M01195,2025-04-04,Hospitality,Ghana,SME,Sales Team,3651.94,1,1,4.0
M01196,2024-09-23,Logistics,South Africa,SME,Partnership,4089.1,1,1,2.0
M01197,2024-03-19,Hospitality,Kenya,Enterprise,Paid Ads,1536.15,1,0,0.0
M01198,2024-08-17,Retail,Ghana,Enterprise,Referral,1720.71,1,0,16.0
M01199,2024-10-24,Logistics,Ghana,Mid-Market,Partnership,8262.98,1,1,1.0
M01200,2025-04-10,Retail,South Africa,SME,Partnership,3021.16,1,1,2.0
M01201,2025-04-14,Retail,Kenya,SME,Partnership,4667.88,1,1,8.0
M01202,2024-09-29,SaaS,Ghana,Mid-Market,Referral,2468.6,1,1,9.0
M01203,2025-01-07,E-commerce,Kenya,Mid-Market,Sales Team,2778.55,1,1,9.0
M01204,2024-06-04,Gaming,Kenya,SME,Referral,1590.69,1,0,16.0
M01205,2024-02-24,Retail,Ghana,SME,Partnership,6639.9,1,0,13.0
M01206,2024-11-11,Education,Ghana,Enterprise,Referral,1324.21,1,0,22.0
M01207,2024-04-28,E-commerce,Kenya,SME,Sales Team,5705.98,1,0,8.0
M01208,2024-03-09,Gaming,Kenya,SME,Sales Team,4142.45,1,1,5.0
M01209,2024-09-08,Gaming,Ghana,SME,Referral,2059.35,1,1,4.0
M01210,2024-04-25,E-commerce,South Africa,SME,Paid Ads,2344.13,1,1,10.0
M01211,2025-05-01,Hospitality,Ghana,Enterprise,Referral,1772.82,1,1,10.0
M01212,2025-01-22,Logistics,Nigeria,SME,Sales Team,870.08,1,1,18.0
M01213,2025-03-19,Gaming,Kenya,Mid-Market,Referral,9310.95,1,1,15.0
M01214,2024-08-06,Hospitality,Nigeria,Enterprise,Sales Team,2012.07,1,0,6.0
M01215,2025-01-03,Healthcare,South Africa,Enterprise,Partnership,2401.63,1,0,0.0
M01216,2024-10-31,E-commerce,Nigeria,Mid-Market,Sales Team,1636.45,1,1,12.0
M01217,2025-02-27,E-commerce,Ghana,Enterprise,Partnership,392.5,1,1,1.0
M01218,2024-07-21,E-commerce,South Africa,Enterprise,Organic,7451.45,1,0,3.0
M01219,2024-04-07,Education,South Africa,Mid-Market,Paid Ads,2002.42,1,1,3.0
M01220,2025-01-31,Education,South Africa,SME,Sales Team,937.06,1,0,12.0
M01221,2024-05-30,E-commerce,Ghana,Mid-Market,Sales Team,4846.62,1,0,12.0
M01222,2024-02-16,SaaS,Ghana,Enterprise,Partnership,795.66,1,1,5.0
M01223,2024-03-10,Hospitality,South Africa,Mid-Market,Sales Team,5405.44,1,0,0.0
M01224,2024-01-13,Retail,South Africa,Enterprise,Referral,1075.15,1,0,1.0
M01225,2025-03-27,Gaming,Nigeria,Mid-Market,Paid Ads,1855.66,1,1,16.0
M01226,2024-12-20,Retail,Nigeria,SME,Organic,3543.04,1,0,16.0
M01227,2024-12-27,Gaming,Kenya,SME,Partnership,5701.56,0,1,
M01228,2024-12-28,Hospitality,Ghana,Mid-Market,Partnership,6980.68,1,0,6.0
M01229,2024-07-13,E-commerce,Ghana,Mid-Market,Partnership,1752.93,1,1,13.0
M01230,2025-03-22,Retail,Ghana,SME,Referral,3844.04,1,1,3.0
M01231,2025-01-28,E-commerce,South Africa,Mid-Market,Paid Ads,8276.44,1,0,6.0
M01232,2025-01-08,Gaming,Kenya,Enterprise,Referral,3943.72,0,1,
M01233,2024-03-01,Retail,Ghana,SME,Partnership,3806.4,1,1,0.0
M01234,2025-01-26,Education,Nigeria,Mid-Market,Sales Team,2167.24,1,0,2.0
M01235,2025-03-13,Gaming,Nigeria,Enterprise,Sales Team,499.72,1,1,9.0
M01236,2024-05-01,Logistics,South Africa,Mid-Market,Sales Team,4039.48,1,1,11.0
M01237,2024-08-14,SaaS,Nigeria,SME,Partnership,2623.66,1,1,15.0
M01238,2024-05-22,Logistics,Nigeria,SME,Referral,2514.86,1,0,6.0
M01239,2024-01-29,Healthcare,Nigeria,SME,Organic,2724.15,1,1,12.0
M01240,2024-12-07,Education,Kenya,SME,Organic,2672.95,1,1,0.0
M01241,2024-02-25,Hospitality,Ghana,SME,Paid Ads,4501.52,1,0,0.0
M01242,2024-11-08,Retail,South Africa,Enterprise,Partnership,645.73,1,1,10.0
M01243,2024-07-03,E-commerce,Nigeria,Mid-Market,Paid Ads,1959.68,1,0,2.0
M01244,2024-07-07,Hospitality,Nigeria,Mid-Market,Partnership,2865.87,1,1,6.0
M01245,2024-02-03,Education,South Africa,SME,Organic,482.98,1,0,0.0
M01246,2024-12-21,Education,Kenya,Enterprise,Sales Team,1228.45,1,1,3.0
M01247,2024-09-25,Logistics,Ghana,Enterprise,Organic,3161.14,0,0,
M01248,2024-02-25,SaaS,South Africa,Enterprise,Partnership,2091.84,1,1,11.0
M01249,2025-04-23,Education,South Africa,Enterprise,Paid Ads,2958.09,1,0,12.0
M01250,2024-05-12,Healthcare,Ghana,Enterprise,Partnership,754.62,1,0,16.0
M01251,2024-09-11,Gaming,South Africa,SME,Partnership,2497.93,0,0,
M01252,2024-04-29,Education,Ghana,SME,Organic,3606.03,1,1,0.0
M01253,2024-01-13,Gaming,Nigeria,Enterprise,Referral,4656.41,1,1,8.0
M01254,2025-02-13,Hospitality,South Africa,SME,Paid Ads,445.54,1,0,6.0
M01255,2024-06-28,Logistics,Nigeria,Enterprise,Referral,3343.61,1,1,9.0
M01256,2024-12-19,Education,Kenya,SME,Paid Ads,2830.89,1,1,11.0
M01257,2024-06-02,Healthcare,Nigeria,SME,Paid Ads,6153.79,1,0,14.0
M01258,2024-06-23,Hospitality,Nigeria,SME,Referral,2066.98,1,1,3.0
M01259,2024-06-18,Healthcare,South Africa,Mid-Market,Organic,2911.62,1,1,0.0
M01260,2024-11-26,Retail,South Africa,SME,Sales Team,1712.29,1,1,0.0
M01261,2025-04-01,Healthcare,South Africa,Mid-Market,Organic,961.3,1,1,0.0
M01262,2025-03-03,Education,Kenya,Enterprise,Partnership,3188.21,1,0,12.0
M01263,2024-01-10,Logistics,Kenya,Mid-Market,Organic,7420.16,0,1,
M01264,2025-05-11,Retail,Kenya,SME,Paid Ads,2792.62,1,1,12.0
M01265,2024-07-11,Retail,South Africa,SME,Partnership,7228.1,1,0,19.0
M01266,2024-02-29,Education,Kenya,Enterprise,Organic,8409.77,1,1,13.0
M01267,2024-05-19,Hospitality,Nigeria,Mid-Market,Referral,2686.09,1,1,0.0
M01268,2024-07-09,Gaming,Kenya,SME,Partnership,4019.69,1,1,9.0
M01269,2024-06-03,Retail,Nigeria,Mid-Market,Organic,4430.97,1,1,4.0
M01270,2025-02-02,Logistics,Nigeria,Mid-Market,Partnership,9596.91,1,1,6.0
M01271,2024-01-13,Gaming,Ghana,SME,Paid Ads,303.39,1,0,11.0
M01272,2025-04-17,Gaming,Kenya,Mid-Market,Referral,5651.21,1,0,0.0
M01273,2025-01-28,SaaS,Ghana,SME,Organic,1085.27,1,1,16.0
M01274,2024-08-23,Hospitality,Nigeria,SME,Paid Ads,1917.96,1,1,7.0
M01275,2025-04-22,E-commerce,Nigeria,Mid-Market,Sales Team,5199.68,1,0,11.0
M01276,2025-03-31,E-commerce,Nigeria,Enterprise,Paid Ads,6013.42,1,1,5.0
M01277,2024-01-12,Education,Ghana,Mid-Market,Referral,1690.36,1,1,3.0
M01278,2024-04-08,Education,Kenya,Enterprise,Paid Ads,5265.52,0,1,
M01279,2025-01-30,Gaming,Nigeria,Mid-Market,Referral,4608.58,1,1,9.0
M01280,2024-03-21,Education,Nigeria,SME,Partnership,1754.46,1,1,5.0
M01281,2024-10-13,SaaS,Ghana,Enterprise,Paid Ads,3383.17,1,1,4.0
M01282,2024-10-08,Healthcare,Kenya,SME,Paid Ads,7906.13,1,1,0.0
M01283,2024-10-20,Logistics,Ghana,SME,Paid Ads,4672.31,1,0,3.0
M01284,2024-11-09,Healthcare,South Africa,SME,Referral,1283.1,1,0,15.0
M01285,2024-01-15,Gaming,Nigeria,SME,Sales Team,937.17,1,1,5.0
M01286,2024-01-28,SaaS,South Africa,Mid-Market,Referral,11837.29,1,1,20.0
M01287,2024-12-26,Gaming,Kenya,Mid-Market,Paid Ads,8659.93,1,1,10.0
M01288,2025-02-22,Logistics,Nigeria,Mid-Market,Partnership,3532.3,1,1,3.0
M01289,2024-03-08,SaaS,South Africa,SME,Sales Team,3905.24,1,1,14.0
M01290,2024-06-07,Gaming,South Africa,SME,Referral,3415.31,1,0,6.0
M01291,2024-03-14,Education,Kenya,Mid-Market,Referral,2344.49,1,1,12.0
M01292,2024-12-24,Healthcare,Kenya,Mid-Market,Sales Team,1389.35,1,1,8.0
M01293,2024-01-16,SaaS,South Africa,SME,Paid Ads,4160.61,1,1,0.0
M01294,2024-09-02,Gaming,Ghana,Mid-Market,Paid Ads,7347.86,1,0,0.0
M01295,2024-11-05,Retail,Nigeria,Mid-Market,Organic,747.22,1,1,3.0
M01296,2024-06-15,SaaS,Kenya,Enterprise,Sales Team,1741.16,1,0,13.0
M01297,2024-07-24,Hospitality,Ghana,Enterprise,Referral,822.72,1,0,10.0
M01298,2024-10-07,Retail,South Africa,Mid-Market,Organic,2811.04,1,1,12.0
M01299,2024-06-23,Logistics,South Africa,Mid-Market,Partnership,6518.77,0,1,
M01300,2025-02-07,Healthcare,Ghana,SME,Organic,10291.12,1,0,11.0
M01301,2025-01-13,Gaming,Nigeria,Enterprise,Partnership,6517.9,1,1,6.0
M01302,2024-08-25,Healthcare,Nigeria,Mid-Market,Referral,2951.53,1,1,10.0
M01303,2024-06-06,Hospitality,Nigeria,Enterprise,Organic,1035.36,1,0,7.0
M01304,2024-12-16,Hospitality,Kenya,Mid-Market,Organic,4372.98,1,1,3.0
M01305,2024-02-16,Logistics,Ghana,Enterprise,Organic,3054.84,1,0,9.0
M01306,2025-01-22,Retail,Ghana,Mid-Market,Partnership,1349.42,1,1,20.0
M01307,2024-05-29,Hospitality,South Africa,SME,Referral,4940.68,1,0,6.0
M01308,2024-12-14,Healthcare,Kenya,Enterprise,Paid Ads,554.5,1,1,12.0
M01309,2025-04-15,Hospitality,Kenya,SME,Partnership,6689.46,1,1,14.0
M01310,2024-01-05,Hospitality,Ghana,Mid-Market,Organic,1655.62,1,1,2.0
M01311,2024-07-08,E-commerce,Nigeria,Enterprise,Partnership,3998.42,1,1,5.0
M01312,2025-02-24,Healthcare,Nigeria,Mid-Market,Organic,3352.38,0,0,
M01313,2024-04-30,Hospitality,South Africa,Enterprise,Paid Ads,1785.99,1,0,0.0
M01314,2024-12-30,Hospitality,South Africa,Mid-Market,Sales Team,14833.43,1,1,12.0
M01315,2024-10-06,Logistics,Ghana,Mid-Market,Referral,4638.96,1,1,8.0
M01316,2024-04-06,Hospitality,Kenya,Mid-Market,Referral,1431.18,1,0,5.0
M01317,2024-05-27,Retail,Ghana,SME,Organic,2055.2,1,0,5.0
M01318,2024-11-27,E-commerce,Ghana,Enterprise,Sales Team,1014.12,1,0,3.0
M01319,2024-12-02,Hospitality,Ghana,SME,Referral,7399.37,1,1,6.0
M01320,2024-11-24,Hospitality,South Africa,Enterprise,Partnership,2117.79,0,0,
M01321,2025-04-21,Hospitality,Ghana,Mid-Market,Partnership,3069.59,1,0,5.0
M01322,2024-08-05,Gaming,South Africa,Mid-Market,Referral,365.4,1,1,11.0
M01323,2024-04-05,Hospitality,Nigeria,Enterprise,Sales Team,1708.55,1,0,11.0
M01324,2025-03-09,Logistics,Kenya,Mid-Market,Partnership,11032.08,0,1,
M01325,2024-10-22,Healthcare,Nigeria,SME,Partnership,4470.34,1,1,13.0
M01326,2024-09-04,Healthcare,Nigeria,Enterprise,Sales Team,4427.24,1,0,6.0
M01327,2025-05-07,SaaS,Ghana,Enterprise,Partnership,10050.19,1,1,5.0
M01328,2025-03-15,Education,South Africa,Enterprise,Organic,181.49,1,0,6.0
M01329,2024-09-24,SaaS,Ghana,Mid-Market,Organic,3445.7,1,0,7.0
M01330,2024-12-16,Education,Nigeria,Mid-Market,Partnership,2543.3,1,1,9.0
M01331,2025-02-02,E-commerce,South Africa,Mid-Market,Partnership,1371.21,1,1,10.0
M01332,2025-04-08,Gaming,Kenya,Mid-Market,Paid Ads,3191.49,1,1,8.0
M01333,2025-05-06,Education,Kenya,SME,Organic,1394.44,1,1,7.0
M01334,2024-12-21,Education,Kenya,SME,Sales Team,236.56,0,1,
M01335,2024-10-23,Retail,Nigeria,Enterprise,Paid Ads,5033.72,1,1,6.0
M01336,2025-02-18,E-commerce,Kenya,Mid-Market,Organic,2548.72,0,0,
M01337,2024-03-05,SaaS,Kenya,Mid-Market,Referral,4853.16,1,1,8.0
M01338,2024-11-11,Education,Kenya,Mid-Market,Organic,3891.37,1,1,3.0
M01339,2025-01-14,SaaS,Ghana,Enterprise,Referral,2058.58,1,1,0.0
M01340,2024-12-03,Gaming,Kenya,SME,Paid Ads,4642.11,1,1,4.0
M01341,2025-02-04,Logistics,South Africa,SME,Partnership,6041.64,1,1,5.0
M01342,2025-03-17,E-commerce,Kenya,SME,Referral,1006.68,0,1,
M01343,2024-10-31,Retail,South Africa,Mid-Market,Sales Team,589.89,1,1,6.0
M01344,2024-05-01,Gaming,Ghana,SME,Partnership,3066.59,1,0,6.0
M01345,2025-01-10,Healthcare,Nigeria,Enterprise,Paid Ads,5470.45,1,1,10.0
M01346,2025-01-21,SaaS,Nigeria,SME,Sales Team,2485.4,1,0,0.0
M01347,2024-07-23,Gaming,Kenya,Mid-Market,Partnership,5388.75,1,1,9.0
M01348,2024-04-29,Hospitality,South Africa,Mid-Market,Paid Ads,5430.26,1,1,0.0
M01349,2024-03-15,Hospitality,Nigeria,Mid-Market,Sales Team,5129.41,1,1,19.0
M01350,2024-07-14,Healthcare,Nigeria,SME,Partnership,609.72,1,0,4.0
M01351,2024-11-22,Healthcare,South Africa,Enterprise,Paid Ads,4142.58,1,0,0.0
M01352,2024-06-20,Education,Kenya,SME,Paid Ads,5932.57,1,0,1.0
M01353,2024-12-01,Hospitality,South Africa,Enterprise,Referral,1092.35,1,1,0.0
M01354,2025-01-10,Logistics,Kenya,Enterprise,Referral,1100.04,1,0,10.0
M01355,2024-06-09,E-commerce,Nigeria,SME,Organic,7984.8,1,1,7.0
M01356,2024-07-29,SaaS,Nigeria,Enterprise,Sales Team,2260.7,1,1,9.0
M01357,2024-06-28,Logistics,Kenya,Mid-Market,Referral,161.19,1,1,2.0
M01358,2024-01-18,E-commerce,Nigeria,SME,Partnership,7615.73,1,1,15.0
M01359,2024-12-02,Logistics,Nigeria,Enterprise,Organic,3927.27,1,1,7.0
M01360,2024-02-14,Retail,South Africa,Enterprise,Partnership,3900.67,1,1,4.0
M01361,2025-02-15,Retail,Nigeria,Enterprise,Referral,10296.54,1,1,10.0
M01362,2024-05-09,Education,South Africa,Enterprise,Organic,8376.17,1,1,0.0
M01363,2024-11-23,Gaming,Kenya,Mid-Market,Paid Ads,2236.6,1,0,0.0
M01364,2024-05-11,Retail,Nigeria,Mid-Market,Organic,5543.03,1,1,6.0
M01365,2024-07-14,Hospitality,Kenya,SME,Paid Ads,9263.36,1,0,15.0
M01366,2025-05-04,Education,Ghana,Mid-Market,Organic,7021.73,1,1,8.0
M01367,2024-09-08,Logistics,South Africa,SME,Sales Team,1876.81,1,0,0.0
M01368,2024-02-25,Retail,South Africa,SME,Partnership,1505.62,1,1,18.0
M01369,2024-11-25,SaaS,South Africa,Enterprise,Paid Ads,3035.21,0,1,
M01370,2024-02-22,E-commerce,Nigeria,SME,Partnership,5294.59,1,1,8.0
M01371,2025-01-07,Education,South Africa,SME,Sales Team,3772.34,1,1,1.0
M01372,2024-03-17,E-commerce,Nigeria,Enterprise,Sales Team,5388.28,1,1,1.0
M01373,2024-05-16,Retail,Kenya,Mid-Market,Partnership,3782.42,0,1,
M01374,2024-01-02,Gaming,South Africa,Mid-Market,Sales Team,1671.44,1,0,2.0
M01375,2025-03-08,SaaS,Ghana,SME,Sales Team,4104.94,1,1,25.0
M01376,2025-05-03,Gaming,Nigeria,Enterprise,Partnership,13052.34,1,1,15.0
M01377,2025-04-23,Healthcare,Kenya,Enterprise,Paid Ads,2395.74,1,1,6.0
M01378,2024-07-24,E-commerce,Nigeria,Mid-Market,Partnership,7340.9,1,0,4.0
M01379,2025-03-12,Healthcare,Nigeria,Mid-Market,Paid Ads,1923.99,1,1,8.0
M01380,2024-11-27,Logistics,Ghana,Enterprise,Organic,5891.11,1,1,3.0
M01381,2025-05-10,Hospitality,Ghana,Mid-Market,Sales Team,1396.11,1,0,18.0
M01382,2025-04-03,SaaS,Kenya,Mid-Market,Organic,893.81,1,1,8.0
M01383,2025-03-29,Gaming,Ghana,SME,Organic,4248.03,1,0,3.0
M01384,2024-04-08,E-commerce,Ghana,Mid-Market,Sales Team,291.58,1,0,12.0
M01385,2024-02-02,Education,South Africa,Enterprise,Sales Team,1093.85,1,1,9.0
M01386,2025-05-09,E-commerce,Nigeria,Mid-Market,Organic,1362.85,0,0,
M01387,2024-06-21,E-commerce,South Africa,SME,Referral,1615.75,1,1,17.0
M01388,2025-02-17,Gaming,Ghana,Enterprise,Partnership,4587.18,1,1,18.0
M01389,2024-04-29,SaaS,Nigeria,Enterprise,Referral,6392.04,1,1,5.0
M01390,2024-09-07,E-commerce,South Africa,Enterprise,Organic,7283.06,1,0,0.0
M01391,2024-05-04,Retail,Nigeria,SME,Organic,1895.25,1,1,0.0
M01392,2025-04-08,Education,Nigeria,Mid-Market,Partnership,1322.47,0,1,
M01393,2024-03-28,SaaS,Nigeria,SME,Sales Team,2869.44,1,1,14.0
M01394,2024-10-31,Logistics,Nigeria,SME,Sales Team,3860.7,1,0,21.0
M01395,2024-06-21,Hospitality,Kenya,SME,Partnership,9713.38,1,0,7.0
M01396,2024-10-06,Retail,Kenya,SME,Organic,3643.49,1,0,6.0
M01397,2024-10-30,Retail,Kenya,SME,Organic,2373.14,1,1,7.0
M01398,2024-05-20,Retail,South Africa,SME,Paid Ads,1521.83,1,1,11.0
M01399,2024-10-10,Retail,South Africa,SME,Partnership,3745.15,1,1,3.0
M01400,2024-01-21,Retail,Nigeria,Enterprise,Partnership,5920.26,1,0,12.0
M01401,2024-07-11,Retail,Nigeria,Mid-Market,Organic,3623.69,1,1,5.0
M01402,2024-01-04,E-commerce,Ghana,SME,Partnership,1567.75,1,1,0.0
M01403,2025-03-30,Education,South Africa,Enterprise,Sales Team,1846.95,1,0,15.0
M01404,2024-12-20,Retail,Ghana,SME,Paid Ads,5128.38,1,1,23.0
M01405,2024-09-24,Gaming,South Africa,SME,Referral,13634.93,0,1,
M01406,2024-11-08,E-commerce,Ghana,Enterprise,Sales Team,1607.69,1,0,11.0
M01407,2024-11-09,SaaS,Kenya,Mid-Market,Sales Team,2527.46,1,1,14.0
M01408,2024-01-03,Logistics,Ghana,SME,Partnership,4912.77,0,0,
M01409,2025-05-15,SaaS,Kenya,Enterprise,Partnership,7852.39,1,1,12.0
M01410,2024-04-22,Gaming,Ghana,Mid-Market,Organic,4230.37,1,1,17.0
M01411,2024-04-09,SaaS,Ghana,Enterprise,Sales Team,1908.08,1,1,0.0
M01412,2024-09-11,Retail,Ghana,Enterprise,Organic,3230.27,1,0,9.0
M01413,2024-01-28,Healthcare,Kenya,SME,Sales Team,4471.59,0,1,
M01414,2024-05-08,Healthcare,South Africa,SME,Organic,3523.12,1,1,9.0
M01415,2025-01-14,E-commerce,Ghana,SME,Organic,5509.53,1,1,12.0
M01416,2024-09-05,SaaS,Nigeria,SME,Sales Team,1179.74,1,1,9.0
M01417,2024-10-30,Healthcare,South Africa,SME,Paid Ads,1129.03,1,1,10.0
M01418,2024-04-27,SaaS,Kenya,SME,Organic,4734.55,1,0,10.0
M01419,2024-05-01,Hospitality,Ghana,Mid-Market,Referral,1591.04,1,1,2.0
M01420,2024-02-07,Gaming,South Africa,SME,Sales Team,1727.86,1,1,13.0
M01421,2024-03-15,Logistics,South Africa,SME,Sales Team,824.67,1,0,9.0
M01422,2024-07-10,Retail,South Africa,Enterprise,Referral,10860.19,1,0,12.0
M01423,2024-11-19,Healthcare,Kenya,SME,Paid Ads,3407.37,1,1,8.0
M01424,2024-03-06,E-commerce,Nigeria,Mid-Market,Referral,3290.74,1,1,8.0
M01425,2024-02-26,Gaming,South Africa,Mid-Market,Referral,5427.27,0,1,
M01426,2025-01-24,Healthcare,Ghana,Mid-Market,Partnership,1532.62,1,1,19.0
M01427,2024-03-21,Retail,Ghana,SME,Sales Team,1982.87,1,0,5.0
M01428,2025-03-14,Gaming,Ghana,Enterprise,Sales Team,4630.59,1,1,12.0
M01429,2025-03-04,Gaming,Kenya,SME,Sales Team,2453.84,1,1,0.0
M01430,2025-01-11,Logistics,Ghana,Mid-Market,Sales Team,6127.95,1,0,8.0
M01431,2024-10-23,Logistics,Ghana,Enterprise,Organic,9990.78,1,1,5.0
M01432,2024-08-01,E-commerce,Nigeria,Mid-Market,Partnership,1532.19,0,1,
M01433,2024-01-18,Hospitality,South Africa,Mid-Market,Organic,13096.36,1,1,8.0
M01434,2024-08-19,Gaming,Ghana,SME,Partnership,565.32,1,0,2.0
M01435,2025-01-20,E-commerce,South Africa,SME,Referral,7155.15,1,0,19.0
M01436,2024-07-02,Education,Ghana,Enterprise,Organic,6984.44,1,1,10.0
M01437,2024-01-09,Gaming,Kenya,SME,Sales Team,514.1,1,1,1.0
M01438,2025-03-15,E-commerce,South Africa,Mid-Market,Referral,2101.06,1,1,0.0
M01439,2025-03-23,Hospitality,Ghana,Mid-Market,Sales Team,3566.39,1,0,1.0
M01440,2024-12-26,E-commerce,Nigeria,Mid-Market,Paid Ads,2404.64,1,1,13.0
M01441,2024-09-28,E-commerce,Kenya,Mid-Market,Paid Ads,2194.32,1,1,8.0
M01442,2024-12-23,Logistics,Nigeria,Enterprise,Paid Ads,3364.99,1,1,11.0
M01443,2025-01-11,E-commerce,Kenya,SME,Organic,4689.56,1,1,0.0
M01444,2024-07-15,Healthcare,South Africa,Enterprise,Organic,840.67,1,0,12.0
M01445,2024-07-06,Healthcare,Ghana,Enterprise,Partnership,2288.13,1,1,10.0
M01446,2024-12-26,SaaS,Ghana,SME,Paid Ads,1954.4,1,1,15.0
M01447,2024-05-02,SaaS,South Africa,Enterprise,Partnership,10293.92,1,0,8.0
M01448,2025-03-22,Logistics,Ghana,Mid-Market,Paid Ads,2002.71,1,1,1.0
M01449,2025-04-04,Education,South Africa,Mid-Market,Organic,1064.75,1,1,10.0
M01450,2024-02-02,Healthcare,Kenya,Mid-Market,Sales Team,2432.04,1,1,2.0
M01451,2024-09-13,SaaS,South Africa,Enterprise,Partnership,2430.1,1,0,0.0
M01452,2024-12-13,Education,South Africa,Enterprise,Paid Ads,2942.18,1,0,1.0
M01453,2025-02-13,SaaS,Ghana,Mid-Market,Organic,11832.1,1,1,9.0
M01454,2024-02-11,Hospitality,Ghana,Mid-Market,Organic,2482.56,1,1,10.0
M01455,2024-02-25,Retail,Kenya,SME,Referral,3136.53,1,1,12.0
M01456,2024-09-11,Retail,Ghana,Enterprise,Organic,2288.92,0,1,
M01457,2024-05-30,Hospitality,Ghana,Mid-Market,Paid Ads,5894.82,0,1,
M01458,2024-08-03,Gaming,Nigeria,Mid-Market,Referral,1304.32,1,1,13.0
M01459,2024-02-02,E-commerce,Ghana,Enterprise,Paid Ads,8558.38,1,0,12.0
M01460,2024-07-29,Healthcare,Kenya,Mid-Market,Partnership,1463.82,1,1,6.0
M01461,2024-12-06,Gaming,South Africa,Mid-Market,Partnership,6164.41,1,1,1.0
M01462,2024-03-08,Education,Ghana,Mid-Market,Referral,409.7,1,0,7.0
M01463,2024-09-04,Healthcare,Kenya,SME,Referral,12066.56,1,0,13.0
M01464,2024-06-29,Education,South Africa,SME,Partnership,13659.34,1,0,3.0
M01465,2025-04-18,Retail,Kenya,SME,Referral,4485.73,1,1,4.0
M01466,2025-03-05,Retail,Ghana,SME,Organic,2169.01,1,1,10.0
M01467,2024-01-22,Healthcare,Ghana,Mid-Market,Paid Ads,997.28,1,1,11.0
M01468,2024-07-08,Retail,Ghana,Enterprise,Organic,5454.42,1,1,12.0
M01469,2024-12-06,Healthcare,Kenya,SME,Paid Ads,2311.7,0,0,
M01470,2024-08-17,Retail,Kenya,SME,Organic,3048.38,1,0,2.0
M01471,2024-07-26,Gaming,Ghana,Mid-Market,Paid Ads,5217.66,1,0,13.0
M01472,2024-03-20,E-commerce,Kenya,Enterprise,Paid Ads,1307.37,1,1,24.0
M01473,2024-08-30,Education,Ghana,Enterprise,Sales Team,2524.46,1,0,7.0
M01474,2024-06-22,SaaS,South Africa,SME,Referral,767.49,1,1,0.0
M01475,2024-12-13,SaaS,Kenya,SME,Sales Team,841.54,1,0,11.0
M01476,2024-11-12,Logistics,South Africa,Mid-Market,Organic,2348.31,1,1,3.0
M01477,2024-06-16,E-commerce,Ghana,Enterprise,Partnership,3711.24,1,0,10.0
M01478,2024-04-23,Education,Ghana,SME,Organic,7050.11,1,0,6.0
M01479,2024-10-02,Gaming,Nigeria,Enterprise,Sales Team,2714.17,0,1,
M01480,2024-04-09,Gaming,Kenya,Enterprise,Partnership,2172.26,1,0,0.0
M01481,2024-09-18,E-commerce,Kenya,Mid-Market,Referral,9939.65,1,1,7.0
M01482,2025-01-01,Hospitality,Kenya,Mid-Market,Paid Ads,682.6,1,1,7.0
M01483,2024-01-07,Education,Kenya,Mid-Market,Paid Ads,486.7,1,1,4.0
M01484,2025-05-15,Gaming,Nigeria,SME,Sales Team,2475.5,1,0,9.0
M01485,2025-01-14,Hospitality,South Africa,Mid-Market,Referral,8812.3,1,0,11.0
M01486,2025-02-16,Hospitality,South Africa,SME,Partnership,508.36,1,0,1.0
M01487,2024-11-02,SaaS,Ghana,SME,Paid Ads,4776.86,1,1,9.0
M01488,2024-08-31,Healthcare,Nigeria,Enterprise,Sales Team,1175.08,1,0,7.0
M01489,2024-02-15,E-commerce,South Africa,Enterprise,Paid Ads,5040.4,1,1,3.0
M01490,2024-07-31,Retail,South Africa,Enterprise,Partnership,1959.34,1,0,2.0
M01491,2025-01-21,Retail,Ghana,SME,Sales Team,1958.93,1,1,0.0
M01492,2024-05-28,Gaming,Nigeria,Mid-Market,Partnership,440.89,1,0,18.0
M01493,2024-06-04,Gaming,South Africa,SME,Organic,2322.05,1,1,7.0
M01494,2025-02-09,E-commerce,Ghana,Mid-Market,Paid Ads,2677.32,1,1,4.0
M01495,2025-05-04,Gaming,Nigeria,Enterprise,Paid Ads,7231.92,1,1,13.0
M01496,2024-08-01,Retail,South Africa,Enterprise,Referral,2443.69,1,1,0.0
M01497,2024-01-15,SaaS,Kenya,Mid-Market,Organic,2078.65,1,0,0.0
M01498,2024-11-02,Healthcare,South Africa,Enterprise,Sales Team,4899.88,1,1,5.0
M01499,2025-03-20,Education,South Africa,Enterprise,Organic,17522.03,1,1,4.0
M01500,2024-07-10,E-commerce,Kenya,SME,Partnership,2742.12,1,0,9.0
M01501,2024-01-30,Retail,Kenya,Mid-Market,Referral,339.73,1,1,9.0
M01502,2024-07-01,Retail,Nigeria,Mid-Market,Paid Ads,2778.6,1,1,12.0
M01503,2024-08-02,Healthcare,Nigeria,Mid-Market,Paid Ads,10591.59,1,1,0.0
M01504,2024-09-28,SaaS,Ghana,Enterprise,Referral,6628.2,1,1,10.0
M01505,2025-01-26,SaaS,Ghana,Enterprise,Paid Ads,1217.2,1,1,15.0
M01506,2025-03-22,Healthcare,Kenya,Mid-Market,Paid Ads,5341.9,0,0,
M01507,2024-02-19,Healthcare,Ghana,SME,Referral,1013.47,0,1,
M01508,2024-09-22,Education,Kenya,Mid-Market,Sales Team,7798.81,1,0,18.0
M01509,2024-06-23,Retail,Nigeria,SME,Referral,7967.55,1,0,10.0
M01510,2024-09-14,Logistics,Ghana,Enterprise,Partnership,3723.1,1,1,0.0
M01511,2024-12-19,SaaS,South Africa,Mid-Market,Organic,469.78,1,1,3.0
M01512,2024-02-29,Retail,Nigeria,Mid-Market,Paid Ads,2469.28,1,0,0.0
M01513,2024-06-08,Healthcare,Ghana,Mid-Market,Partnership,4802.02,1,1,12.0
M01514,2024-09-24,Healthcare,Ghana,Enterprise,Paid Ads,5062.69,1,1,8.0
M01515,2024-01-15,SaaS,Ghana,SME,Referral,4744.97,1,1,10.0
M01516,2024-12-18,Logistics,Kenya,SME,Referral,2169.46,1,1,11.0
M01517,2024-03-07,SaaS,South Africa,Enterprise,Organic,715.64,1,1,1.0
M01518,2024-02-09,E-commerce,South Africa,Mid-Market,Organic,3291.62,1,0,17.0
M01519,2024-04-10,SaaS,Nigeria,Enterprise,Partnership,1806.68,1,1,14.0
M01520,2024-10-30,E-commerce,South Africa,SME,Paid Ads,3061.84,1,0,7.0
M01521,2024-01-23,SaaS,Kenya,Enterprise,Organic,8500.61,1,0,14.0
M01522,2025-01-21,SaaS,Nigeria,Enterprise,Referral,2533.63,0,1,
M01523,2024-10-27,Logistics,Ghana,Enterprise,Paid Ads,3935.31,1,0,0.0
M01524,2024-01-15,SaaS,Ghana,Enterprise,Paid Ads,12492.9,0,0,
M01525,2025-04-30,Healthcare,Kenya,SME,Partnership,887.46,1,0,5.0
M01526,2025-02-03,Logistics,Nigeria,SME,Partnership,2643.85,1,1,9.0
M01527,2025-01-25,E-commerce,Ghana,Enterprise,Referral,2598.17,1,1,9.0
M01528,2025-05-08,Education,Ghana,Enterprise,Organic,2806.64,1,1,17.0
M01529,2025-05-13,SaaS,Ghana,Enterprise,Sales Team,1169.67,1,1,0.0
M01530,2024-07-06,Retail,South Africa,Enterprise,Organic,989.39,1,1,5.0
M01531,2024-04-02,Healthcare,South Africa,Mid-Market,Referral,4626.62,1,1,8.0
M01532,2024-09-20,Logistics,South Africa,SME,Paid Ads,1685.97,1,1,7.0
M01533,2024-03-04,Gaming,Nigeria,Enterprise,Referral,5571.55,1,0,9.0
M01534,2024-09-10,Healthcare,Kenya,Enterprise,Organic,5733.58,1,0,17.0
M01535,2024-02-12,Healthcare,South Africa,SME,Sales Team,3493.4,1,1,7.0
M01536,2024-05-25,Gaming,Kenya,Enterprise,Sales Team,1912.86,1,0,0.0
M01537,2024-04-25,Hospitality,Kenya,Mid-Market,Referral,8973.29,1,0,0.0
M01538,2025-03-14,SaaS,South Africa,Enterprise,Paid Ads,2417.3,1,1,10.0
M01539,2024-04-01,E-commerce,South Africa,Enterprise,Organic,1726.87,0,1,
M01540,2024-07-21,Gaming,Nigeria,SME,Referral,3227.4,1,1,5.0
M01541,2024-07-21,Hospitality,Nigeria,Enterprise,Referral,1175.83,1,1,11.0
M01542,2024-02-03,Healthcare,Ghana,Mid-Market,Referral,3878.85,1,0,14.0
M01543,2024-10-31,Hospitality,Nigeria,SME,Sales Team,1858.84,1,0,10.0
M01544,2025-01-06,Gaming,Kenya,Enterprise,Partnership,1012.77,0,1,
M01545,2024-10-30,Education,South Africa,Mid-Market,Sales Team,2667.6,1,0,17.0
M01546,2024-12-07,Hospitality,South Africa,Enterprise,Paid Ads,4747.95,0,1,
M01547,2024-03-16,Gaming,Nigeria,SME,Paid Ads,565.39,1,1,5.0
M01548,2024-09-07,Gaming,Ghana,Enterprise,Referral,1893.03,1,0,9.0
M01549,2024-01-16,SaaS,Nigeria,SME,Sales Team,3718.48,0,1,
M01550,2024-12-13,E-commerce,Ghana,Mid-Market,Partnership,3412.64,1,0,7.0
M01551,2024-12-13,Healthcare,Ghana,Mid-Market,Partnership,3092.85,1,0,2.0
M01552,2024-11-15,SaaS,Nigeria,Enterprise,Partnership,3375.14,1,0,1.0
M01553,2025-01-27,Gaming,South Africa,SME,Paid Ads,1207.92,1,1,8.0
M01554,2024-12-04,Gaming,South Africa,Enterprise,Paid Ads,2756.25,1,0,2.0
M01555,2024-10-04,Healthcare,Nigeria,SME,Sales Team,1199.69,1,0,10.0
M01556,2025-03-26,SaaS,South Africa,Mid-Market,Paid Ads,7330.45,0,0,
M01557,2025-03-12,Hospitality,South Africa,Mid-Market,Organic,2716.31,1,1,1.0
M01558,2024-01-17,Retail,Kenya,Enterprise,Referral,2638.22,1,1,16.0
M01559,2024-09-08,Hospitality,Ghana,Mid-Market,Sales Team,2524.45,1,0,8.0
M01560,2024-09-06,SaaS,South Africa,Enterprise,Partnership,3128.37,1,1,14.0
M01561,2024-12-16,Gaming,South Africa,Enterprise,Referral,9724.73,1,0,1.0
M01562,2024-09-16,E-commerce,South Africa,Mid-Market,Sales Team,2788.98,1,1,3.0
M01563,2024-10-29,Hospitality,Kenya,Mid-Market,Paid Ads,692.32,1,1,0.0
M01564,2024-02-01,E-commerce,Nigeria,SME,Paid Ads,4830.11,1,1,11.0
M01565,2024-06-27,E-commerce,Kenya,Mid-Market,Organic,6788.42,1,0,7.0
M01566,2024-08-07,Healthcare,Kenya,Mid-Market,Paid Ads,580.15,0,0,
M01567,2024-01-29,Logistics,Ghana,SME,Paid Ads,5343.11,1,1,5.0
M01568,2024-10-30,SaaS,Nigeria,Mid-Market,Organic,2189.74,1,1,5.0
M01569,2024-06-21,Retail,Nigeria,Enterprise,Paid Ads,2849.77,1,0,6.0
M01570,2024-01-20,Gaming,South Africa,Enterprise,Partnership,12008.47,1,0,0.0
M01571,2025-04-06,Hospitality,Kenya,SME,Sales Team,3992.54,1,1,8.0
M01572,2024-10-28,E-commerce,Kenya,Mid-Market,Partnership,12446.73,1,1,10.0
M01573,2024-07-18,Healthcare,Nigeria,Mid-Market,Organic,2920.85,1,0,9.0
M01574,2024-12-19,Logistics,Kenya,Mid-Market,Partnership,6130.39,1,1,0.0
M01575,2025-02-19,Healthcare,Ghana,Enterprise,Paid Ads,4241.94,0,0,
M01576,2024-07-05,Hospitality,Ghana,Mid-Market,Organic,3356.08,1,0,15.0
M01577,2025-03-06,Logistics,Kenya,Mid-Market,Organic,5510.45,1,1,5.0
M01578,2024-06-01,Hospitality,Ghana,Enterprise,Organic,2293.37,1,1,7.0
M01579,2025-01-02,SaaS,Kenya,Mid-Market,Organic,1496.16,1,0,21.0
M01580,2024-10-17,Gaming,South Africa,SME,Paid Ads,1497.24,1,1,2.0
M01581,2025-02-11,SaaS,Kenya,Enterprise,Paid Ads,2232.0,1,1,9.0
M01582,2024-08-09,Healthcare,Ghana,Mid-Market,Sales Team,832.75,1,1,10.0
M01583,2024-05-08,Gaming,Ghana,SME,Partnership,2395.21,1,1,5.0
M01584,2025-03-17,Retail,South Africa,SME,Sales Team,2117.53,1,1,7.0
M01585,2024-05-17,Hospitality,Nigeria,Enterprise,Referral,1797.23,1,0,4.0
M01586,2024-07-05,Gaming,Ghana,SME,Referral,771.03,0,1,
M01587,2025-01-17,Education,South Africa,Mid-Market,Paid Ads,4149.56,1,1,7.0
M01588,2025-03-16,SaaS,Ghana,Mid-Market,Paid Ads,4432.52,1,0,18.0
M01589,2025-02-25,Education,Ghana,Mid-Market,Partnership,3128.72,1,1,0.0
M01590,2024-04-30,Hospitality,Ghana,SME,Referral,4594.17,1,0,7.0
M01591,2024-04-08,E-commerce,Ghana,Mid-Market,Sales Team,1739.48,1,1,1.0
M01592,2024-09-05,Hospitality,South Africa,Enterprise,Organic,3348.04,1,0,3.0
M01593,2024-04-13,Retail,Kenya,SME,Organic,10734.67,1,1,3.0
M01594,2024-05-12,Education,Ghana,Enterprise,Organic,4324.39,1,1,12.0
M01595,2025-05-08,Gaming,Nigeria,SME,Organic,952.11,1,0,4.0
M01596,2024-06-09,Education,Nigeria,Mid-Market,Paid Ads,1102.53,1,1,4.0
M01597,2024-12-09,SaaS,South Africa,Enterprise,Referral,649.8,1,0,6.0
M01598,2024-04-30,SaaS,Nigeria,Enterprise,Partnership,9887.69,0,1,
M01599,2025-05-01,Education,South Africa,SME,Referral,6683.77,1,1,17.0
M01600,2024-11-03,SaaS,Kenya,Mid-Market,Partnership,3965.18,1,1,29.0
M01601,2025-01-12,Hospitality,Ghana,Mid-Market,Referral,1798.12,1,1,2.0
M01602,2024-03-14,SaaS,Ghana,SME,Paid Ads,4097.91,1,1,1.0
M01603,2024-08-13,Hospitality,Kenya,Enterprise,Organic,2472.27,1,0,20.0
M01604,2024-09-08,Healthcare,Nigeria,Mid-Market,Partnership,4452.09,1,1,9.0
M01605,2024-08-04,Gaming,Ghana,Mid-Market,Referral,5607.99,0,1,
M01606,2024-07-04,Gaming,Kenya,Mid-Market,Organic,6924.54,1,0,3.0
M01607,2024-11-26,E-commerce,Nigeria,Enterprise,Referral,2384.02,1,1,0.0
M01608,2024-05-09,Hospitality,Kenya,Enterprise,Paid Ads,4578.92,1,1,9.0
M01609,2025-04-07,SaaS,Ghana,Mid-Market,Sales Team,1250.23,1,1,3.0
M01610,2024-01-05,Hospitality,Kenya,Mid-Market,Organic,4014.03,1,1,8.0
M01611,2025-04-24,Logistics,Kenya,SME,Referral,2728.07,1,1,7.0
M01612,2025-04-13,Gaming,Kenya,Enterprise,Sales Team,7942.59,1,1,6.0
M01613,2025-02-08,E-commerce,Kenya,SME,Sales Team,1941.94,1,1,13.0
M01614,2024-08-29,Hospitality,Kenya,Enterprise,Sales Team,2471.04,1,1,6.0
M01615,2025-03-24,SaaS,Ghana,Enterprise,Paid Ads,1623.44,1,1,12.0
M01616,2024-09-16,SaaS,Kenya,Mid-Market,Partnership,3590.53,1,1,0.0
M01617,2025-01-08,Healthcare,South Africa,Enterprise,Organic,2525.65,1,0,10.0
M01618,2025-01-25,E-commerce,Ghana,Enterprise,Sales Team,11294.3,1,0,3.0
M01619,2025-02-09,Retail,Nigeria,Mid-Market,Referral,1268.96,0,1,
M01620,2024-11-17,Education,Kenya,Enterprise,Organic,3629.87,1,1,7.0
M01621,2024-02-26,Retail,Ghana,Enterprise,Referral,9202.76,1,1,22.0
M01622,2025-03-09,Hospitality,Kenya,Mid-Market,Sales Team,4449.3,1,0,0.0
M01623,2025-03-23,Retail,Kenya,SME,Partnership,1608.53,0,1,
M01624,2025-02-27,Healthcare,Kenya,SME,Organic,890.74,1,1,10.0
M01625,2024-07-31,Healthcare,Ghana,Mid-Market,Sales Team,6486.64,1,1,11.0
M01626,2025-04-28,Logistics,Nigeria,SME,Partnership,2203.89,1,1,6.0
M01627,2024-11-27,Logistics,Nigeria,Mid-Market,Referral,5799.46,0,1,
M01628,2024-05-14,Retail,Nigeria,Mid-Market,Partnership,527.82,0,1,
M01629,2024-08-07,Education,Ghana,SME,Paid Ads,8191.42,1,0,17.0
M01630,2024-03-28,SaaS,Nigeria,Enterprise,Partnership,4246.52,1,1,10.0
M01631,2024-08-10,Gaming,South Africa,SME,Referral,3477.9,1,1,15.0
M01632,2024-12-31,Logistics,Ghana,Mid-Market,Paid Ads,2340.11,1,1,8.0
M01633,2025-01-17,Gaming,South Africa,SME,Sales Team,4237.3,1,1,1.0
M01634,2025-03-14,Logistics,Ghana,Mid-Market,Referral,1990.43,0,1,
M01635,2024-08-02,Retail,South Africa,SME,Organic,699.54,1,1,4.0
M01636,2024-05-28,Education,Ghana,Enterprise,Sales Team,2844.44,1,0,2.0
M01637,2025-04-09,Logistics,Kenya,Enterprise,Sales Team,4670.28,1,0,10.0
M01638,2024-02-13,E-commerce,South Africa,SME,Paid Ads,434.63,1,1,0.0
M01639,2025-05-13,Hospitality,Ghana,Enterprise,Sales Team,6846.05,1,0,12.0
M01640,2024-12-28,Hospitality,Kenya,SME,Organic,3411.38,1,1,9.0
M01641,2024-10-12,E-commerce,Nigeria,Mid-Market,Referral,1813.41,1,0,6.0
M01642,2024-08-29,Healthcare,Nigeria,SME,Paid Ads,3003.99,1,1,8.0
M01643,2024-09-15,Hospitality,Kenya,Mid-Market,Paid Ads,897.5,1,0,3.0
M01644,2024-03-08,E-commerce,Ghana,Mid-Market,Referral,2706.11,1,1,15.0
M01645,2024-09-14,Gaming,Kenya,Mid-Market,Referral,4299.48,1,0,8.0
M01646,2024-02-15,Healthcare,South Africa,SME,Paid Ads,457.82,1,1,15.0
M01647,2024-02-29,Healthcare,Nigeria,SME,Sales Team,3472.22,1,0,6.0
M01648,2025-03-22,Education,Kenya,Mid-Market,Paid Ads,999.24,1,1,13.0
M01649,2025-04-07,Education,Kenya,Enterprise,Paid Ads,1542.23,1,1,1.0
M01650,2024-08-11,Retail,Kenya,Enterprise,Sales Team,1025.98,1,1,0.0
M01651,2025-01-26,Retail,South Africa,SME,Referral,195.79,1,1,13.0
M01652,2024-03-17,E-commerce,Ghana,SME,Organic,461.14,1,0,10.0
M01653,2024-08-28,Education,Ghana,Enterprise,Sales Team,10218.39,1,0,2.0
M01654,2024-08-11,SaaS,South Africa,SME,Sales Team,2271.24,1,0,5.0
M01655,2024-07-01,Gaming,South Africa,Mid-Market,Organic,2449.8,0,1,
M01656,2025-03-09,Retail,Nigeria,Mid-Market,Organic,3574.67,1,1,11.0
M01657,2024-04-14,Education,Ghana,SME,Partnership,2879.17,1,1,7.0
M01658,2025-02-25,Education,Ghana,Enterprise,Organic,1806.63,0,0,
M01659,2024-09-26,Retail,South Africa,SME,Referral,1843.04,0,0,
M01660,2025-01-28,Gaming,Nigeria,Mid-Market,Organic,2753.69,1,1,0.0
M01661,2024-05-25,SaaS,South Africa,Mid-Market,Partnership,4718.79,1,1,9.0
M01662,2025-04-20,SaaS,Kenya,SME,Organic,5492.61,1,1,12.0
M01663,2024-02-11,Gaming,South Africa,Mid-Market,Paid Ads,335.52,1,1,5.0
M01664,2024-10-31,E-commerce,Kenya,SME,Partnership,1317.89,1,1,6.0
M01665,2025-05-01,Gaming,Kenya,Enterprise,Partnership,3042.71,1,1,3.0
M01666,2024-03-07,Logistics,Nigeria,Enterprise,Paid Ads,5440.45,1,1,5.0
M01667,2024-06-14,E-commerce,Nigeria,Enterprise,Partnership,8291.3,0,1,
M01668,2024-07-14,SaaS,South Africa,Mid-Market,Referral,1733.44,1,1,10.0
M01669,2024-05-02,Hospitality,Nigeria,SME,Referral,3445.68,1,0,5.0
M01670,2024-03-24,Hospitality,South Africa,Mid-Market,Referral,2058.97,1,1,12.0
M01671,2024-03-02,Education,South Africa,Mid-Market,Paid Ads,2349.29,1,0,20.0
M01672,2025-04-07,Retail,Kenya,Enterprise,Organic,787.04,1,0,18.0
M01673,2025-03-02,Healthcare,Ghana,Mid-Market,Sales Team,3712.28,0,1,
M01674,2025-03-29,Hospitality,South Africa,Mid-Market,Partnership,1011.52,1,1,18.0
M01675,2024-11-03,Hospitality,Nigeria,Mid-Market,Paid Ads,10144.84,1,1,14.0
M01676,2024-11-10,Retail,South Africa,Enterprise,Sales Team,7085.16,1,1,8.0
M01677,2024-02-17,E-commerce,Kenya,Mid-Market,Referral,994.78,1,1,0.0
M01678,2024-11-27,Retail,South Africa,Enterprise,Partnership,3294.14,0,1,
M01679,2024-02-12,Education,South Africa,Mid-Market,Organic,5297.33,1,0,15.0
M01680,2025-04-09,Gaming,Kenya,SME,Referral,2712.7,0,0,
M01681,2024-12-16,Education,Ghana,Enterprise,Sales Team,2870.86,1,1,9.0
M01682,2024-05-31,E-commerce,Nigeria,SME,Partnership,3038.68,1,0,5.0
M01683,2024-02-25,Hospitality,South Africa,SME,Sales Team,7448.14,1,1,8.0
M01684,2024-12-04,Education,Kenya,Mid-Market,Partnership,5556.36,1,1,14.0
M01685,2024-02-11,E-commerce,Nigeria,Enterprise,Sales Team,5685.51,1,1,18.0
M01686,2024-04-01,Retail,South Africa,SME,Organic,4434.44,1,0,7.0
M01687,2024-08-01,Education,Kenya,Enterprise,Sales Team,8218.93,0,1,
M01688,2025-01-22,Gaming,Kenya,Mid-Market,Referral,3539.99,1,1,13.0
M01689,2024-04-18,Retail,Nigeria,Enterprise,Partnership,14341.45,1,1,13.0
M01690,2024-05-12,SaaS,South Africa,Enterprise,Organic,2783.63,1,0,13.0
M01691,2024-01-03,Hospitality,Nigeria,SME,Referral,2551.45,1,1,18.0
M01692,2024-12-01,Gaming,South Africa,Enterprise,Sales Team,3233.28,1,1,19.0
M01693,2025-03-20,Gaming,Kenya,Enterprise,Partnership,10993.57,1,0,7.0
M01694,2024-07-03,Hospitality,Kenya,SME,Referral,1391.76,1,1,4.0
M01695,2024-03-10,E-commerce,Ghana,SME,Organic,1757.96,1,1,14.0
M01696,2024-12-22,Logistics,Nigeria,SME,Sales Team,4287.46,1,1,5.0
M01697,2024-11-28,Retail,Ghana,Mid-Market,Partnership,4775.72,1,0,14.0
M01698,2024-04-07,SaaS,Kenya,Mid-Market,Referral,1737.58,1,1,5.0
M01699,2024-08-30,Hospitality,Nigeria,SME,Referral,1674.7,1,0,16.0
M01700,2025-04-07,Retail,South Africa,Mid-Market,Sales Team,3038.65,1,1,11.0
M01701,2024-01-11,Gaming,Ghana,SME,Paid Ads,8753.84,1,0,12.0
M01702,2024-10-18,Hospitality,Nigeria,Mid-Market,Organic,5575.71,1,1,25.0
M01703,2024-02-22,Hospitality,South Africa,Mid-Market,Partnership,2273.19,1,0,6.0
M01704,2024-11-01,Education,Nigeria,Mid-Market,Sales Team,4514.14,1,1,4.0
M01705,2024-09-05,Gaming,Ghana,Enterprise,Organic,1635.4,1,1,0.0
M01706,2024-09-27,E-commerce,South Africa,Enterprise,Paid Ads,3670.63,1,1,2.0
M01707,2024-10-10,SaaS,Kenya,Enterprise,Sales Team,5416.62,1,1,2.0
M01708,2025-03-31,Gaming,Nigeria,Mid-Market,Partnership,5357.25,1,1,3.0
M01709,2025-04-25,Healthcare,South Africa,Enterprise,Sales Team,9013.3,1,0,5.0
M01710,2024-01-11,Retail,Kenya,Enterprise,Referral,3485.91,1,1,9.0
M01711,2024-08-28,Healthcare,South Africa,SME,Partnership,3723.72,1,0,15.0
M01712,2024-04-22,Healthcare,South Africa,SME,Paid Ads,4467.19,1,0,11.0
M01713,2025-01-05,Hospitality,South Africa,Enterprise,Paid Ads,2525.66,1,1,13.0
M01714,2025-02-11,Gaming,Ghana,Enterprise,Referral,4212.61,1,0,6.0
M01715,2024-05-24,SaaS,South Africa,SME,Referral,7520.09,1,1,6.0
M01716,2024-04-12,Retail,South Africa,SME,Sales Team,3714.63,1,1,16.0
M01717,2025-04-27,Gaming,Kenya,SME,Referral,1279.11,1,0,12.0
M01718,2024-10-12,E-commerce,Nigeria,Mid-Market,Paid Ads,7402.57,1,1,0.0
M01719,2024-07-01,Retail,Ghana,Enterprise,Organic,584.22,1,0,6.0
M01720,2025-02-17,SaaS,Kenya,Mid-Market,Organic,5787.67,0,0,
M01721,2024-11-12,Logistics,Nigeria,Enterprise,Referral,1512.79,1,1,2.0
M01722,2024-09-06,Education,Kenya,Mid-Market,Organic,515.47,1,1,0.0
M01723,2025-01-29,Education,Ghana,Enterprise,Partnership,862.22,1,1,11.0
M01724,2024-11-05,SaaS,Nigeria,Mid-Market,Sales Team,2299.21,1,0,8.0
M01725,2025-05-07,SaaS,Nigeria,Enterprise,Partnership,3880.07,1,1,9.0
M01726,2025-02-04,SaaS,Nigeria,Enterprise,Organic,576.39,0,1,
M01727,2024-03-26,SaaS,Ghana,Mid-Market,Referral,6406.74,1,0,3.0
M01728,2025-01-07,Education,South Africa,Enterprise,Sales Team,4717.43,1,0,5.0
M01729,2025-01-10,SaaS,Ghana,Enterprise,Paid Ads,1439.22,1,1,14.0
M01730,2024-06-20,Retail,Nigeria,SME,Sales Team,923.68,1,0,4.0
M01731,2025-05-11,Hospitality,Nigeria,SME,Sales Team,7409.49,1,0,2.0
M01732,2024-06-23,Education,Ghana,SME,Paid Ads,2472.2,1,1,6.0
M01733,2024-07-09,Hospitality,Kenya,Enterprise,Referral,5998.47,1,1,10.0
M01734,2024-03-18,Hospitality,Ghana,SME,Sales Team,10094.26,1,1,7.0
M01735,2024-07-30,Hospitality,South Africa,Enterprise,Paid Ads,3402.41,0,0,
M01736,2025-04-28,E-commerce,South Africa,SME,Organic,2784.35,1,0,13.0
M01737,2025-01-02,SaaS,Nigeria,Mid-Market,Paid Ads,2486.95,1,0,9.0
M01738,2024-07-24,Retail,South Africa,SME,Sales Team,7619.43,1,1,11.0
M01739,2025-01-23,E-commerce,Ghana,Enterprise,Organic,3391.8,1,1,10.0
M01740,2025-05-15,Education,South Africa,Mid-Market,Partnership,2170.42,1,1,0.0
M01741,2025-03-23,Education,Kenya,Mid-Market,Organic,3563.7,1,0,20.0
M01742,2025-02-27,Education,Ghana,Enterprise,Sales Team,1890.12,1,0,0.0
M01743,2024-08-16,Logistics,South Africa,Enterprise,Paid Ads,3763.31,1,1,0.0
M01744,2025-03-30,Hospitality,Ghana,Mid-Market,Organic,1124.05,1,0,0.0
M01745,2024-01-19,Healthcare,South Africa,Enterprise,Referral,653.77,1,1,10.0
M01746,2024-09-23,Education,Ghana,SME,Partnership,1426.17,0,0,
M01747,2024-10-09,Education,Kenya,Enterprise,Referral,5097.21,1,0,6.0
M01748,2024-01-12,E-commerce,Kenya,SME,Paid Ads,5192.52,1,1,15.0
M01749,2025-01-06,Hospitality,Nigeria,Enterprise,Organic,974.42,1,1,0.0
M01750,2025-03-06,Healthcare,Kenya,Enterprise,Partnership,3231.3,1,1,11.0
M01751,2024-06-30,SaaS,Nigeria,Enterprise,Organic,8366.05,0,0,
M01752,2024-08-17,Education,Nigeria,Mid-Market,Paid Ads,5632.12,1,1,15.0
M01753,2024-04-30,Logistics,Kenya,Mid-Market,Paid Ads,239.38,1,0,18.0
M01754,2024-12-07,Retail,South Africa,Enterprise,Referral,8006.3,1,0,11.0
M01755,2024-02-23,Healthcare,Ghana,Mid-Market,Sales Team,2984.09,1,1,7.0
M01756,2024-02-20,Retail,South Africa,Mid-Market,Organic,4361.2,1,0,4.0
M01757,2024-02-17,E-commerce,South Africa,SME,Sales Team,2176.6,1,0,0.0
M01758,2024-04-19,Gaming,Nigeria,Mid-Market,Partnership,1242.4,1,0,10.0
M01759,2024-07-25,Hospitality,Kenya,Enterprise,Sales Team,3224.84,1,1,8.0
M01760,2024-11-21,Hospitality,South Africa,Enterprise,Sales Team,7443.24,1,1,0.0
M01761,2025-01-09,Hospitality,Ghana,SME,Partnership,6200.84,1,1,12.0
M01762,2024-03-06,Gaming,South Africa,SME,Partnership,6877.13,0,1,
M01763,2025-03-17,SaaS,Ghana,Mid-Market,Sales Team,3959.11,1,0,8.0
M01764,2024-01-17,Retail,Kenya,SME,Partnership,1901.64,1,1,16.0
M01765,2025-03-12,Hospitality,Nigeria,SME,Paid Ads,2479.98,1,1,1.0
M01766,2024-10-19,Education,Nigeria,Enterprise,Referral,1943.41,1,0,2.0
M01767,2024-03-01,Healthcare,Kenya,Mid-Market,Paid Ads,2367.37,1,1,7.0
M01768,2024-05-30,Gaming,Nigeria,SME,Referral,1250.1,1,1,17.0
M01769,2025-02-05,Hospitality,Nigeria,Mid-Market,Paid Ads,1498.92,1,1,4.0
M01770,2024-04-20,Retail,South Africa,SME,Organic,6023.66,1,1,24.0
M01771,2024-10-07,Healthcare,Nigeria,SME,Sales Team,7938.85,1,1,9.0
M01772,2024-09-03,Education,South Africa,Mid-Market,Sales Team,1579.73,1,1,14.0
M01773,2024-08-31,Retail,Ghana,Enterprise,Sales Team,8779.92,1,0,6.0
M01774,2025-01-24,Gaming,South Africa,SME,Paid Ads,3367.48,1,1,16.0
M01775,2024-02-15,Hospitality,South Africa,SME,Sales Team,6418.33,1,1,3.0
M01776,2024-06-22,E-commerce,South Africa,Enterprise,Paid Ads,1546.63,1,1,4.0
M01777,2024-11-26,SaaS,Ghana,Enterprise,Organic,756.04,0,1,
M01778,2024-10-19,Education,Nigeria,Enterprise,Partnership,4152.69,1,1,0.0
M01779,2024-02-13,Logistics,Nigeria,Enterprise,Partnership,5354.4,1,0,3.0
M01780,2024-04-06,Gaming,Nigeria,SME,Partnership,1863.75,1,1,0.0
M01781,2024-04-02,E-commerce,Kenya,SME,Referral,1760.28,1,0,2.0
M01782,2025-02-28,Gaming,Nigeria,Enterprise,Partnership,2138.54,1,1,3.0
M01783,2024-06-13,Hospitality,Nigeria,Mid-Market,Organic,6247.86,1,1,13.0
M01784,2024-06-23,Hospitality,Ghana,Mid-Market,Organic,2084.91,0,0,
M01785,2025-03-16,Healthcare,South Africa,Mid-Market,Organic,8865.24,1,0,4.0
M01786,2024-02-28,SaaS,Ghana,Mid-Market,Referral,1182.34,1,0,7.0
M01787,2024-04-03,Education,Nigeria,SME,Paid Ads,1727.97,1,1,13.0
M01788,2025-05-02,Hospitality,Ghana,SME,Partnership,1498.88,1,1,6.0
M01789,2025-05-07,Healthcare,Ghana,SME,Organic,2734.63,1,1,3.0
M01790,2024-06-01,Hospitality,Nigeria,Mid-Market,Referral,4962.72,1,0,9.0
M01791,2024-07-30,Healthcare,Kenya,Mid-Market,Organic,2908.56,1,1,4.0
M01792,2024-01-27,Logistics,Ghana,Enterprise,Partnership,8596.23,0,1,
M01793,2024-05-01,Gaming,South Africa,SME,Paid Ads,3781.96,1,1,10.0
M01794,2024-02-01,Healthcare,South Africa,Enterprise,Sales Team,784.82,1,1,8.0
M01795,2024-02-03,Gaming,Nigeria,Mid-Market,Referral,4863.87,1,1,24.0
M01796,2025-04-12,E-commerce,Kenya,Enterprise,Partnership,2657.72,1,1,5.0
M01797,2024-12-11,SaaS,Ghana,Enterprise,Referral,1358.33,1,0,12.0
M01798,2024-06-04,Hospitality,South Africa,SME,Partnership,3474.85,1,0,8.0
M01799,2024-04-14,Retail,Kenya,Enterprise,Referral,7943.79,1,1,8.0
M01800,2025-02-04,Logistics,South Africa,Enterprise,Sales Team,8741.16,1,1,0.0
M01801,2024-01-22,E-commerce,South Africa,Enterprise,Paid Ads,1393.23,1,0,7.0
M01802,2024-11-30,Retail,Nigeria,SME,Sales Team,2638.25,1,0,18.0
M01803,2024-05-19,Education,South Africa,Mid-Market,Referral,1944.66,1,0,10.0
M01804,2024-10-26,Education,Nigeria,SME,Partnership,3619.99,1,1,10.0
M01805,2024-10-15,SaaS,Kenya,SME,Sales Team,15611.16,0,1,
M01806,2024-12-23,SaaS,Ghana,Enterprise,Partnership,1675.69,1,1,8.0
M01807,2024-05-23,Hospitality,Ghana,Enterprise,Partnership,3431.16,1,0,12.0
M01808,2025-05-05,Healthcare,Kenya,Enterprise,Paid Ads,2573.86,1,1,0.0
M01809,2025-01-20,Gaming,Kenya,SME,Paid Ads,3659.9,1,1,0.0
M01810,2024-06-23,Logistics,South Africa,Enterprise,Paid Ads,2095.33,1,1,7.0
M01811,2024-01-09,Retail,Nigeria,Enterprise,Sales Team,6494.02,1,1,0.0
M01812,2024-01-03,E-commerce,Ghana,Mid-Market,Partnership,3739.75,1,0,8.0
M01813,2025-04-03,Gaming,South Africa,Enterprise,Organic,6360.81,1,0,13.0
M01814,2025-02-07,SaaS,Nigeria,Enterprise,Sales Team,2794.81,1,0,7.0
M01815,2024-12-10,SaaS,Kenya,Mid-Market,Partnership,2526.73,1,0,14.0
M01816,2024-07-02,Hospitality,Ghana,Enterprise,Organic,2683.07,1,1,11.0
M01817,2024-03-04,Gaming,Kenya,SME,Sales Team,2202.15,1,1,0.0
M01818,2024-01-05,Logistics,Nigeria,Mid-Market,Paid Ads,3516.57,1,1,2.0
M01819,2024-04-08,SaaS,Kenya,Enterprise,Referral,2797.65,0,0,
M01820,2024-04-29,Gaming,Kenya,SME,Paid Ads,11637.42,1,1,6.0
M01821,2024-09-09,Logistics,Nigeria,SME,Sales Team,1019.1,1,0,6.0
M01822,2024-02-26,Education,South Africa,SME,Partnership,4946.42,1,1,13.0
M01823,2024-04-09,Retail,Nigeria,Enterprise,Referral,1335.8,1,1,5.0
M01824,2025-01-16,SaaS,Ghana,Mid-Market,Partnership,821.36,1,0,10.0
M01825,2025-03-14,Logistics,Kenya,SME,Organic,2499.87,1,1,24.0
M01826,2025-05-11,Education,South Africa,SME,Sales Team,1852.54,1,0,7.0
M01827,2024-11-24,E-commerce,Kenya,Mid-Market,Sales Team,4717.19,1,0,8.0
M01828,2024-05-20,SaaS,South Africa,Mid-Market,Paid Ads,5237.67,1,1,0.0
M01829,2024-09-21,E-commerce,Ghana,SME,Paid Ads,2106.96,1,0,0.0
M01830,2025-04-15,Hospitality,South Africa,Mid-Market,Organic,5049.67,1,1,7.0
M01831,2024-07-19,Logistics,Kenya,SME,Partnership,1128.25,1,1,10.0
M01832,2025-02-17,E-commerce,Ghana,Enterprise,Sales Team,5439.37,1,1,15.0
M01833,2025-05-05,SaaS,Ghana,SME,Referral,4938.43,1,0,6.0
M01834,2024-06-17,Education,Nigeria,Enterprise,Organic,2750.58,1,1,5.0
M01835,2024-01-15,Gaming,South Africa,SME,Partnership,4692.6,1,1,3.0
M01836,2025-02-12,Healthcare,Kenya,SME,Organic,5641.28,1,0,9.0
M01837,2024-08-30,Logistics,Kenya,SME,Paid Ads,3713.53,1,1,2.0
M01838,2024-09-23,Logistics,Nigeria,Enterprise,Partnership,4281.64,1,1,17.0
M01839,2024-08-12,SaaS,South Africa,Enterprise,Organic,8223.03,1,1,6.0
M01840,2024-02-13,E-commerce,Nigeria,Mid-Market,Paid Ads,1122.24,1,1,0.0
M01841,2025-03-31,SaaS,Ghana,SME,Sales Team,4618.92,1,1,0.0
M01842,2024-01-29,Education,South Africa,SME,Organic,9689.91,1,0,8.0
M01843,2024-12-12,E-commerce,Nigeria,Mid-Market,Sales Team,6549.33,0,0,
M01844,2024-07-24,SaaS,South Africa,SME,Partnership,12223.25,1,1,16.0
M01845,2025-02-07,E-commerce,South Africa,Mid-Market,Sales Team,5787.12,1,1,17.0
M01846,2025-02-11,Hospitality,Nigeria,Mid-Market,Organic,2280.49,1,1,4.0
M01847,2024-08-20,Healthcare,Ghana,SME,Organic,541.09,1,0,16.0
M01848,2024-01-07,SaaS,Ghana,Enterprise,Referral,4232.53,1,1,8.0
M01849,2024-11-22,Education,Kenya,Mid-Market,Sales Team,1590.57,1,0,3.0
M01850,2025-01-06,Gaming,Ghana,SME,Referral,10977.94,1,1,7.0
M01851,2025-02-12,E-commerce,Nigeria,SME,Paid Ads,3938.77,1,1,3.0
M01852,2024-10-26,Hospitality,Kenya,Mid-Market,Partnership,5068.29,1,1,9.0
M01853,2025-03-29,Retail,Ghana,Mid-Market,Paid Ads,7037.78,1,1,9.0
M01854,2024-11-04,Healthcare,Kenya,Mid-Market,Organic,1820.06,0,1,
M01855,2024-09-22,Retail,Nigeria,SME,Partnership,6116.02,1,1,21.0
M01856,2025-02-23,E-commerce,South Africa,Mid-Market,Referral,2907.78,1,1,19.0
M01857,2025-05-14,Logistics,Ghana,SME,Paid Ads,7280.41,1,0,12.0
M01858,2024-04-06,Gaming,South Africa,Enterprise,Paid Ads,3048.63,1,1,8.0
M01859,2025-03-12,Healthcare,Kenya,Mid-Market,Paid Ads,4204.01,1,1,7.0
M01860,2024-03-24,SaaS,South Africa,SME,Sales Team,2076.49,1,1,6.0
M01861,2024-04-22,E-commerce,Ghana,Enterprise,Referral,2991.99,1,1,0.0
M01862,2024-08-26,Logistics,Ghana,Mid-Market,Paid Ads,2063.54,1,1,3.0
M01863,2025-02-17,Hospitality,Ghana,Mid-Market,Referral,5800.06,1,1,16.0
M01864,2025-02-26,E-commerce,Kenya,SME,Organic,960.62,1,1,16.0
M01865,2024-07-02,E-commerce,Nigeria,SME,Paid Ads,2882.23,1,0,6.0
M01866,2024-08-13,Logistics,Kenya,SME,Organic,4384.7,1,1,6.0
M01867,2024-04-11,Logistics,Kenya,SME,Referral,1821.33,1,0,4.0
M01868,2025-03-29,Education,Ghana,Mid-Market,Partnership,2248.22,1,1,2.0
M01869,2024-05-05,Retail,Ghana,SME,Referral,2643.3,1,1,8.0
M01870,2025-03-07,Education,Nigeria,SME,Referral,3735.29,1,1,13.0
M01871,2024-07-13,SaaS,Kenya,SME,Paid Ads,3571.99,1,1,2.0
M01872,2024-08-21,Logistics,Kenya,Mid-Market,Referral,4474.17,1,0,18.0
M01873,2025-04-26,Hospitality,Nigeria,SME,Referral,3747.07,1,1,0.0
M01874,2025-03-27,Retail,Ghana,SME,Partnership,4555.18,1,0,16.0
M01875,2024-07-12,Healthcare,Kenya,Enterprise,Sales Team,3978.06,1,1,0.0
M01876,2025-05-15,Logistics,Nigeria,Enterprise,Partnership,2967.14,1,1,11.0
M01877,2024-04-06,Education,Ghana,Mid-Market,Referral,7326.3,1,1,14.0
M01878,2024-01-28,Education,Ghana,Enterprise,Partnership,3238.99,0,0,
M01879,2025-03-29,Gaming,Ghana,Enterprise,Organic,1149.01,1,1,4.0
M01880,2025-02-05,Gaming,Nigeria,SME,Partnership,13649.88,1,0,0.0
M01881,2024-07-17,Healthcare,South Africa,Enterprise,Sales Team,1013.13,1,1,5.0
M01882,2024-04-01,Healthcare,Kenya,Enterprise,Sales Team,2937.64,1,1,2.0
M01883,2025-01-01,Gaming,South Africa,Mid-Market,Partnership,2544.29,1,1,6.0
M01884,2024-07-24,E-commerce,Ghana,SME,Referral,2837.29,1,0,13.0
M01885,2024-08-19,Logistics,South Africa,SME,Paid Ads,2884.77,1,0,9.0
M01886,2024-08-05,Hospitality,Ghana,Mid-Market,Paid Ads,3599.04,1,0,9.0
M01887,2024-10-08,SaaS,Ghana,SME,Paid Ads,1494.82,1,1,6.0
M01888,2024-08-15,Healthcare,Ghana,Enterprise,Organic,2213.21,1,0,11.0
M01889,2024-08-26,Healthcare,South Africa,Mid-Market,Sales Team,5230.84,1,0,0.0
M01890,2024-08-09,Hospitality,Kenya,Mid-Market,Paid Ads,1852.72,1,1,17.0
M01891,2024-05-19,Hospitality,Nigeria,SME,Sales Team,3825.96,1,0,12.0
M01892,2024-04-29,Education,Nigeria,Mid-Market,Organic,2184.3,1,0,1.0
M01893,2024-05-30,SaaS,Kenya,SME,Organic,10178.47,1,1,0.0
M01894,2024-03-01,SaaS,Kenya,SME,Partnership,1651.76,1,1,12.0
M01895,2024-04-12,Healthcare,Ghana,Enterprise,Paid Ads,2259.6,1,0,6.0
M01896,2024-05-08,Education,Kenya,SME,Partnership,3352.35,1,1,14.0
M01897,2024-03-11,Education,Nigeria,Mid-Market,Paid Ads,6320.94,0,1,
M01898,2025-02-25,Healthcare,South Africa,Mid-Market,Partnership,5324.47,1,0,12.0
M01899,2025-01-22,E-commerce,South Africa,Enterprise,Partnership,3574.2,1,0,7.0
M01900,2025-01-24,Retail,South Africa,SME,Referral,12212.73,0,0,
M01901,2025-01-05,Logistics,South Africa,SME,Partnership,12892.44,1,0,11.0
M01902,2024-10-27,Gaming,South Africa,Mid-Market,Organic,1726.14,1,1,8.0
M01903,2024-06-09,Logistics,South Africa,Enterprise,Sales Team,2211.98,0,1,
M01904,2024-04-17,Gaming,South Africa,Enterprise,Organic,2252.44,1,1,10.0
M01905,2024-07-10,Retail,Ghana,Mid-Market,Organic,3991.83,1,1,4.0
M01906,2024-09-12,Healthcare,Kenya,SME,Sales Team,1209.38,1,1,21.0
M01907,2024-08-05,Hospitality,Kenya,Mid-Market,Partnership,2241.79,1,0,13.0
M01908,2024-01-12,E-commerce,Ghana,SME,Paid Ads,1878.45,1,1,9.0
M01909,2024-10-17,Hospitality,South Africa,SME,Sales Team,3349.84,0,1,
M01910,2024-02-02,Hospitality,Ghana,Mid-Market,Organic,5085.28,1,0,0.0
M01911,2024-06-17,Gaming,Kenya,SME,Referral,9488.28,1,0,10.0
M01912,2024-02-23,Retail,Nigeria,Enterprise,Partnership,1411.12,0,0,
M01913,2024-09-07,E-commerce,Ghana,SME,Organic,8121.74,1,0,6.0
M01914,2025-04-11,Hospitality,Kenya,SME,Referral,22056.88,1,1,12.0
M01915,2024-05-29,SaaS,South Africa,SME,Paid Ads,2384.19,0,0,
M01916,2024-09-22,E-commerce,Ghana,Mid-Market,Sales Team,6115.12,1,0,1.0
M01917,2024-07-19,Retail,Nigeria,SME,Partnership,2104.06,1,0,0.0
M01918,2024-08-02,Gaming,Nigeria,Mid-Market,Referral,1266.66,1,1,13.0
M01919,2024-03-07,Logistics,Kenya,Mid-Market,Sales Team,5090.61,1,1,9.0
M01920,2024-03-22,Education,Ghana,Enterprise,Sales Team,2427.35,1,1,4.0
M01921,2024-05-21,Logistics,Nigeria,SME,Sales Team,5617.97,1,1,0.0
M01922,2024-02-02,Hospitality,Ghana,Enterprise,Paid Ads,7209.28,1,1,2.0
M01923,2025-04-11,Gaming,South Africa,Mid-Market,Partnership,3629.29,1,1,19.0
M01924,2024-01-21,SaaS,Kenya,Enterprise,Sales Team,436.5,1,1,4.0
M01925,2024-06-26,Education,South Africa,Enterprise,Referral,4191.16,1,1,18.0
M01926,2024-07-31,Logistics,Ghana,Enterprise,Sales Team,6773.75,1,0,6.0
M01927,2024-08-22,Hospitality,Ghana,Enterprise,Partnership,2027.82,1,1,8.0
M01928,2024-02-18,Hospitality,Nigeria,SME,Referral,16281.64,1,1,2.0
M01929,2024-05-20,Education,Nigeria,Enterprise,Referral,3844.07,1,0,9.0
M01930,2025-04-10,Gaming,South Africa,Enterprise,Organic,1624.26,0,0,
M01931,2024-07-07,SaaS,Nigeria,Enterprise,Paid Ads,8991.33,1,1,5.0
M01932,2024-07-28,Gaming,Ghana,Mid-Market,Referral,2936.87,1,0,11.0
M01933,2024-09-16,E-commerce,South Africa,SME,Organic,5655.74,1,0,6.0
M01934,2024-11-23,Gaming,South Africa,Mid-Market,Sales Team,1403.31,1,0,7.0
M01935,2025-03-14,Logistics,South Africa,SME,Organic,918.34,0,0,
M01936,2024-05-08,SaaS,Ghana,Mid-Market,Sales Team,3292.05,1,0,8.0
M01937,2024-09-05,Gaming,Nigeria,SME,Partnership,2794.88,1,1,4.0
M01938,2024-12-02,Logistics,South Africa,SME,Sales Team,7869.65,1,1,11.0
M01939,2025-02-24,Education,Ghana,SME,Organic,10659.14,1,0,10.0
M01940,2024-11-06,SaaS,Ghana,Mid-Market,Organic,2025.23,1,1,4.0
M01941,2024-09-30,Hospitality,Ghana,SME,Organic,5097.82,0,1,
M01942,2024-12-12,Education,Ghana,Mid-Market,Paid Ads,9543.14,1,0,1.0
M01943,2024-04-01,Logistics,Nigeria,Enterprise,Partnership,5784.14,1,1,9.0
M01944,2024-04-20,Gaming,Nigeria,Enterprise,Partnership,905.71,1,1,8.0
M01945,2024-11-24,SaaS,South Africa,Enterprise,Paid Ads,1465.12,0,0,
M01946,2024-08-15,E-commerce,Nigeria,SME,Sales Team,807.92,1,1,8.0
M01947,2025-01-27,Logistics,Ghana,Mid-Market,Referral,898.32,1,1,0.0
M01948,2024-04-12,SaaS,Nigeria,Mid-Market,Organic,6222.48,1,0,2.0
M01949,2024-01-08,Healthcare,Ghana,Enterprise,Organic,3825.98,1,1,10.0
M01950,2024-04-22,SaaS,Ghana,Enterprise,Referral,2915.09,1,1,11.0
M01951,2024-01-23,Hospitality,Nigeria,Mid-Market,Paid Ads,15142.4,1,1,1.0
M01952,2024-10-14,Logistics,Ghana,Enterprise,Sales Team,4052.98,1,1,1.0
M01953,2025-04-25,Hospitality,Nigeria,SME,Referral,1980.87,1,0,4.0
M01954,2024-02-24,Healthcare,Kenya,SME,Organic,6411.95,1,0,9.0
M01955,2024-07-24,Healthcare,Nigeria,Mid-Market,Referral,9721.21,1,1,5.0
M01956,2024-08-22,Logistics,Nigeria,Enterprise,Paid Ads,5636.05,1,1,4.0
M01957,2024-11-28,Healthcare,Nigeria,SME,Referral,2908.69,1,0,9.0
M01958,2024-07-29,Education,South Africa,SME,Partnership,1672.1,0,1,
M01959,2025-02-09,Retail,Kenya,SME,Partnership,10309.08,1,1,16.0
M01960,2024-06-15,Hospitality,Ghana,Mid-Market,Referral,4648.03,1,1,15.0
M01961,2024-11-21,Healthcare,South Africa,SME,Paid Ads,1529.55,0,1,
M01962,2024-01-10,Gaming,South Africa,Enterprise,Referral,3471.22,1,0,4.0
M01963,2024-09-14,E-commerce,Ghana,SME,Partnership,1746.95,1,1,0.0
M01964,2025-01-23,SaaS,Kenya,SME,Sales Team,4591.06,1,1,0.0
M01965,2025-01-22,Logistics,Nigeria,SME,Referral,3141.74,1,1,11.0
M01966,2024-07-10,Gaming,Kenya,SME,Referral,1823.53,1,1,17.0
M01967,2024-07-11,Logistics,Nigeria,SME,Partnership,2569.68,1,1,12.0
M01968,2025-04-29,Gaming,Kenya,SME,Paid Ads,1402.24,1,1,7.0
M01969,2024-06-11,E-commerce,South Africa,Enterprise,Paid Ads,7790.07,1,0,10.0
M01970,2025-01-19,E-commerce,Ghana,Enterprise,Paid Ads,5432.69,1,0,2.0
M01971,2024-06-24,Logistics,Ghana,Enterprise,Organic,14889.62,1,1,4.0
M01972,2025-04-09,Logistics,Ghana,Enterprise,Sales Team,2000.18,1,1,5.0
M01973,2024-09-23,Healthcare,Ghana,Mid-Market,Organic,2011.12,1,0,4.0
M01974,2024-02-03,Gaming,Nigeria,SME,Organic,6780.8,1,0,11.0
M01975,2024-11-20,Retail,Ghana,SME,Organic,1466.45,1,1,13.0
M01976,2024-03-29,Logistics,Ghana,Enterprise,Organic,2943.93,1,0,15.0
M01977,2024-08-06,Gaming,Kenya,SME,Referral,2565.0,1,1,6.0
M01978,2024-05-05,Hospitality,Ghana,Enterprise,Referral,2713.6,1,1,9.0
M01979,2024-06-04,Education,South Africa,Enterprise,Referral,7788.56,1,1,4.0
M01980,2024-05-19,Gaming,Nigeria,Mid-Market,Sales Team,6398.99,1,0,12.0
M01981,2024-07-12,Retail,South Africa,Mid-Market,Sales Team,1861.06,1,1,9.0
M01982,2024-09-15,Hospitality,Ghana,Mid-Market,Organic,2284.33,1,0,7.0
M01983,2025-01-25,Hospitality,South Africa,SME,Paid Ads,2331.44,1,1,8.0
M01984,2024-10-31,Retail,Ghana,Mid-Market,Sales Team,3532.44,1,1,6.0
M01985,2024-08-25,Education,South Africa,Mid-Market,Sales Team,3096.71,1,1,10.0
M01986,2024-10-14,Gaming,Nigeria,Mid-Market,Referral,4071.28,1,1,14.0
M01987,2025-01-01,Gaming,Ghana,SME,Referral,6993.65,0,1,
M01988,2024-01-03,E-commerce,Kenya,Mid-Market,Sales Team,6210.7,1,1,3.0
M01989,2025-04-18,Hospitality,South Africa,Enterprise,Paid Ads,7556.03,1,1,10.0
M01990,2024-07-15,Gaming,Kenya,Enterprise,Partnership,3368.61,1,1,2.0
M01991,2024-02-06,Hospitality,Nigeria,SME,Sales Team,4574.64,1,0,0.0
M01992,2025-04-22,Retail,Ghana,Mid-Market,Paid Ads,2720.56,1,1,10.0
M01993,2025-01-29,Healthcare,South Africa,Enterprise,Paid Ads,2821.43,1,1,3.0
M01994,2024-12-22,E-commerce,South Africa,Mid-Market,Referral,3704.95,1,1,6.0
M01995,2024-05-04,Gaming,Nigeria,Mid-Market,Organic,6837.99,1,1,5.0
M01996,2024-12-23,Retail,Kenya,Enterprise,Sales Team,2592.61,1,1,5.0
M01997,2025-04-28,Retail,Kenya,SME,Partnership,7218.6,1,1,11.0
M01998,2024-10-23,Retail,Nigeria,SME,Organic,2647.23,1,1,14.0
M01999,2024-11-25,Hospitality,South Africa,Enterprise,Partnership,2920.9,1,0,9.0
M02000,2025-05-13,SaaS,Ghana,Mid-Market,Referral,3059.97,1,1,22.0
M02001,2025-02-28,Hospitality,Kenya,Enterprise,Paid Ads,5461.25,1,1,3.0
M02002,2024-09-13,Hospitality,Kenya,Enterprise,Sales Team,2118.95,1,1,0.0
M02003,2025-01-20,SaaS,Nigeria,Enterprise,Partnership,7256.31,1,1,17.0
M02004,2025-02-01,Healthcare,Ghana,Mid-Market,Referral,3772.7,1,1,5.0
M02005,2025-04-21,Hospitality,Kenya,SME,Referral,1982.26,1,0,11.0
M02006,2025-02-21,Gaming,Nigeria,SME,Organic,6857.4,1,0,6.0
M02007,2025-01-31,Hospitality,South Africa,Enterprise,Paid Ads,395.22,1,0,9.0
M02008,2025-01-10,Hospitality,Ghana,SME,Paid Ads,2735.34,1,0,6.0
M02009,2024-04-05,Retail,Ghana,Mid-Market,Referral,2990.19,1,1,11.0
M02010,2024-09-14,SaaS,South Africa,Enterprise,Referral,3121.75,1,0,12.0
M02011,2024-04-05,Logistics,Nigeria,Enterprise,Referral,9739.98,1,1,12.0
M02012,2025-02-18,Logistics,Kenya,Mid-Market,Sales Team,7822.14,1,1,14.0
M02013,2024-11-16,SaaS,Ghana,SME,Paid Ads,6247.16,1,1,5.0
M02014,2024-02-13,Hospitality,Nigeria,Mid-Market,Organic,14670.18,1,1,15.0
M02015,2024-06-24,E-commerce,Ghana,Mid-Market,Sales Team,4251.45,1,1,13.0
M02016,2024-12-10,SaaS,Nigeria,SME,Paid Ads,3562.32,1,1,9.0
M02017,2025-01-19,E-commerce,Nigeria,SME,Referral,3881.82,1,0,11.0
M02018,2024-09-24,E-commerce,South Africa,Enterprise,Partnership,1166.27,0,0,
M02019,2025-05-07,Education,South Africa,Mid-Market,Paid Ads,5302.9,1,0,13.0
M02020,2024-11-05,Hospitality,Kenya,Mid-Market,Paid Ads,5357.08,1,1,18.0
M02021,2024-06-10,Logistics,Kenya,Enterprise,Sales Team,583.81,1,1,0.0
M02022,2024-07-12,E-commerce,Kenya,Mid-Market,Organic,5020.76,1,1,14.0
M02023,2024-01-02,Gaming,South Africa,Enterprise,Referral,5934.19,1,1,13.0
M02024,2024-01-14,SaaS,Kenya,Enterprise,Referral,2450.71,1,0,7.0
M02025,2024-07-07,Gaming,South Africa,Enterprise,Sales Team,5586.04,1,1,6.0
M02026,2024-12-04,Logistics,Nigeria,Enterprise,Paid Ads,1944.5,1,1,0.0
M02027,2024-01-09,Healthcare,Nigeria,Enterprise,Paid Ads,728.19,1,0,1.0
M02028,2024-12-13,Gaming,Ghana,Enterprise,Sales Team,6179.7,1,1,8.0
M02029,2024-07-23,SaaS,Kenya,Mid-Market,Sales Team,350.73,1,0,5.0
M02030,2024-12-03,SaaS,South Africa,Mid-Market,Partnership,2454.74,1,0,11.0
M02031,2024-04-09,Retail,Nigeria,SME,Sales Team,2785.24,1,0,8.0
M02032,2025-02-11,SaaS,Kenya,Enterprise,Partnership,5062.63,1,0,0.0
M02033,2025-03-23,Gaming,Ghana,Mid-Market,Organic,3833.73,1,1,17.0
M02034,2024-09-03,Logistics,Ghana,SME,Referral,891.89,1,1,16.0
M02035,2025-01-20,SaaS,Nigeria,Mid-Market,Organic,1773.5,1,0,1.0
M02036,2024-03-23,Healthcare,South Africa,Mid-Market,Referral,2211.66,1,1,13.0
M02037,2025-01-03,Education,South Africa,Enterprise,Organic,5412.87,1,0,2.0
M02038,2024-12-06,Retail,South Africa,SME,Paid Ads,6245.56,1,1,3.0
M02039,2025-03-22,Logistics,Nigeria,Enterprise,Paid Ads,1147.5,1,1,5.0
M02040,2024-07-12,Hospitality,South Africa,SME,Referral,4866.29,1,0,0.0
M02041,2024-05-12,SaaS,Kenya,SME,Organic,4787.1,1,1,1.0
M02042,2024-02-15,Healthcare,Ghana,Enterprise,Organic,3152.32,1,1,11.0
M02043,2024-10-20,Healthcare,Ghana,Mid-Market,Sales Team,3719.84,1,0,0.0
M02044,2024-10-22,E-commerce,Kenya,SME,Partnership,3434.55,1,1,9.0
M02045,2024-10-01,Logistics,South Africa,Mid-Market,Paid Ads,4416.48,1,0,8.0
M02046,2025-01-29,Healthcare,Ghana,Enterprise,Partnership,8141.06,0,1,
M02047,2024-10-29,Logistics,Nigeria,Mid-Market,Organic,4277.86,1,1,1.0
M02048,2024-10-02,Gaming,Kenya,SME,Paid Ads,2175.83,1,1,12.0
M02049,2025-03-04,Logistics,South Africa,Enterprise,Sales Team,921.86,1,0,4.0
M02050,2024-03-16,Education,Ghana,Enterprise,Organic,3514.14,1,0,8.0
M02051,2024-11-02,Healthcare,Kenya,Enterprise,Organic,1761.95,1,1,10.0
M02052,2024-05-20,Gaming,Ghana,Mid-Market,Paid Ads,709.62,1,0,5.0
M02053,2024-12-26,Hospitality,Nigeria,Mid-Market,Referral,1897.51,1,1,7.0
M02054,2025-02-27,Logistics,Ghana,Enterprise,Organic,9994.53,0,1,
M02055,2025-04-17,Retail,South Africa,Enterprise,Sales Team,4704.61,1,1,4.0
M02056,2024-06-02,Retail,Nigeria,Enterprise,Sales Team,7080.43,1,1,15.0
M02057,2024-06-21,Hospitality,South Africa,Mid-Market,Sales Team,3565.16,1,1,7.0
M02058,2024-07-19,SaaS,Kenya,Mid-Market,Referral,2463.7,1,0,0.0
M02059,2024-12-24,Hospitality,Nigeria,SME,Paid Ads,4177.51,1,1,11.0
M02060,2025-01-20,E-commerce,Kenya,Mid-Market,Referral,2698.39,1,0,7.0
M02061,2024-10-22,Retail,South Africa,Enterprise,Sales Team,724.58,1,1,13.0
M02062,2024-05-29,Retail,Ghana,SME,Referral,5215.73,1,0,1.0
M02063,2025-01-11,E-commerce,Kenya,Enterprise,Partnership,1579.23,1,1,8.0
M02064,2024-02-22,Retail,South Africa,Mid-Market,Referral,730.73,1,1,12.0
M02065,2025-04-19,E-commerce,Nigeria,Mid-Market,Sales Team,407.75,1,1,3.0
M02066,2024-04-01,E-commerce,Nigeria,Enterprise,Paid Ads,4453.78,1,1,18.0
M02067,2024-10-30,Hospitality,Ghana,Enterprise,Sales Team,1589.37,1,1,10.0
M02068,2024-05-05,E-commerce,Nigeria,SME,Sales Team,3671.63,1,1,1.0
M02069,2024-09-07,Education,Ghana,Enterprise,Sales Team,1746.72,1,0,10.0
M02070,2025-02-01,SaaS,South Africa,Enterprise,Sales Team,3209.0,1,1,11.0
M02071,2024-05-20,Gaming,Kenya,SME,Organic,1912.83,1,1,0.0
M02072,2024-02-29,SaaS,Nigeria,Mid-Market,Partnership,4313.17,1,1,7.0
M02073,2024-04-25,E-commerce,South Africa,Mid-Market,Organic,4845.65,1,0,3.0
M02074,2025-02-10,Retail,South Africa,Mid-Market,Sales Team,6849.07,1,1,6.0
M02075,2024-06-01,Retail,Nigeria,Mid-Market,Organic,6263.23,1,1,5.0
M02076,2024-12-31,Retail,South Africa,Enterprise,Organic,4041.27,0,1,
M02077,2024-07-20,Gaming,Nigeria,Enterprise,Partnership,7912.14,1,1,6.0
M02078,2024-10-02,SaaS,Ghana,Enterprise,Organic,4909.94,1,0,10.0
M02079,2024-04-02,Retail,Nigeria,Enterprise,Sales Team,937.38,1,0,16.0
M02080,2025-02-13,Healthcare,Nigeria,SME,Referral,5223.54,1,0,3.0
M02081,2024-10-21,Logistics,Ghana,SME,Partnership,5886.64,1,0,6.0
M02082,2024-05-11,E-commerce,Nigeria,SME,Partnership,1870.73,1,1,7.0
M02083,2024-06-01,Healthcare,Ghana,Mid-Market,Organic,1193.92,1,1,4.0
M02084,2024-05-07,Education,Nigeria,Enterprise,Paid Ads,3283.7,1,0,13.0
M02085,2024-12-03,Gaming,Ghana,Enterprise,Sales Team,7911.82,1,0,8.0
M02086,2024-12-21,Healthcare,Kenya,Enterprise,Partnership,4793.86,1,0,11.0
M02087,2024-09-18,Logistics,Nigeria,Enterprise,Organic,7359.09,1,0,0.0
M02088,2024-05-01,E-commerce,Ghana,SME,Paid Ads,141.84,1,1,6.0
M02089,2025-03-14,Logistics,Ghana,Enterprise,Partnership,2883.27,1,1,8.0
M02090,2024-04-20,Healthcare,Kenya,SME,Partnership,1550.25,0,1,
M02091,2024-08-04,SaaS,Kenya,Mid-Market,Sales Team,3640.41,1,0,15.0
M02092,2024-11-28,Retail,South Africa,Mid-Market,Organic,2752.27,1,0,7.0
M02093,2025-04-28,Education,South Africa,Enterprise,Referral,2962.91,1,0,15.0
M02094,2024-10-01,Logistics,Nigeria,Enterprise,Paid Ads,4156.5,1,0,9.0
M02095,2024-11-20,Logistics,Kenya,Enterprise,Partnership,2858.63,1,1,3.0
M02096,2024-11-05,Retail,South Africa,SME,Paid Ads,2684.77,1,1,13.0
M02097,2025-02-07,Hospitality,South Africa,SME,Partnership,3515.08,0,1,
M02098,2024-05-06,SaaS,Kenya,SME,Partnership,4838.75,1,0,5.0
M02099,2024-02-26,Hospitality,Nigeria,Mid-Market,Organic,3431.24,1,1,7.0
M02100,2024-07-04,Healthcare,Kenya,SME,Referral,2053.7,1,1,18.0
M02101,2024-05-20,E-commerce,Nigeria,Mid-Market,Referral,2161.68,1,0,13.0
M02102,2024-07-12,SaaS,Nigeria,SME,Partnership,4093.44,1,1,0.0
M02103,2025-01-07,Education,South Africa,SME,Partnership,9435.51,1,1,7.0
M02104,2024-06-27,Education,Kenya,Enterprise,Organic,8676.29,1,1,9.0
M02105,2025-04-04,E-commerce,Ghana,Mid-Market,Sales Team,2514.14,1,1,12.0
M02106,2024-04-02,Healthcare,South Africa,Mid-Market,Partnership,1407.65,1,1,5.0
M02107,2024-03-06,Education,Nigeria,Enterprise,Partnership,6729.55,1,1,5.0
M02108,2024-12-31,Retail,Ghana,SME,Sales Team,1758.96,1,1,10.0
M02109,2024-10-17,Education,Nigeria,Enterprise,Paid Ads,4541.32,1,1,17.0
M02110,2024-12-28,Logistics,South Africa,Enterprise,Sales Team,1412.77,1,1,6.0
M02111,2024-04-03,Gaming,Kenya,Mid-Market,Partnership,9473.27,0,1,
M02112,2024-05-26,Education,South Africa,Enterprise,Referral,1272.77,1,0,12.0
M02113,2024-06-05,SaaS,Kenya,Mid-Market,Paid Ads,5980.95,0,1,
M02114,2025-03-08,SaaS,Nigeria,SME,Referral,4004.15,1,1,11.0
M02115,2025-04-28,SaaS,Ghana,Enterprise,Organic,5039.43,1,1,9.0
M02116,2024-02-13,Education,South Africa,SME,Sales Team,3329.15,1,1,5.0
M02117,2024-12-12,Retail,South Africa,Mid-Market,Partnership,1592.27,1,1,6.0
M02118,2024-12-16,SaaS,South Africa,SME,Partnership,5339.5,1,1,7.0
M02119,2024-04-07,E-commerce,South Africa,Enterprise,Partnership,4616.14,1,1,9.0
M02120,2025-01-18,Healthcare,Ghana,Enterprise,Partnership,2121.61,1,0,6.0
M02121,2024-12-16,E-commerce,South Africa,SME,Partnership,2639.41,1,1,7.0
M02122,2025-04-07,Logistics,Ghana,SME,Paid Ads,1225.19,1,0,12.0
M02123,2025-03-05,Retail,Kenya,SME,Sales Team,2239.69,1,1,8.0
M02124,2024-09-10,Hospitality,Ghana,Mid-Market,Organic,3093.65,1,1,15.0
M02125,2024-06-22,Logistics,Nigeria,Mid-Market,Paid Ads,1892.84,1,1,5.0
M02126,2024-09-04,Education,Kenya,SME,Organic,6909.38,0,1,
M02127,2025-01-12,Hospitality,Ghana,Mid-Market,Partnership,2851.25,1,1,0.0
M02128,2025-02-26,E-commerce,South Africa,Enterprise,Sales Team,5197.4,0,0,
M02129,2024-01-30,Healthcare,Nigeria,Enterprise,Sales Team,2519.86,1,1,10.0
M02130,2024-06-17,Education,Kenya,SME,Organic,13691.89,0,0,
M02131,2024-06-28,Retail,South Africa,Mid-Market,Organic,1747.9,1,1,6.0
M02132,2024-02-21,Hospitality,South Africa,SME,Organic,480.02,1,0,14.0
M02133,2024-09-27,Retail,South Africa,SME,Sales Team,3679.62,1,0,11.0
M02134,2024-01-04,Retail,Kenya,SME,Sales Team,4907.25,1,1,15.0
M02135,2024-07-21,Healthcare,Kenya,Mid-Market,Sales Team,6243.93,1,1,11.0
M02136,2025-04-01,Retail,Kenya,SME,Sales Team,2869.71,1,1,9.0
M02137,2024-12-02,Gaming,Ghana,SME,Paid Ads,13378.33,1,1,11.0
M02138,2025-01-17,Hospitality,Nigeria,Mid-Market,Referral,3384.06,1,1,0.0
M02139,2024-02-26,Logistics,Kenya,SME,Referral,7479.54,1,1,2.0
M02140,2024-07-21,Hospitality,Kenya,SME,Referral,1080.31,1,1,2.0
M02141,2024-12-07,Logistics,South Africa,Enterprise,Paid Ads,1390.33,0,0,
M02142,2024-03-01,Hospitality,South Africa,Enterprise,Sales Team,8080.68,1,1,7.0
M02143,2025-02-13,Retail,Kenya,Mid-Market,Partnership,942.34,1,0,0.0
M02144,2025-01-06,Hospitality,Ghana,SME,Organic,1607.4,1,0,5.0
M02145,2025-02-09,E-commerce,Ghana,SME,Paid Ads,10248.37,1,1,1.0
M02146,2024-09-13,E-commerce,Ghana,SME,Paid Ads,1457.89,1,0,18.0
M02147,2024-08-07,E-commerce,South Africa,Mid-Market,Paid Ads,6109.57,1,1,12.0
M02148,2024-05-24,Gaming,Nigeria,Mid-Market,Referral,1918.37,1,1,16.0
M02149,2024-11-12,Retail,Ghana,SME,Paid Ads,463.36,0,0,
M02150,2025-01-27,SaaS,Kenya,Enterprise,Referral,2601.73,1,1,5.0
M02151,2024-12-07,Hospitality,Ghana,Mid-Market,Organic,932.46,1,0,5.0
M02152,2024-12-24,Retail,Ghana,Enterprise,Referral,6206.46,1,0,8.0
M02153,2024-04-27,SaaS,Ghana,Mid-Market,Organic,711.1,1,1,5.0
M02154,2024-05-20,Logistics,Ghana,Mid-Market,Organic,1815.63,1,1,3.0
M02155,2024-11-11,Logistics,Nigeria,SME,Sales Team,3719.75,1,1,14.0
M02156,2024-07-27,Education,Ghana,SME,Paid Ads,6386.63,1,1,13.0
M02157,2024-08-06,Gaming,Nigeria,Enterprise,Sales Team,10835.63,1,0,0.0
M02158,2024-11-25,E-commerce,Kenya,SME,Paid Ads,3115.64,1,1,14.0
M02159,2024-07-05,Education,Kenya,Enterprise,Sales Team,2435.6,1,1,0.0
M02160,2024-05-06,Healthcare,Nigeria,SME,Organic,2390.87,1,0,5.0
M02161,2024-01-01,E-commerce,Kenya,SME,Paid Ads,1705.31,1,1,12.0
M02162,2024-08-29,Education,Nigeria,Mid-Market,Referral,8463.51,0,0,
M02163,2024-05-09,Gaming,Kenya,Mid-Market,Paid Ads,3186.93,1,1,6.0
M02164,2024-02-27,SaaS,Nigeria,Enterprise,Partnership,1455.69,1,0,4.0
M02165,2025-01-29,Retail,Kenya,Mid-Market,Paid Ads,6353.07,1,1,8.0
M02166,2025-01-15,Healthcare,Ghana,Enterprise,Paid Ads,3948.54,0,1,
M02167,2024-04-17,Hospitality,Nigeria,SME,Referral,9128.87,1,1,10.0
M02168,2024-11-18,SaaS,Nigeria,Enterprise,Referral,5660.01,1,1,11.0
M02169,2024-04-08,Gaming,Nigeria,SME,Partnership,2913.8,1,0,8.0
M02170,2024-11-12,Healthcare,Kenya,Enterprise,Sales Team,7103.11,0,1,
M02171,2025-01-24,Logistics,Ghana,SME,Referral,765.92,0,0,
M02172,2024-04-08,Hospitality,Kenya,Enterprise,Paid Ads,3206.12,1,0,0.0
M02173,2025-04-03,Healthcare,South Africa,Enterprise,Organic,2310.61,1,0,6.0
M02174,2025-04-11,Hospitality,Nigeria,Mid-Market,Sales Team,3755.77,1,1,5.0
M02175,2024-09-25,E-commerce,Ghana,Enterprise,Paid Ads,2894.59,1,1,5.0
M02176,2024-12-22,Retail,Kenya,SME,Partnership,10181.9,1,1,3.0
M02177,2024-02-01,Logistics,South Africa,Mid-Market,Partnership,1611.66,1,0,0.0
M02178,2025-03-21,SaaS,Ghana,Mid-Market,Partnership,5263.08,0,1,
M02179,2024-07-15,Hospitality,South Africa,Enterprise,Paid Ads,3260.08,1,1,5.0
M02180,2024-04-15,Retail,Nigeria,SME,Partnership,1098.31,1,1,5.0
M02181,2024-04-21,E-commerce,South Africa,Enterprise,Partnership,1518.01,1,1,5.0
M02182,2024-05-12,Education,Ghana,Mid-Market,Paid Ads,1066.08,1,0,7.0
M02183,2024-10-09,SaaS,Ghana,SME,Organic,6172.47,1,0,2.0
M02184,2024-09-30,Logistics,Kenya,SME,Referral,6117.39,1,0,11.0
M02185,2025-04-27,Education,Ghana,Mid-Market,Organic,3928.81,1,1,8.0
M02186,2024-11-24,Logistics,Ghana,Enterprise,Organic,6094.03,1,1,0.0
M02187,2024-01-01,Healthcare,Kenya,Mid-Market,Organic,1271.08,1,1,3.0
M02188,2025-04-29,Education,Ghana,Mid-Market,Partnership,542.67,1,0,10.0
M02189,2024-05-30,Healthcare,Nigeria,Enterprise,Organic,2750.43,1,1,6.0
M02190,2025-02-25,Healthcare,Ghana,Enterprise,Paid Ads,2441.87,1,1,2.0
M02191,2024-03-31,Education,Nigeria,Enterprise,Partnership,3016.72,1,0,12.0
M02192,2024-02-24,Hospitality,Kenya,Enterprise,Partnership,6826.92,1,0,6.0
M02193,2024-10-09,Logistics,South Africa,SME,Paid Ads,2839.85,0,0,
M02194,2024-05-17,Logistics,South Africa,SME,Sales Team,1035.96,1,0,11.0
M02195,2024-04-28,Hospitality,Kenya,SME,Sales Team,1845.81,1,1,7.0
M02196,2024-02-17,Gaming,Ghana,Mid-Market,Referral,3095.81,1,0,3.0
M02197,2025-02-21,Retail,Ghana,Enterprise,Sales Team,399.68,1,1,8.0
M02198,2025-04-27,Retail,Kenya,SME,Paid Ads,6820.95,1,1,8.0
M02199,2024-03-24,Retail,South Africa,Enterprise,Partnership,1048.04,1,1,11.0
M02200,2024-04-06,SaaS,Ghana,SME,Sales Team,4076.81,1,1,5.0
M02201,2024-05-05,Gaming,South Africa,SME,Partnership,2204.58,0,0,
M02202,2024-03-11,E-commerce,Nigeria,Mid-Market,Sales Team,3506.38,1,0,3.0
M02203,2024-01-11,SaaS,Nigeria,Enterprise,Organic,5116.68,1,1,17.0
M02204,2024-03-08,Logistics,Nigeria,Mid-Market,Referral,3030.52,1,1,8.0
M02205,2025-04-25,E-commerce,Nigeria,SME,Partnership,5585.46,0,0,
M02206,2025-01-11,Healthcare,Nigeria,SME,Referral,2729.38,1,1,13.0
M02207,2024-09-02,Gaming,Ghana,Mid-Market,Paid Ads,8764.65,1,1,10.0
M02208,2024-09-02,Retail,Ghana,SME,Partnership,2393.8,1,1,6.0
M02209,2024-12-20,Education,Nigeria,SME,Organic,4387.13,1,1,0.0
M02210,2024-02-22,Education,Nigeria,Enterprise,Sales Team,4609.0,1,0,0.0
M02211,2024-03-13,E-commerce,Ghana,SME,Referral,10058.37,1,0,1.0
M02212,2024-08-06,Hospitality,Ghana,Mid-Market,Paid Ads,5931.01,0,0,
M02213,2024-04-25,Hospitality,Nigeria,Mid-Market,Referral,3278.38,1,1,5.0
M02214,2024-02-26,Logistics,Nigeria,Mid-Market,Paid Ads,8453.55,1,0,7.0
M02215,2024-02-09,Healthcare,Nigeria,Mid-Market,Organic,1236.69,1,1,7.0
M02216,2025-04-03,E-commerce,Ghana,SME,Sales Team,13367.62,0,1,
M02217,2024-09-28,Healthcare,Ghana,Enterprise,Sales Team,2579.78,1,1,3.0
M02218,2024-03-17,Education,Kenya,Mid-Market,Organic,4194.17,1,1,3.0
M02219,2024-05-18,Gaming,Kenya,Mid-Market,Organic,12576.21,1,1,14.0
M02220,2025-02-07,E-commerce,Ghana,Enterprise,Referral,2313.69,1,1,5.0
M02221,2024-06-12,Retail,South Africa,Mid-Market,Sales Team,664.71,1,0,0.0
M02222,2025-02-21,SaaS,Nigeria,Enterprise,Sales Team,2461.06,1,1,12.0
M02223,2025-05-06,Education,Ghana,SME,Paid Ads,7269.33,1,1,1.0
M02224,2024-03-06,Retail,South Africa,Mid-Market,Paid Ads,903.53,1,1,0.0
M02225,2024-09-10,Hospitality,South Africa,Enterprise,Sales Team,7725.16,1,0,0.0
M02226,2024-11-04,Healthcare,Ghana,Enterprise,Referral,2594.75,1,1,14.0
M02227,2024-07-15,Hospitality,South Africa,Enterprise,Partnership,3849.01,1,1,4.0
M02228,2024-09-09,Logistics,South Africa,SME,Partnership,11508.5,1,1,5.0
M02229,2025-01-01,Hospitality,Ghana,Enterprise,Organic,861.35,0,1,
M02230,2024-04-30,Healthcare,Nigeria,SME,Organic,1632.27,1,0,4.0
M02231,2024-07-04,Gaming,Ghana,SME,Organic,2182.51,1,0,10.0
M02232,2025-04-11,Healthcare,Kenya,SME,Paid Ads,6648.65,1,0,0.0
M02233,2024-08-23,Retail,South Africa,SME,Referral,11862.91,1,1,2.0
M02234,2025-02-27,Logistics,Nigeria,Enterprise,Referral,2793.06,1,1,4.0
M02235,2024-03-01,Retail,South Africa,Enterprise,Organic,8884.47,1,1,7.0
M02236,2024-12-22,Hospitality,Kenya,SME,Organic,2804.25,1,1,12.0
M02237,2024-12-05,SaaS,South Africa,Enterprise,Referral,2633.13,0,0,
M02238,2024-01-16,Retail,Kenya,SME,Organic,5404.68,1,0,14.0
M02239,2024-05-05,SaaS,Nigeria,Enterprise,Sales Team,6075.5,1,0,0.0
M02240,2024-03-17,Retail,South Africa,Enterprise,Referral,4113.82,1,0,7.0
M02241,2025-01-18,Education,South Africa,Mid-Market,Paid Ads,3048.82,1,0,5.0
M02242,2024-08-15,E-commerce,Kenya,SME,Referral,4440.19,1,1,9.0
M02243,2024-01-31,E-commerce,Ghana,Enterprise,Referral,6541.27,1,0,17.0
M02244,2024-01-06,Hospitality,South Africa,Enterprise,Sales Team,884.17,1,0,5.0
M02245,2024-10-10,Education,Kenya,Enterprise,Referral,2771.13,1,0,5.0
M02246,2024-08-04,Retail,Kenya,SME,Partnership,4149.38,1,1,7.0
M02247,2024-07-12,Retail,Ghana,Mid-Market,Partnership,3888.02,1,1,3.0
M02248,2024-01-29,Logistics,South Africa,SME,Partnership,7506.73,0,1,
M02249,2024-11-05,SaaS,South Africa,Mid-Market,Paid Ads,5760.22,1,1,0.0
M02250,2024-11-30,Hospitality,South Africa,SME,Organic,1295.05,1,1,16.0
M02251,2025-02-15,Healthcare,South Africa,SME,Paid Ads,3167.96,1,1,12.0
M02252,2024-02-25,SaaS,Nigeria,Mid-Market,Partnership,5117.22,1,1,10.0
M02253,2025-02-02,Healthcare,Nigeria,SME,Paid Ads,4649.96,1,0,4.0
M02254,2024-03-24,SaaS,Nigeria,SME,Partnership,1746.58,1,0,0.0
M02255,2024-01-06,Education,Ghana,Enterprise,Referral,4557.22,1,0,6.0
M02256,2024-11-22,E-commerce,Ghana,Mid-Market,Organic,8211.02,1,0,2.0
M02257,2025-05-15,E-commerce,South Africa,SME,Organic,4988.58,1,1,7.0
M02258,2024-06-10,SaaS,Kenya,SME,Paid Ads,805.83,1,1,1.0
M02259,2025-01-19,Education,South Africa,Enterprise,Referral,9014.43,1,1,9.0
M02260,2024-06-10,Hospitality,Kenya,SME,Organic,1255.96,1,1,6.0
M02261,2024-06-18,Hospitality,Nigeria,Enterprise,Referral,636.11,1,1,10.0
M02262,2024-01-13,Hospitality,South Africa,Enterprise,Organic,969.51,0,0,
M02263,2024-05-28,Retail,Ghana,Enterprise,Sales Team,5253.9,1,1,6.0
M02264,2024-02-10,SaaS,Ghana,SME,Referral,2814.33,1,1,0.0
M02265,2025-01-28,Retail,Kenya,Mid-Market,Referral,1181.42,1,0,13.0
M02266,2024-06-22,Education,Kenya,Enterprise,Sales Team,6935.83,1,0,5.0
M02267,2024-01-21,Hospitality,Ghana,SME,Partnership,1604.13,1,1,12.0
M02268,2024-11-06,SaaS,Ghana,Enterprise,Sales Team,4276.24,1,1,12.0
M02269,2024-02-19,E-commerce,Ghana,Mid-Market,Partnership,8542.16,0,1,
M02270,2025-03-20,SaaS,South Africa,SME,Sales Team,4387.19,0,1,
M02271,2024-06-09,Retail,Kenya,SME,Organic,7746.6,1,0,7.0
M02272,2024-05-23,Healthcare,Kenya,SME,Organic,6543.8,1,1,8.0
M02273,2024-04-01,Gaming,Kenya,Mid-Market,Paid Ads,1342.99,0,1,
M02274,2025-01-25,Gaming,Ghana,SME,Partnership,3000.92,1,1,4.0
M02275,2024-09-06,E-commerce,Kenya,Mid-Market,Sales Team,5596.68,1,1,9.0
M02276,2024-07-28,Retail,South Africa,Mid-Market,Partnership,1654.47,1,0,5.0
M02277,2025-03-08,Healthcare,Kenya,SME,Sales Team,1603.03,1,1,5.0
M02278,2024-09-16,Gaming,Kenya,Enterprise,Organic,2124.17,0,0,
M02279,2024-11-13,E-commerce,Ghana,Enterprise,Partnership,1221.22,1,1,8.0
M02280,2024-01-05,Retail,Nigeria,Mid-Market,Sales Team,1068.52,1,0,2.0
M02281,2024-03-22,Hospitality,Nigeria,SME,Sales Team,1697.28,1,1,0.0
M02282,2025-03-23,Gaming,Nigeria,Mid-Market,Sales Team,5435.6,1,0,3.0
M02283,2024-08-27,Gaming,Nigeria,SME,Referral,5030.17,1,1,11.0
M02284,2025-01-09,SaaS,South Africa,Mid-Market,Referral,11947.12,1,1,11.0
M02285,2024-07-24,Healthcare,Nigeria,Mid-Market,Paid Ads,4234.51,1,0,0.0
M02286,2024-11-05,Gaming,Ghana,Enterprise,Sales Team,8695.0,1,1,8.0
M02287,2024-02-28,Education,South Africa,SME,Partnership,11017.11,1,0,8.0
M02288,2024-03-20,Gaming,Ghana,Enterprise,Referral,2777.32,1,1,0.0
M02289,2024-06-12,E-commerce,South Africa,SME,Paid Ads,1096.78,1,1,7.0
M02290,2025-02-08,Hospitality,South Africa,SME,Organic,1589.3,1,1,10.0
M02291,2024-04-18,E-commerce,South Africa,Mid-Market,Paid Ads,2480.8,1,0,5.0
M02292,2024-11-21,Retail,Nigeria,SME,Organic,1819.14,1,0,6.0
M02293,2024-05-20,Hospitality,Nigeria,Mid-Market,Sales Team,6375.84,1,0,3.0
M02294,2025-03-22,Hospitality,Ghana,Enterprise,Paid Ads,7057.73,1,1,10.0
M02295,2024-04-04,E-commerce,Nigeria,Mid-Market,Paid Ads,3929.46,1,1,17.0
M02296,2025-05-08,Education,Ghana,SME,Paid Ads,2771.39,1,0,13.0
M02297,2025-04-27,Hospitality,South Africa,Mid-Market,Partnership,1318.99,1,1,12.0
M02298,2024-12-18,Retail,South Africa,Mid-Market,Partnership,3997.28,1,1,9.0
M02299,2024-07-18,E-commerce,Ghana,SME,Partnership,1609.78,1,1,2.0
M02300,2024-11-11,Retail,Kenya,Enterprise,Paid Ads,2763.6,0,0,
M02301,2024-01-08,Retail,South Africa,SME,Sales Team,1794.47,1,1,11.0
M02302,2025-03-18,Healthcare,Nigeria,Enterprise,Sales Team,9290.01,1,0,0.0
M02303,2024-05-14,E-commerce,South Africa,SME,Sales Team,10484.01,1,1,4.0
M02304,2024-11-23,SaaS,Nigeria,SME,Referral,351.34,1,1,0.0
M02305,2024-08-03,Retail,South Africa,SME,Paid Ads,3955.64,1,1,13.0
M02306,2024-04-17,Logistics,Nigeria,Mid-Market,Paid Ads,2717.55,1,1,10.0
M02307,2024-01-09,Education,Kenya,Enterprise,Organic,1312.07,1,1,10.0
M02308,2024-12-24,Gaming,South Africa,Mid-Market,Sales Team,1372.36,1,0,4.0
M02309,2024-06-29,Healthcare,South Africa,Enterprise,Paid Ads,4801.88,1,0,17.0
M02310,2024-02-28,Retail,South Africa,Mid-Market,Paid Ads,4192.71,1,1,18.0
M02311,2024-03-31,Retail,South Africa,Mid-Market,Paid Ads,2121.04,1,0,17.0
M02312,2025-03-08,Hospitality,Kenya,Enterprise,Partnership,2590.94,1,0,0.0
M02313,2025-04-25,SaaS,Nigeria,SME,Organic,2418.67,1,0,0.0
M02314,2024-11-28,E-commerce,South Africa,SME,Sales Team,1549.32,1,1,12.0
M02315,2025-01-18,SaaS,South Africa,Enterprise,Partnership,768.02,1,0,11.0
M02316,2025-02-16,E-commerce,Kenya,Mid-Market,Referral,2286.4,1,1,14.0
M02317,2024-04-24,Gaming,South Africa,SME,Referral,3626.64,1,1,4.0
M02318,2025-03-14,Gaming,Nigeria,Mid-Market,Sales Team,6001.04,1,1,12.0
M02319,2024-07-30,Hospitality,Nigeria,Mid-Market,Referral,2269.19,1,0,0.0
M02320,2024-09-16,Education,Kenya,Enterprise,Paid Ads,4877.74,0,1,
M02321,2024-06-06,Hospitality,Ghana,SME,Sales Team,8226.98,1,0,2.0
M02322,2024-01-17,E-commerce,Nigeria,SME,Paid Ads,3239.72,1,1,8.0
M02323,2025-03-06,Healthcare,Kenya,SME,Partnership,4812.55,1,0,1.0
M02324,2024-08-08,Logistics,South Africa,SME,Partnership,4736.46,1,1,4.0
M02325,2024-11-25,Hospitality,Nigeria,Enterprise,Sales Team,3662.57,1,1,2.0
M02326,2024-03-06,Hospitality,Ghana,Mid-Market,Paid Ads,4096.95,1,1,6.0
M02327,2024-09-21,Retail,South Africa,SME,Organic,532.2,1,0,11.0
M02328,2024-12-29,Retail,Nigeria,Enterprise,Partnership,2125.6,1,1,11.0
M02329,2025-02-05,Hospitality,Kenya,Enterprise,Referral,3707.54,1,1,3.0
M02330,2025-04-30,Healthcare,Ghana,SME,Organic,2518.65,1,1,9.0
M02331,2024-01-14,Hospitality,Nigeria,Enterprise,Partnership,6589.87,1,1,6.0
M02332,2024-03-19,E-commerce,Nigeria,Enterprise,Sales Team,1523.76,1,1,10.0
M02333,2024-01-13,Retail,South Africa,Enterprise,Paid Ads,4091.02,1,1,5.0
M02334,2024-04-05,Logistics,Ghana,Mid-Market,Referral,9236.34,0,1,
M02335,2024-10-01,Logistics,South Africa,Mid-Market,Organic,1172.47,1,1,5.0
M02336,2024-05-20,SaaS,Ghana,Enterprise,Organic,3538.73,1,1,8.0
M02337,2024-11-22,SaaS,Nigeria,Mid-Market,Partnership,2042.95,1,0,5.0
M02338,2024-03-03,SaaS,Ghana,Mid-Market,Paid Ads,4272.83,1,1,7.0
M02339,2025-04-03,Retail,Nigeria,SME,Sales Team,3063.54,1,1,11.0
M02340,2025-03-08,Healthcare,Ghana,Mid-Market,Organic,402.45,1,0,18.0
M02341,2024-09-08,E-commerce,South Africa,SME,Sales Team,4583.65,1,1,10.0
M02342,2025-05-06,SaaS,Ghana,Enterprise,Sales Team,5566.74,1,1,0.0
M02343,2024-07-11,Healthcare,South Africa,SME,Referral,87.38,1,1,10.0
M02344,2024-06-01,E-commerce,Ghana,Enterprise,Partnership,3780.42,1,1,11.0
M02345,2024-11-19,E-commerce,Nigeria,Mid-Market,Paid Ads,2675.57,1,1,2.0
M02346,2024-09-04,E-commerce,Ghana,Enterprise,Paid Ads,1831.69,1,1,0.0
M02347,2025-04-19,SaaS,Ghana,Enterprise,Organic,1984.32,0,1,
M02348,2024-10-01,E-commerce,Ghana,SME,Paid Ads,2920.56,1,1,3.0
M02349,2024-02-28,Logistics,Nigeria,Mid-Market,Referral,1141.2,0,0,
M02350,2024-04-22,SaaS,Ghana,Mid-Market,Paid Ads,2767.4,1,1,13.0
M02351,2024-09-03,Logistics,Nigeria,Mid-Market,Partnership,7544.56,1,1,11.0
M02352,2024-11-29,Education,South Africa,Enterprise,Sales Team,5048.76,1,1,8.0
M02353,2024-08-11,Hospitality,Ghana,Mid-Market,Referral,2176.23,1,0,1.0
M02354,2024-04-11,Education,South Africa,SME,Partnership,6158.78,1,0,6.0
M02355,2025-02-10,Education,Ghana,SME,Sales Team,8944.36,0,1,
M02356,2024-08-09,Gaming,South Africa,Enterprise,Paid Ads,3989.04,1,0,14.0
M02357,2025-02-21,Healthcare,Nigeria,Enterprise,Sales Team,1003.7,1,1,16.0
M02358,2024-08-07,Logistics,Kenya,Mid-Market,Organic,1008.65,1,0,1.0
M02359,2024-08-18,Retail,Nigeria,Enterprise,Paid Ads,6960.34,1,1,8.0
M02360,2024-10-27,Hospitality,Kenya,Enterprise,Partnership,8676.99,1,0,7.0
M02361,2024-06-29,Hospitality,Nigeria,SME,Referral,4762.48,1,0,19.0
M02362,2025-02-18,Healthcare,South Africa,SME,Paid Ads,167.73,1,0,8.0
M02363,2024-05-05,SaaS,Ghana,Enterprise,Paid Ads,2593.15,1,1,7.0
M02364,2024-07-09,Retail,Kenya,SME,Organic,4484.38,0,1,
M02365,2024-06-12,E-commerce,Kenya,SME,Sales Team,4868.39,1,1,15.0
M02366,2024-10-17,Healthcare,Ghana,Enterprise,Organic,1006.68,1,1,15.0
M02367,2024-07-16,Education,Ghana,Enterprise,Referral,1633.91,1,1,4.0
M02368,2024-02-22,Education,Nigeria,Enterprise,Sales Team,6201.45,1,1,3.0
M02369,2024-12-15,Hospitality,Kenya,Mid-Market,Referral,2878.41,1,1,14.0
M02370,2024-04-10,E-commerce,South Africa,Mid-Market,Organic,5692.19,1,1,6.0
M02371,2024-05-20,Hospitality,Nigeria,SME,Sales Team,4849.9,1,1,5.0
M02372,2024-03-28,Healthcare,South Africa,SME,Partnership,8485.9,1,1,12.0
M02373,2024-01-11,Education,Nigeria,Enterprise,Partnership,6616.42,1,0,4.0
M02374,2024-01-03,Gaming,Kenya,SME,Sales Team,5077.87,1,1,3.0
M02375,2024-01-19,E-commerce,Kenya,Enterprise,Organic,2701.06,1,0,12.0
M02376,2024-02-05,Gaming,Nigeria,Mid-Market,Paid Ads,3423.91,1,1,3.0
M02377,2024-05-20,Healthcare,Kenya,Mid-Market,Organic,4478.79,1,0,12.0
M02378,2024-10-11,Healthcare,South Africa,Enterprise,Organic,995.87,1,0,9.0
M02379,2024-07-20,Education,South Africa,Mid-Market,Organic,4449.97,1,1,8.0
M02380,2025-03-07,Healthcare,Nigeria,SME,Referral,4331.05,1,1,8.0
M02381,2024-01-25,E-commerce,Ghana,SME,Paid Ads,3097.43,0,0,
M02382,2025-03-17,Hospitality,Ghana,SME,Organic,1583.45,1,1,8.0
M02383,2024-04-07,Healthcare,Nigeria,Enterprise,Organic,3606.73,1,1,1.0
M02384,2024-05-12,E-commerce,Nigeria,SME,Paid Ads,2678.86,1,1,6.0
M02385,2024-02-08,Education,Kenya,Enterprise,Partnership,7639.54,0,0,
M02386,2025-02-09,Hospitality,Kenya,Enterprise,Referral,3446.58,1,1,10.0
M02387,2025-04-18,Retail,South Africa,SME,Referral,3595.58,0,1,
M02388,2024-06-12,Retail,South Africa,Enterprise,Sales Team,6115.19,1,0,4.0
M02389,2024-12-08,SaaS,Ghana,Enterprise,Sales Team,7591.93,1,0,4.0
M02390,2024-12-04,Gaming,Kenya,Mid-Market,Sales Team,1467.12,1,0,0.0
M02391,2024-04-25,SaaS,Kenya,Mid-Market,Organic,3704.25,1,1,18.0
M02392,2024-06-29,Logistics,Ghana,Enterprise,Organic,3236.43,1,0,10.0
M02393,2024-02-08,Gaming,Nigeria,SME,Organic,3876.95,1,0,8.0
M02394,2024-12-09,Logistics,South Africa,Mid-Market,Referral,1290.68,1,1,7.0
M02395,2024-09-06,SaaS,Kenya,SME,Partnership,2285.68,0,0,
M02396,2025-01-24,Healthcare,Kenya,Enterprise,Sales Team,2876.88,1,1,0.0
M02397,2024-12-01,Retail,Nigeria,SME,Referral,8404.97,1,0,13.0
M02398,2025-04-14,Healthcare,South Africa,Mid-Market,Partnership,2182.14,0,0,
M02399,2024-09-19,Logistics,South Africa,SME,Organic,5466.67,1,1,4.0
M02400,2024-05-22,Hospitality,Ghana,Enterprise,Paid Ads,5120.47,1,0,23.0
M02401,2025-05-02,SaaS,Ghana,Mid-Market,Organic,4007.63,1,1,1.0
M02402,2025-01-16,SaaS,Ghana,SME,Sales Team,4547.25,1,0,0.0
M02403,2024-04-05,Education,Nigeria,Mid-Market,Partnership,1707.21,1,0,0.0
M02404,2024-08-19,Healthcare,Kenya,SME,Partnership,8965.93,1,0,6.0
M02405,2024-02-13,Healthcare,South Africa,SME,Referral,2909.11,1,1,12.0
M02406,2024-07-22,Hospitality,Kenya,SME,Sales Team,6907.18,1,1,7.0
M02407,2024-05-19,Healthcare,Nigeria,SME,Sales Team,1059.92,1,1,21.0
M02408,2025-01-09,Hospitality,Ghana,Mid-Market,Referral,375.71,1,1,5.0
M02409,2024-07-25,Retail,Kenya,Enterprise,Partnership,2260.6,1,0,0.0
M02410,2024-09-09,Hospitality,Nigeria,Enterprise,Organic,3380.76,1,1,16.0
M02411,2024-11-26,Logistics,Nigeria,SME,Organic,2359.0,1,0,0.0
M02412,2024-01-28,E-commerce,Kenya,SME,Organic,287.72,1,1,14.0
M02413,2024-09-29,SaaS,Kenya,SME,Partnership,7816.32,1,1,8.0
M02414,2024-12-24,Hospitality,South Africa,Mid-Market,Organic,3926.77,0,1,
M02415,2024-04-22,Education,South Africa,SME,Referral,4820.97,1,0,2.0
M02416,2025-02-06,Logistics,Kenya,Enterprise,Paid Ads,422.51,0,1,
M02417,2024-12-27,Education,Nigeria,SME,Referral,4216.18,1,1,5.0
M02418,2024-09-14,Gaming,Kenya,Enterprise,Referral,2243.42,1,1,7.0
M02419,2024-03-28,Healthcare,Nigeria,SME,Referral,3113.67,1,1,0.0
M02420,2024-06-19,Gaming,Ghana,SME,Sales Team,6866.27,1,0,4.0
M02421,2024-08-07,Healthcare,Nigeria,SME,Paid Ads,2139.89,1,1,13.0
M02422,2025-03-27,SaaS,Ghana,Enterprise,Organic,1429.31,1,1,23.0
M02423,2024-10-31,Healthcare,South Africa,Enterprise,Organic,1633.79,1,1,3.0
M02424,2024-09-07,Logistics,South Africa,SME,Organic,2896.05,1,1,14.0
M02425,2025-02-23,E-commerce,Kenya,SME,Partnership,1369.29,1,1,9.0
M02426,2024-09-14,Retail,Ghana,SME,Organic,4510.6,1,1,14.0
M02427,2024-06-04,Healthcare,South Africa,Mid-Market,Paid Ads,5029.88,1,1,11.0
M02428,2024-10-06,Education,South Africa,Mid-Market,Paid Ads,3854.52,1,1,8.0
M02429,2024-08-22,E-commerce,Kenya,Mid-Market,Paid Ads,1239.54,1,1,0.0
M02430,2025-04-01,Gaming,Nigeria,Mid-Market,Partnership,3430.56,1,1,3.0
M02431,2025-01-07,E-commerce,Ghana,Mid-Market,Referral,9106.89,1,0,2.0
M02432,2024-12-03,Retail,Kenya,Mid-Market,Organic,8100.28,0,0,
M02433,2024-05-05,Hospitality,Kenya,SME,Organic,1182.78,1,1,10.0
M02434,2024-04-09,Hospitality,Nigeria,Mid-Market,Partnership,3198.8,1,1,14.0
M02435,2025-04-05,Gaming,Ghana,Mid-Market,Paid Ads,12333.58,1,1,0.0
M02436,2025-03-30,Healthcare,South Africa,Enterprise,Sales Team,1093.13,1,1,1.0
M02437,2025-04-28,Education,Kenya,SME,Organic,3413.51,1,1,14.0
M02438,2024-10-23,Healthcare,Nigeria,Mid-Market,Sales Team,686.24,1,0,2.0
M02439,2024-10-17,Healthcare,Kenya,SME,Organic,1130.68,1,1,14.0
M02440,2024-09-12,Retail,South Africa,Enterprise,Referral,925.05,1,1,6.0
M02441,2024-09-24,Education,Ghana,Mid-Market,Sales Team,4334.4,0,1,
M02442,2024-05-27,SaaS,Kenya,SME,Sales Team,1305.46,1,1,13.0
M02443,2024-01-21,Logistics,Kenya,Enterprise,Organic,6678.63,1,1,2.0
M02444,2024-01-28,Gaming,Kenya,SME,Sales Team,7380.65,1,0,0.0
M02445,2024-06-29,E-commerce,Nigeria,Mid-Market,Referral,13496.48,1,1,7.0
M02446,2024-06-28,Education,Ghana,SME,Paid Ads,824.97,0,1,
M02447,2024-03-14,Logistics,South Africa,Enterprise,Organic,9558.18,1,1,5.0
M02448,2024-05-28,Logistics,Nigeria,Mid-Market,Paid Ads,1152.9,1,1,10.0
M02449,2024-05-07,Hospitality,South Africa,Mid-Market,Organic,2686.75,1,1,10.0
M02450,2025-04-02,Education,Kenya,Enterprise,Paid Ads,3267.37,1,1,4.0
M02451,2024-03-29,Hospitality,Kenya,Enterprise,Referral,2227.06,0,0,
M02452,2024-12-15,Logistics,Kenya,SME,Sales Team,3058.22,1,1,0.0
M02453,2024-10-10,Logistics,Kenya,Mid-Market,Organic,3128.06,1,1,8.0
M02454,2024-06-01,Gaming,Ghana,Mid-Market,Sales Team,5988.79,0,0,
M02455,2024-02-19,Retail,South Africa,Enterprise,Paid Ads,4796.71,0,1,
M02456,2024-09-14,Healthcare,South Africa,Mid-Market,Sales Team,1762.89,1,1,13.0
M02457,2024-08-26,Hospitality,South Africa,Mid-Market,Organic,3828.27,1,0,13.0
M02458,2025-04-12,E-commerce,South Africa,SME,Referral,472.4,0,1,
M02459,2024-11-10,Education,Ghana,Enterprise,Partnership,1867.54,1,1,16.0
M02460,2024-07-10,Retail,Kenya,SME,Sales Team,6183.15,1,1,6.0
M02461,2024-03-05,Hospitality,Nigeria,Mid-Market,Partnership,8188.15,1,1,10.0
M02462,2024-08-23,E-commerce,Nigeria,SME,Paid Ads,1210.94,1,1,5.0
M02463,2025-02-28,SaaS,Kenya,Enterprise,Organic,3613.96,1,1,15.0
M02464,2025-02-24,Education,South Africa,Enterprise,Paid Ads,5026.16,1,1,0.0
M02465,2025-03-18,E-commerce,Nigeria,Enterprise,Partnership,2010.81,1,1,9.0
M02466,2024-12-11,E-commerce,Ghana,Enterprise,Referral,2886.18,1,0,8.0
M02467,2024-10-14,Gaming,Ghana,SME,Referral,740.39,1,0,5.0
M02468,2024-06-03,Education,Nigeria,Mid-Market,Partnership,2296.63,1,1,18.0
M02469,2024-12-18,Logistics,Nigeria,SME,Organic,8576.01,0,1,
M02470,2024-03-19,SaaS,Nigeria,SME,Referral,3572.73,1,1,2.0
M02471,2024-02-23,Gaming,Nigeria,Enterprise,Sales Team,5406.97,1,1,12.0
M02472,2024-07-19,E-commerce,Nigeria,Mid-Market,Sales Team,661.27,1,1,7.0
M02473,2024-09-04,Retail,Ghana,Enterprise,Paid Ads,789.05,1,1,22.0
M02474,2025-02-24,Gaming,Nigeria,Mid-Market,Referral,3850.45,1,1,4.0
M02475,2024-11-21,E-commerce,Ghana,SME,Referral,2890.71,1,1,9.0
M02476,2024-03-28,Logistics,South Africa,Mid-Market,Paid Ads,1850.68,1,1,12.0
M02477,2024-05-28,SaaS,South Africa,Mid-Market,Paid Ads,6923.52,1,1,0.0
M02478,2024-07-19,Hospitality,Nigeria,Mid-Market,Sales Team,5895.38,1,1,7.0
M02479,2025-02-20,Hospitality,Ghana,SME,Paid Ads,4868.34,1,1,18.0
M02480,2024-08-22,SaaS,South Africa,SME,Partnership,1046.25,1,0,0.0
M02481,2024-06-04,E-commerce,South Africa,SME,Paid Ads,2883.78,1,1,5.0
M02482,2025-05-07,Retail,South Africa,Enterprise,Sales Team,802.5,1,1,4.0
M02483,2024-05-21,E-commerce,Ghana,Mid-Market,Partnership,2445.14,0,0,
M02484,2025-03-14,Logistics,Kenya,Enterprise,Partnership,10368.57,1,0,23.0
M02485,2024-07-18,SaaS,Ghana,Enterprise,Referral,3520.8,1,1,8.0
M02486,2024-06-29,Healthcare,South Africa,Enterprise,Referral,6638.65,1,1,3.0
M02487,2024-05-22,Education,South Africa,SME,Sales Team,2331.49,0,1,
M02488,2024-07-11,Gaming,Ghana,Enterprise,Partnership,8005.92,1,1,0.0
M02489,2025-02-01,Education,Ghana,Enterprise,Paid Ads,2166.51,1,0,0.0
M02490,2024-10-28,Healthcare,South Africa,SME,Organic,2498.49,1,1,4.0
M02491,2024-01-16,Retail,Ghana,SME,Organic,6525.29,1,1,1.0
M02492,2024-09-12,Gaming,Kenya,SME,Referral,2245.62,1,1,8.0
M02493,2024-02-23,Retail,South Africa,Mid-Market,Organic,444.31,1,1,9.0
M02494,2024-02-01,Education,Nigeria,SME,Organic,3136.48,1,1,7.0
M02495,2024-08-14,Healthcare,Nigeria,SME,Paid Ads,2972.71,1,0,0.0
M02496,2024-02-25,Gaming,South Africa,SME,Partnership,4658.58,1,0,7.0
M02497,2024-10-11,Logistics,Ghana,Mid-Market,Sales Team,9298.06,1,0,11.0
M02498,2024-08-12,Education,Ghana,SME,Referral,8169.05,1,1,13.0
M02499,2024-08-10,Logistics,Nigeria,Enterprise,Organic,8236.61,1,1,20.0
M02500,2024-11-18,SaaS,Ghana,SME,Referral,5884.11,1,1,3.0
M02501,2025-04-02,E-commerce,Kenya,Mid-Market,Partnership,6777.77,1,1,7.0
M02502,2024-10-06,SaaS,Kenya,SME,Partnership,2207.61,1,0,6.0
M02503,2024-09-11,Logistics,Ghana,Enterprise,Sales Team,6565.73,1,1,7.0
M02504,2024-09-13,Healthcare,Kenya,Enterprise,Partnership,3447.47,0,0,
M02505,2025-03-12,Retail,Nigeria,Mid-Market,Sales Team,3213.34,1,1,15.0
M02506,2024-11-16,Hospitality,Nigeria,Enterprise,Organic,1810.16,1,1,16.0
M02507,2024-03-06,Education,Nigeria,SME,Sales Team,6637.86,1,1,9.0
M02508,2024-04-28,E-commerce,Kenya,SME,Referral,4389.3,1,1,13.0
M02509,2025-02-24,Education,Kenya,Mid-Market,Paid Ads,4112.46,1,1,5.0
M02510,2024-02-04,Retail,Kenya,SME,Partnership,6785.1,1,1,3.0
M02511,2024-10-21,Logistics,Kenya,Mid-Market,Partnership,1859.05,1,0,3.0
M02512,2024-01-30,SaaS,South Africa,Mid-Market,Organic,2167.15,0,0,
M02513,2024-01-17,Healthcare,South Africa,Mid-Market,Referral,1617.82,1,1,11.0
M02514,2024-06-20,E-commerce,Ghana,SME,Partnership,2426.84,1,1,11.0
M02515,2025-02-22,Healthcare,Nigeria,SME,Sales Team,2656.66,1,0,11.0
M02516,2024-02-07,E-commerce,Kenya,SME,Sales Team,1443.22,1,0,4.0
M02517,2024-11-02,SaaS,South Africa,SME,Paid Ads,6618.41,1,1,2.0
M02518,2025-01-05,E-commerce,Nigeria,SME,Sales Team,1858.72,1,1,4.0
M02519,2024-09-16,Logistics,Kenya,Mid-Market,Sales Team,3813.52,1,1,7.0
M02520,2024-06-04,Logistics,Nigeria,SME,Organic,5022.98,1,1,3.0
M02521,2025-01-31,Logistics,South Africa,Enterprise,Organic,8503.8,1,0,11.0
M02522,2024-10-09,Gaming,Nigeria,Mid-Market,Sales Team,1401.21,1,0,0.0
M02523,2024-12-22,Retail,South Africa,Enterprise,Sales Team,6105.31,1,1,2.0
M02524,2024-10-08,Retail,Nigeria,Mid-Market,Organic,4737.34,1,1,14.0
M02525,2025-04-04,Healthcare,Kenya,SME,Paid Ads,4276.07,0,1,
M02526,2024-08-11,E-commerce,Ghana,SME,Organic,3016.88,1,0,16.0
M02527,2024-10-28,E-commerce,Ghana,Mid-Market,Partnership,2457.1,1,1,3.0
M02528,2024-10-17,E-commerce,Nigeria,Enterprise,Referral,1084.46,1,1,9.0
M02529,2025-02-20,E-commerce,Nigeria,SME,Referral,4280.16,1,1,2.0
M02530,2024-08-12,Retail,Kenya,SME,Paid Ads,662.01,1,0,17.0
M02531,2024-06-28,Logistics,Kenya,SME,Partnership,2149.25,1,1,7.0
M02532,2024-07-22,Gaming,Nigeria,Enterprise,Organic,3615.88,1,0,10.0
M02533,2024-02-09,Education,Ghana,Mid-Market,Paid Ads,1241.12,1,0,8.0
M02534,2025-04-04,Logistics,South Africa,Enterprise,Paid Ads,1766.25,1,1,10.0
M02535,2025-04-27,Healthcare,Kenya,Enterprise,Referral,1263.15,1,1,9.0
M02536,2024-09-26,Education,Kenya,Enterprise,Partnership,6896.83,1,1,8.0
M02537,2024-09-14,SaaS,Nigeria,Mid-Market,Sales Team,2514.91,1,1,12.0
M02538,2024-12-27,Gaming,Kenya,SME,Referral,855.4,1,0,12.0
M02539,2025-04-11,Retail,Ghana,Mid-Market,Partnership,4217.89,1,1,13.0
M02540,2024-04-17,SaaS,Kenya,Enterprise,Referral,1131.33,1,1,15.0
M02541,2024-01-19,Logistics,South Africa,Enterprise,Sales Team,4144.53,1,1,3.0
M02542,2025-05-02,SaaS,Nigeria,Mid-Market,Organic,7028.13,0,0,
M02543,2024-05-18,Education,South Africa,Mid-Market,Organic,10646.78,1,0,12.0
M02544,2024-01-31,Education,South Africa,Mid-Market,Organic,2499.05,1,0,10.0
M02545,2025-03-17,Hospitality,South Africa,Mid-Market,Organic,4168.5,1,0,4.0
M02546,2024-04-24,Logistics,South Africa,SME,Sales Team,3863.06,1,1,13.0
M02547,2024-09-29,E-commerce,Kenya,SME,Partnership,3763.32,1,0,9.0
M02548,2025-01-25,Healthcare,Nigeria,Enterprise,Paid Ads,2356.98,1,1,4.0
M02549,2025-04-17,Education,Ghana,SME,Paid Ads,7180.01,1,1,0.0
M02550,2025-01-06,Hospitality,South Africa,Enterprise,Organic,4580.51,1,0,0.0
M02551,2025-02-17,SaaS,South Africa,Enterprise,Paid Ads,2692.94,1,1,5.0
M02552,2025-03-15,Gaming,South Africa,Enterprise,Partnership,1703.2,1,0,7.0
M02553,2025-01-28,Education,Ghana,Mid-Market,Sales Team,3949.87,1,0,5.0
M02554,2025-01-16,Logistics,Ghana,SME,Paid Ads,652.75,1,1,11.0
M02555,2025-02-13,Education,Nigeria,SME,Partnership,3597.05,1,0,0.0
M02556,2024-05-31,Healthcare,South Africa,SME,Partnership,5044.4,1,0,4.0
M02557,2024-05-20,Healthcare,Kenya,Enterprise,Paid Ads,2890.41,1,1,6.0
M02558,2025-02-04,E-commerce,Nigeria,Mid-Market,Partnership,4580.9,1,1,7.0
M02559,2024-12-04,Healthcare,Kenya,SME,Sales Team,4408.65,1,1,0.0
M02560,2024-08-24,E-commerce,South Africa,SME,Sales Team,6081.15,1,1,7.0
M02561,2024-01-19,Healthcare,South Africa,Enterprise,Partnership,1860.93,1,1,9.0
M02562,2024-04-21,Hospitality,Nigeria,Enterprise,Organic,611.44,1,0,16.0
M02563,2024-05-21,Healthcare,Nigeria,Mid-Market,Referral,2820.2,0,0,
M02564,2024-05-12,Education,Kenya,Mid-Market,Referral,2063.95,1,1,10.0
M02565,2024-04-26,Retail,Ghana,Enterprise,Organic,7981.74,1,1,12.0
M02566,2024-04-29,SaaS,Nigeria,SME,Partnership,7809.95,1,1,0.0
M02567,2025-03-16,Gaming,Kenya,SME,Partnership,1724.73,1,1,6.0
M02568,2025-01-02,Logistics,Nigeria,Enterprise,Paid Ads,1911.44,1,1,13.0
M02569,2025-05-14,Education,Nigeria,Enterprise,Paid Ads,9188.21,1,1,9.0
M02570,2024-10-03,E-commerce,Ghana,Mid-Market,Organic,8050.64,1,0,1.0
M02571,2024-02-09,Gaming,Nigeria,Enterprise,Organic,3248.68,0,0,
M02572,2024-05-01,Logistics,Kenya,Enterprise,Paid Ads,4259.51,1,1,10.0
M02573,2025-02-28,Hospitality,Nigeria,Enterprise,Sales Team,821.6,1,0,9.0
M02574,2025-03-24,Education,Ghana,SME,Paid Ads,1372.98,1,0,10.0
M02575,2024-11-06,Healthcare,Kenya,Mid-Market,Paid Ads,4064.09,1,1,0.0
M02576,2024-08-28,Education,Nigeria,SME,Paid Ads,2859.88,0,1,
M02577,2024-01-23,Education,Ghana,Enterprise,Organic,5089.08,1,1,0.0
M02578,2024-02-24,Logistics,Kenya,Enterprise,Partnership,7026.63,1,0,8.0
M02579,2025-02-05,Healthcare,Ghana,Mid-Market,Partnership,6519.36,0,0,
M02580,2024-01-17,Retail,South Africa,Enterprise,Organic,1242.12,1,0,1.0
M02581,2025-05-04,SaaS,Ghana,Enterprise,Partnership,2063.04,1,1,12.0
M02582,2024-10-21,Hospitality,Nigeria,Enterprise,Organic,928.94,1,1,9.0
M02583,2024-11-06,Gaming,South Africa,Mid-Market,Paid Ads,2907.36,1,1,8.0
M02584,2024-04-09,Education,Ghana,Mid-Market,Referral,6232.3,1,1,15.0
M02585,2025-02-13,Healthcare,Ghana,Mid-Market,Paid Ads,406.88,1,0,0.0
M02586,2025-01-18,SaaS,Ghana,Mid-Market,Sales Team,2914.96,1,1,5.0
M02587,2024-07-04,SaaS,Kenya,Enterprise,Partnership,10698.19,1,1,10.0
M02588,2024-02-09,Healthcare,South Africa,Enterprise,Referral,6490.19,1,1,0.0
M02589,2024-08-17,Hospitality,Ghana,Enterprise,Referral,6639.52,1,1,6.0
M02590,2025-04-18,Logistics,South Africa,Enterprise,Partnership,6370.94,1,0,9.0
M02591,2024-12-06,Retail,Kenya,Mid-Market,Paid Ads,2172.72,1,1,9.0
M02592,2024-06-09,SaaS,Nigeria,Mid-Market,Sales Team,2423.53,1,1,12.0
M02593,2024-09-15,Retail,South Africa,Enterprise,Referral,5728.75,1,0,5.0
M02594,2025-04-05,Retail,South Africa,SME,Referral,1982.34,1,1,6.0
M02595,2024-03-02,Hospitality,Kenya,Enterprise,Sales Team,6265.79,1,1,0.0
M02596,2025-01-15,SaaS,Ghana,SME,Sales Team,5790.58,1,1,0.0
M02597,2024-01-13,Retail,Nigeria,SME,Partnership,5399.32,1,0,13.0
M02598,2025-03-19,Hospitality,South Africa,Mid-Market,Referral,2649.87,1,1,11.0
M02599,2024-07-24,Logistics,Kenya,SME,Paid Ads,3140.24,1,1,13.0
M02600,2025-04-04,Healthcare,Nigeria,Enterprise,Organic,620.5,0,1,
M02601,2024-02-07,Healthcare,South Africa,Mid-Market,Sales Team,3357.73,1,1,6.0
M02602,2025-01-14,Hospitality,Kenya,Mid-Market,Referral,5329.8,1,1,2.0
M02603,2025-01-10,Retail,Nigeria,SME,Organic,3095.8,0,0,
M02604,2024-10-30,Healthcare,South Africa,Mid-Market,Paid Ads,9067.48,1,0,9.0
M02605,2024-08-12,Retail,Kenya,SME,Referral,7930.2,1,0,5.0
M02606,2024-06-01,Gaming,Kenya,SME,Partnership,3132.56,0,1,
M02607,2024-09-22,Hospitality,Kenya,Mid-Market,Sales Team,2711.19,1,1,15.0
M02608,2024-06-12,Retail,Ghana,SME,Referral,415.83,1,0,8.0
M02609,2024-08-08,Education,Kenya,SME,Paid Ads,2060.63,1,1,4.0
M02610,2024-05-25,Retail,Nigeria,Mid-Market,Paid Ads,3774.81,1,0,13.0
M02611,2024-09-06,Gaming,Ghana,SME,Paid Ads,2203.4,1,0,19.0
M02612,2025-04-25,Education,Nigeria,SME,Paid Ads,1736.27,1,0,12.0
M02613,2024-03-13,SaaS,Ghana,Enterprise,Partnership,5764.01,1,1,12.0
M02614,2025-01-21,Retail,Nigeria,Enterprise,Organic,4733.78,1,1,3.0
M02615,2025-05-06,Logistics,Nigeria,Mid-Market,Organic,2537.7,1,1,20.0
M02616,2024-07-08,Logistics,Kenya,Enterprise,Sales Team,1781.41,1,1,3.0
M02617,2025-01-09,Gaming,Ghana,Mid-Market,Paid Ads,6341.08,1,1,12.0
M02618,2025-04-15,SaaS,Nigeria,Mid-Market,Sales Team,2848.95,1,0,8.0
M02619,2024-09-09,Education,Nigeria,SME,Paid Ads,532.56,0,0,
M02620,2025-01-09,SaaS,Kenya,SME,Referral,1684.26,1,1,0.0
M02621,2025-01-07,SaaS,Kenya,SME,Partnership,1793.64,1,0,1.0
M02622,2024-06-20,Education,South Africa,Enterprise,Partnership,994.45,1,1,0.0
M02623,2024-12-10,SaaS,Kenya,SME,Sales Team,1586.8,1,1,6.0
M02624,2024-02-21,Healthcare,Ghana,Enterprise,Organic,5830.18,1,0,0.0
M02625,2025-04-30,E-commerce,Ghana,SME,Partnership,2485.91,0,0,
M02626,2024-07-11,Logistics,Ghana,Mid-Market,Sales Team,3279.92,1,1,9.0
M02627,2024-03-18,Gaming,Ghana,Enterprise,Sales Team,4415.52,0,0,
M02628,2024-05-24,Retail,Ghana,Enterprise,Organic,4294.28,1,0,12.0
M02629,2025-05-01,Logistics,Nigeria,Mid-Market,Organic,3690.23,1,1,9.0
M02630,2024-09-08,Logistics,Ghana,SME,Sales Team,4448.84,1,0,12.0
M02631,2024-12-18,Education,South Africa,Enterprise,Partnership,3961.92,1,1,10.0
M02632,2024-04-30,Healthcare,South Africa,Enterprise,Referral,1850.24,1,0,3.0
M02633,2025-03-25,Education,Ghana,Mid-Market,Sales Team,3630.91,1,1,7.0
M02634,2024-09-07,Hospitality,Kenya,Enterprise,Sales Team,4676.71,1,1,5.0
M02635,2024-05-31,SaaS,Ghana,SME,Paid Ads,5611.93,1,1,15.0
M02636,2024-08-02,Gaming,Kenya,SME,Sales Team,11585.65,1,0,16.0
M02637,2024-02-29,Retail,South Africa,Mid-Market,Organic,1567.14,1,0,10.0
M02638,2024-06-26,Hospitality,Ghana,Mid-Market,Sales Team,8081.9,1,1,8.0
M02639,2024-11-03,Hospitality,Ghana,SME,Paid Ads,1722.82,1,1,2.0
M02640,2024-05-17,Logistics,South Africa,SME,Partnership,6168.92,1,1,0.0
M02641,2025-01-30,Healthcare,Kenya,Enterprise,Paid Ads,4728.88,1,0,6.0
M02642,2024-07-29,Hospitality,South Africa,Mid-Market,Sales Team,4250.97,1,1,7.0
M02643,2024-05-13,E-commerce,Kenya,Mid-Market,Referral,2153.55,0,0,
M02644,2024-06-22,E-commerce,Kenya,Mid-Market,Sales Team,1239.5,1,0,0.0
M02645,2024-04-23,Retail,Ghana,Enterprise,Organic,2666.68,1,1,11.0
M02646,2025-04-30,Healthcare,Ghana,Enterprise,Partnership,1940.71,1,1,8.0
M02647,2024-01-11,E-commerce,South Africa,SME,Paid Ads,3833.5,1,1,1.0
M02648,2025-04-12,Healthcare,Nigeria,Enterprise,Organic,1935.06,1,1,5.0
M02649,2024-09-22,Logistics,Kenya,Enterprise,Referral,361.18,0,1,
M02650,2024-03-21,Hospitality,Ghana,Mid-Market,Referral,6012.85,1,1,6.0
M02651,2025-04-11,Healthcare,Kenya,Mid-Market,Referral,4045.12,1,0,5.0
M02652,2024-10-10,Logistics,Nigeria,SME,Organic,2029.83,1,1,0.0
M02653,2025-01-21,SaaS,South Africa,Mid-Market,Organic,796.52,1,0,7.0
M02654,2024-03-21,Education,Kenya,SME,Referral,7833.81,1,1,6.0
M02655,2024-11-19,Logistics,Nigeria,Mid-Market,Organic,9141.01,0,1,
M02656,2025-02-20,Hospitality,South Africa,SME,Paid Ads,2427.47,1,1,7.0
M02657,2025-03-17,SaaS,Nigeria,SME,Partnership,1946.76,1,1,12.0
M02658,2025-01-04,Hospitality,Nigeria,SME,Partnership,11138.8,1,1,0.0
M02659,2024-11-05,Retail,Nigeria,Enterprise,Partnership,2294.41,1,0,12.0
M02660,2025-02-09,Hospitality,Ghana,Enterprise,Paid Ads,2561.03,1,1,11.0
M02661,2025-02-05,Healthcare,South Africa,Enterprise,Organic,2868.86,1,1,8.0
M02662,2024-06-03,Education,South Africa,SME,Organic,7801.56,0,0,
M02663,2024-05-15,Gaming,South Africa,Mid-Market,Sales Team,5474.72,1,1,8.0
M02664,2024-02-17,Logistics,South Africa,Enterprise,Paid Ads,4279.31,1,1,8.0
M02665,2024-09-04,Education,Ghana,Mid-Market,Organic,2043.99,1,1,7.0
M02666,2024-09-11,Hospitality,Kenya,Enterprise,Organic,3821.35,1,1,3.0
M02667,2024-08-19,Logistics,Nigeria,Mid-Market,Referral,1703.89,0,0,
M02668,2024-08-16,Healthcare,South Africa,Enterprise,Organic,17310.22,0,0,
M02669,2024-11-25,Education,Kenya,SME,Organic,2501.48,0,1,
M02670,2024-02-18,Retail,Ghana,Mid-Market,Partnership,5106.74,1,0,6.0
M02671,2024-05-07,SaaS,Ghana,Mid-Market,Partnership,4707.04,1,1,15.0
M02672,2025-03-05,Gaming,Ghana,SME,Sales Team,1888.31,1,0,13.0
M02673,2024-05-09,Hospitality,Kenya,Enterprise,Paid Ads,1053.45,1,0,0.0
M02674,2025-03-03,Retail,Nigeria,Mid-Market,Partnership,1068.06,1,1,0.0
M02675,2024-11-02,Hospitality,Nigeria,Mid-Market,Referral,1949.76,1,0,2.0
M02676,2025-01-21,Gaming,South Africa,Mid-Market,Referral,1956.51,1,1,11.0
M02677,2024-06-13,Gaming,South Africa,Enterprise,Partnership,5679.0,1,1,0.0
M02678,2025-03-15,SaaS,Nigeria,Mid-Market,Organic,4096.16,1,1,12.0
M02679,2024-07-11,Retail,Nigeria,SME,Partnership,283.56,1,1,13.0
M02680,2025-01-18,SaaS,Ghana,SME,Sales Team,7385.1,1,0,12.0
M02681,2025-03-21,SaaS,Nigeria,Mid-Market,Sales Team,7205.6,0,0,
M02682,2024-03-28,Gaming,Ghana,Enterprise,Partnership,1202.3,1,1,8.0
M02683,2024-08-02,Hospitality,Nigeria,Mid-Market,Organic,3833.53,1,1,7.0
M02684,2024-08-10,Education,Kenya,Enterprise,Paid Ads,2180.64,1,1,6.0
M02685,2024-11-10,Healthcare,Ghana,SME,Paid Ads,2028.12,1,1,16.0
M02686,2024-09-24,Logistics,Kenya,Enterprise,Partnership,7042.15,1,1,9.0
M02687,2024-05-08,Gaming,South Africa,SME,Paid Ads,2000.72,1,0,5.0
M02688,2025-04-19,Retail,Ghana,Enterprise,Sales Team,3395.97,1,1,2.0
M02689,2024-01-06,Healthcare,South Africa,SME,Referral,2644.77,0,1,
M02690,2024-08-28,SaaS,Nigeria,Mid-Market,Referral,1986.72,1,1,7.0
M02691,2024-04-12,SaaS,South Africa,Mid-Market,Organic,3602.76,1,1,1.0
M02692,2024-02-01,Gaming,Ghana,SME,Paid Ads,693.29,1,1,14.0
M02693,2024-11-21,Logistics,Kenya,Enterprise,Organic,4666.11,1,1,11.0
M02694,2025-04-20,Logistics,Kenya,Mid-Market,Sales Team,2510.07,1,0,19.0
M02695,2024-10-26,Education,Kenya,Enterprise,Sales Team,1414.21,1,0,13.0
M02696,2025-04-23,Education,Ghana,SME,Partnership,1766.61,1,1,6.0
M02697,2024-03-19,SaaS,Ghana,Mid-Market,Referral,3585.48,1,1,4.0
M02698,2024-05-14,SaaS,Ghana,Enterprise,Partnership,6546.86,1,1,17.0
M02699,2024-11-26,Hospitality,Kenya,Enterprise,Partnership,2030.95,1,0,9.0
M02700,2024-11-05,Education,South Africa,SME,Referral,8947.38,1,1,0.0
M02701,2024-01-02,Logistics,Ghana,SME,Partnership,3293.82,1,1,0.0
M02702,2024-03-16,Retail,Ghana,Mid-Market,Organic,3899.52,1,0,5.0
M02703,2024-06-14,SaaS,Nigeria,SME,Partnership,1565.01,1,0,13.0
M02704,2025-02-17,Gaming,South Africa,Enterprise,Sales Team,8731.27,1,1,8.0
M02705,2024-06-16,Education,Nigeria,SME,Partnership,2459.9,1,1,14.0
M02706,2024-07-20,Hospitality,South Africa,Enterprise,Sales Team,1036.9,0,0,
M02707,2024-06-30,Education,Kenya,Enterprise,Organic,4746.11,1,1,0.0
M02708,2025-03-28,Logistics,Ghana,Enterprise,Paid Ads,602.33,1,0,7.0
M02709,2024-12-30,Retail,South Africa,Enterprise,Sales Team,384.2,1,1,0.0
M02710,2024-09-07,Education,Nigeria,Enterprise,Sales Team,1421.29,1,1,1.0
M02711,2024-11-29,Healthcare,Ghana,SME,Paid Ads,8654.88,1,1,13.0
M02712,2025-03-13,Gaming,Kenya,Enterprise,Sales Team,7975.56,1,1,6.0
M02713,2024-04-19,Logistics,South Africa,Mid-Market,Referral,4911.97,1,1,3.0
M02714,2025-04-22,E-commerce,Ghana,Mid-Market,Paid Ads,810.1,1,1,10.0
M02715,2024-09-26,Logistics,Nigeria,Enterprise,Paid Ads,3690.48,1,1,8.0
M02716,2024-06-17,SaaS,Kenya,Mid-Market,Partnership,5212.38,1,0,3.0
M02717,2025-04-16,E-commerce,Kenya,SME,Paid Ads,9986.18,1,1,12.0
M02718,2024-11-24,Gaming,South Africa,SME,Paid Ads,1772.98,1,1,10.0
M02719,2024-05-20,E-commerce,Nigeria,Enterprise,Sales Team,2783.71,1,0,2.0
M02720,2024-11-07,Gaming,South Africa,SME,Sales Team,1840.42,1,1,16.0
M02721,2025-01-18,SaaS,Nigeria,Mid-Market,Organic,4668.76,1,1,9.0
M02722,2024-11-09,Retail,Ghana,SME,Organic,14475.58,1,1,1.0
M02723,2024-08-02,SaaS,Nigeria,Mid-Market,Organic,4912.22,1,1,9.0
M02724,2024-06-09,SaaS,Kenya,SME,Partnership,3693.64,1,0,0.0
M02725,2025-01-12,E-commerce,Kenya,Enterprise,Paid Ads,1500.19,1,1,11.0
M02726,2025-04-04,Retail,Kenya,Enterprise,Organic,625.52,1,1,9.0
M02727,2025-04-26,Hospitality,South Africa,Enterprise,Organic,2458.82,1,1,9.0
M02728,2024-02-03,Logistics,Ghana,Enterprise,Paid Ads,3999.34,1,1,10.0
M02729,2024-02-12,Retail,South Africa,SME,Paid Ads,3089.51,1,1,9.0
M02730,2024-11-07,Logistics,South Africa,SME,Organic,1246.3,1,1,8.0
M02731,2024-06-08,Education,Kenya,SME,Paid Ads,6839.18,1,1,5.0
M02732,2024-08-26,SaaS,South Africa,SME,Organic,1597.22,1,1,5.0
M02733,2025-04-15,SaaS,Ghana,Enterprise,Organic,561.86,0,1,
M02734,2024-04-05,Healthcare,Nigeria,SME,Organic,1910.18,1,1,0.0
M02735,2024-04-21,Healthcare,South Africa,SME,Referral,4359.69,1,0,14.0
M02736,2024-06-06,Logistics,Ghana,Mid-Market,Organic,8048.72,1,0,14.0
M02737,2024-07-13,Education,Ghana,Mid-Market,Referral,797.88,1,1,4.0
M02738,2024-10-16,Healthcare,South Africa,SME,Referral,844.76,1,1,7.0
M02739,2024-05-19,Logistics,Ghana,Mid-Market,Paid Ads,8089.26,1,1,9.0
M02740,2024-12-23,Gaming,Kenya,SME,Sales Team,6199.26,1,0,4.0
M02741,2024-06-30,Healthcare,Kenya,Enterprise,Partnership,8550.06,1,1,10.0
M02742,2024-08-18,Retail,Nigeria,Enterprise,Sales Team,1199.47,1,1,4.0
M02743,2024-03-20,Logistics,South Africa,Mid-Market,Paid Ads,1807.61,1,1,12.0
M02744,2024-04-16,Healthcare,Kenya,SME,Partnership,3276.06,1,1,3.0
M02745,2025-01-30,Logistics,Kenya,SME,Sales Team,1493.5,1,1,10.0
M02746,2024-05-13,E-commerce,Nigeria,Enterprise,Referral,3521.16,1,0,11.0
M02747,2024-08-31,Retail,South Africa,Enterprise,Paid Ads,2902.34,1,1,7.0
M02748,2024-07-09,Hospitality,Nigeria,Mid-Market,Organic,7634.44,1,0,20.0
M02749,2024-11-18,Healthcare,Nigeria,SME,Sales Team,6562.88,1,0,10.0
M02750,2024-08-31,Healthcare,Kenya,Enterprise,Organic,5215.36,1,1,0.0
M02751,2024-04-05,Healthcare,Kenya,SME,Sales Team,7038.01,1,1,17.0
M02752,2024-10-06,Retail,Nigeria,Mid-Market,Partnership,9801.59,1,0,7.0
M02753,2024-08-21,Hospitality,South Africa,Mid-Market,Referral,2570.51,1,1,6.0
M02754,2024-05-09,Healthcare,Kenya,Mid-Market,Sales Team,4167.08,1,1,7.0
M02755,2024-06-02,E-commerce,Ghana,Enterprise,Organic,4980.36,1,1,4.0
M02756,2024-08-03,Hospitality,Kenya,Enterprise,Sales Team,942.85,0,1,
M02757,2024-10-30,E-commerce,Ghana,Enterprise,Referral,1334.99,1,1,17.0
M02758,2025-04-17,Education,Ghana,Enterprise,Referral,2735.0,1,1,5.0
M02759,2024-03-07,Healthcare,Nigeria,SME,Paid Ads,1877.5,1,1,0.0
M02760,2025-02-09,Retail,Kenya,Mid-Market,Sales Team,15419.93,1,1,6.0
M02761,2024-03-25,Gaming,Nigeria,Enterprise,Referral,2288.98,1,0,7.0
M02762,2024-04-12,Retail,Kenya,Mid-Market,Organic,1802.53,1,1,7.0
M02763,2024-04-04,Logistics,Ghana,Mid-Market,Organic,4023.9,1,0,10.0
M02764,2025-01-05,Logistics,Ghana,Enterprise,Partnership,4196.68,1,0,12.0
M02765,2025-03-08,Healthcare,Nigeria,Mid-Market,Referral,2119.93,1,1,8.0
M02766,2024-06-25,SaaS,South Africa,Enterprise,Sales Team,12707.72,1,1,5.0
M02767,2024-12-23,Logistics,South Africa,Enterprise,Sales Team,1469.32,1,1,2.0
M02768,2025-03-01,Gaming,Ghana,SME,Sales Team,9713.01,1,0,4.0
M02769,2024-03-06,Healthcare,Ghana,Mid-Market,Paid Ads,4299.57,0,0,
M02770,2025-04-04,Education,South Africa,Enterprise,Sales Team,1926.27,0,1,
M02771,2024-09-30,SaaS,Kenya,Mid-Market,Partnership,5186.17,1,1,0.0
M02772,2024-01-14,Logistics,Ghana,SME,Paid Ads,4333.3,1,1,5.0
M02773,2024-07-04,Healthcare,Nigeria,Enterprise,Partnership,1611.74,1,1,0.0
M02774,2025-01-19,Hospitality,Nigeria,Enterprise,Referral,3898.09,1,1,14.0
M02775,2024-03-11,Gaming,Ghana,SME,Referral,3538.5,1,1,0.0
M02776,2024-06-03,Hospitality,Nigeria,Mid-Market,Sales Team,773.2,1,1,17.0
M02777,2024-11-30,Retail,South Africa,SME,Paid Ads,3481.85,0,1,
M02778,2024-06-08,Hospitality,South Africa,SME,Paid Ads,2317.9,1,1,14.0
M02779,2025-05-05,Hospitality,Ghana,SME,Sales Team,13087.47,1,1,10.0
M02780,2024-12-15,SaaS,South Africa,SME,Paid Ads,2329.73,1,1,15.0
M02781,2024-12-17,SaaS,South Africa,SME,Referral,6196.94,1,1,8.0
M02782,2024-06-12,Retail,South Africa,Enterprise,Sales Team,3661.25,1,1,14.0
M02783,2024-01-06,Gaming,South Africa,Mid-Market,Organic,1437.36,1,1,5.0
M02784,2024-06-04,Hospitality,Kenya,Enterprise,Organic,3897.16,1,1,12.0
M02785,2024-11-05,Gaming,Kenya,Mid-Market,Paid Ads,454.9,1,1,15.0
M02786,2025-03-08,Healthcare,Nigeria,SME,Sales Team,2470.46,1,0,0.0
M02787,2024-09-29,Hospitality,Nigeria,SME,Organic,857.76,1,0,5.0
M02788,2024-06-21,Education,Ghana,Enterprise,Partnership,2018.53,1,0,8.0
M02789,2025-01-07,Gaming,South Africa,SME,Sales Team,4077.3,1,0,11.0
M02790,2024-05-24,E-commerce,Nigeria,Mid-Market,Sales Team,4575.51,1,1,15.0
M02791,2024-07-06,E-commerce,Kenya,Mid-Market,Sales Team,665.03,1,1,0.0
M02792,2024-06-21,Education,Nigeria,Enterprise,Paid Ads,10118.28,1,1,15.0
M02793,2024-04-01,Education,Kenya,Mid-Market,Organic,1262.95,0,0,
M02794,2024-08-16,Healthcare,Kenya,Enterprise,Organic,9778.43,0,1,
M02795,2024-11-01,SaaS,Kenya,Enterprise,Organic,4851.21,1,0,9.0
M02796,2024-09-29,Hospitality,Ghana,SME,Organic,2917.31,1,0,13.0
M02797,2024-09-30,SaaS,Ghana,Enterprise,Referral,716.06,1,0,9.0
M02798,2024-11-20,Gaming,South Africa,Mid-Market,Paid Ads,5391.98,1,1,7.0
M02799,2025-05-12,Gaming,Ghana,Enterprise,Partnership,1583.53,1,0,8.0
M02800,2024-10-18,Gaming,Nigeria,SME,Paid Ads,4785.83,1,0,11.0
M02801,2024-07-09,E-commerce,Ghana,Enterprise,Organic,2747.45,1,1,16.0
M02802,2024-07-14,SaaS,Kenya,Enterprise,Paid Ads,3305.17,1,1,10.0
M02803,2024-08-04,Hospitality,Nigeria,SME,Paid Ads,4602.86,0,1,
M02804,2025-01-04,SaaS,South Africa,SME,Referral,3186.14,1,0,3.0
M02805,2024-10-19,Education,Kenya,Enterprise,Partnership,7227.36,1,1,5.0
M02806,2024-10-03,Logistics,Nigeria,Mid-Market,Partnership,2591.54,1,1,7.0
M02807,2024-08-30,Logistics,South Africa,Mid-Market,Referral,4871.55,0,1,
M02808,2024-05-21,E-commerce,South Africa,SME,Paid Ads,2961.13,1,1,16.0
M02809,2024-05-19,E-commerce,South Africa,SME,Organic,8880.92,1,1,14.0
M02810,2025-02-04,Hospitality,Ghana,Mid-Market,Paid Ads,4771.03,1,0,14.0
M02811,2024-08-24,Healthcare,Nigeria,SME,Referral,1101.83,1,0,12.0
M02812,2024-01-10,Healthcare,Ghana,SME,Partnership,4124.78,1,0,12.0
M02813,2024-05-27,Gaming,South Africa,Enterprise,Partnership,429.93,1,0,6.0
M02814,2024-06-17,Hospitality,South Africa,Enterprise,Organic,1300.55,1,0,1.0
M02815,2024-06-24,Healthcare,Kenya,Mid-Market,Sales Team,6019.26,1,0,10.0
M02816,2024-03-18,Gaming,South Africa,SME,Partnership,4374.67,1,1,2.0
M02817,2024-12-23,Retail,South Africa,Mid-Market,Sales Team,1965.06,1,0,17.0
M02818,2024-01-17,SaaS,South Africa,Enterprise,Paid Ads,7394.22,1,1,10.0
M02819,2024-02-12,Logistics,Kenya,Mid-Market,Paid Ads,11674.54,1,0,1.0
M02820,2025-01-19,Healthcare,South Africa,Enterprise,Sales Team,3978.58,1,1,15.0
M02821,2024-01-16,Retail,Ghana,Enterprise,Paid Ads,3467.3,1,1,8.0
M02822,2024-10-16,Hospitality,South Africa,SME,Paid Ads,419.33,1,1,0.0
M02823,2024-10-11,Gaming,Ghana,Mid-Market,Partnership,865.45,1,1,6.0
M02824,2024-03-08,Hospitality,Nigeria,SME,Sales Team,4842.81,1,1,8.0
M02825,2024-04-21,Logistics,Nigeria,Enterprise,Paid Ads,6063.33,1,1,19.0
M02826,2024-04-01,Retail,South Africa,Enterprise,Sales Team,5514.76,1,1,4.0
M02827,2024-06-29,Logistics,South Africa,Enterprise,Paid Ads,3373.27,1,1,11.0
M02828,2024-06-12,Healthcare,Nigeria,Enterprise,Paid Ads,966.31,1,1,3.0
M02829,2024-09-14,Hospitality,Ghana,Mid-Market,Sales Team,4314.88,1,0,10.0
M02830,2025-01-22,Gaming,Kenya,Mid-Market,Referral,882.67,1,0,9.0
M02831,2025-04-18,Retail,South Africa,Mid-Market,Organic,2450.35,1,1,7.0
M02832,2024-09-29,Healthcare,South Africa,Enterprise,Referral,3469.46,1,0,15.0
M02833,2024-12-15,SaaS,South Africa,Enterprise,Sales Team,3672.6,0,0,
M02834,2025-05-13,Hospitality,South Africa,SME,Organic,3100.98,1,1,0.0
M02835,2024-11-12,Logistics,Ghana,Enterprise,Partnership,10231.09,1,0,6.0
M02836,2024-09-14,SaaS,South Africa,SME,Paid Ads,1725.72,1,1,21.0
M02837,2024-11-08,Logistics,Ghana,Enterprise,Sales Team,3651.38,0,1,
M02838,2024-12-16,SaaS,Kenya,SME,Partnership,9212.98,1,0,15.0
M02839,2025-03-28,Hospitality,Ghana,SME,Sales Team,2733.43,1,0,25.0
M02840,2024-07-07,Logistics,Ghana,Mid-Market,Referral,13949.89,1,0,5.0
M02841,2024-06-14,Retail,Kenya,SME,Organic,6078.52,1,1,13.0
M02842,2024-04-15,Gaming,South Africa,SME,Partnership,409.7,1,1,13.0
M02843,2024-08-15,Logistics,Ghana,Mid-Market,Partnership,3490.28,1,1,7.0
M02844,2024-11-24,SaaS,Kenya,SME,Referral,1530.15,1,1,13.0
M02845,2024-08-24,SaaS,Nigeria,Enterprise,Organic,6868.27,1,1,3.0
M02846,2024-12-15,Hospitality,South Africa,Mid-Market,Organic,4089.99,1,1,7.0
M02847,2025-02-04,Hospitality,Kenya,Enterprise,Partnership,973.59,1,0,0.0
M02848,2024-03-02,E-commerce,South Africa,Mid-Market,Organic,2277.6,1,1,5.0
M02849,2024-05-29,Hospitality,Nigeria,Mid-Market,Sales Team,9064.49,1,0,0.0
M02850,2025-01-01,Gaming,South Africa,SME,Organic,1700.08,1,1,12.0
M02851,2024-03-15,Education,Nigeria,Enterprise,Referral,5288.18,0,1,
M02852,2024-07-06,Hospitality,Kenya,SME,Referral,6811.41,1,1,12.0
M02853,2025-02-11,Gaming,Ghana,Mid-Market,Organic,6337.43,1,1,2.0
M02854,2024-06-17,SaaS,South Africa,Enterprise,Sales Team,437.07,1,1,18.0
M02855,2025-01-20,Logistics,Kenya,Mid-Market,Paid Ads,389.46,1,0,0.0
M02856,2024-12-18,Gaming,Kenya,Mid-Market,Paid Ads,2908.72,1,0,5.0
M02857,2024-10-17,Education,Nigeria,SME,Referral,1448.14,0,0,
M02858,2024-09-24,Education,Nigeria,SME,Paid Ads,9502.78,1,1,6.0
M02859,2024-10-15,Healthcare,Kenya,Mid-Market,Referral,4706.17,1,1,10.0
M02860,2024-10-17,Education,South Africa,Enterprise,Sales Team,1789.02,1,1,12.0
M02861,2024-12-10,Education,Ghana,Enterprise,Referral,3218.38,1,1,9.0
M02862,2024-03-16,Education,South Africa,Mid-Market,Referral,1369.2,1,1,7.0
M02863,2024-01-15,Logistics,Kenya,SME,Partnership,3456.0,1,0,5.0
M02864,2024-01-07,Education,Kenya,Enterprise,Partnership,5178.8,1,1,1.0
M02865,2025-01-16,Hospitality,South Africa,Enterprise,Referral,5668.8,0,0,
M02866,2025-05-12,Healthcare,Ghana,Enterprise,Partnership,5794.2,1,0,0.0
M02867,2024-06-09,Healthcare,South Africa,Mid-Market,Referral,5774.8,0,1,
M02868,2025-03-21,Gaming,Ghana,Mid-Market,Sales Team,4257.1,0,1,
M02869,2024-01-08,SaaS,Kenya,SME,Paid Ads,4652.03,1,1,19.0
M02870,2024-04-15,Logistics,Ghana,Mid-Market,Partnership,2774.49,1,1,12.0
M02871,2025-02-02,SaaS,Ghana,Mid-Market,Sales Team,2111.93,1,1,2.0
M02872,2024-08-23,E-commerce,Ghana,Enterprise,Referral,1846.57,1,1,7.0
M02873,2024-07-05,E-commerce,South Africa,Enterprise,Organic,10390.23,1,1,15.0
M02874,2025-05-02,Healthcare,Nigeria,Mid-Market,Partnership,3650.34,1,0,7.0
M02875,2025-05-07,SaaS,Nigeria,Mid-Market,Partnership,1606.66,1,0,0.0
M02876,2024-09-24,Logistics,Ghana,Mid-Market,Referral,2509.33,1,0,0.0
M02877,2024-12-19,Logistics,Ghana,Enterprise,Sales Team,7869.54,1,1,20.0
M02878,2024-03-31,E-commerce,Kenya,Enterprise,Paid Ads,4705.24,1,0,6.0
M02879,2024-02-16,Logistics,Nigeria,SME,Partnership,2572.13,1,1,13.0
M02880,2024-06-04,E-commerce,Ghana,SME,Referral,4685.8,1,1,4.0
M02881,2024-10-26,Gaming,South Africa,SME,Partnership,1702.93,1,1,1.0
M02882,2025-03-27,E-commerce,Kenya,Enterprise,Organic,5346.9,1,0,6.0
M02883,2024-04-10,Gaming,Nigeria,Mid-Market,Organic,4153.24,1,0,9.0
M02884,2024-08-31,Logistics,Nigeria,Enterprise,Partnership,692.42,1,1,4.0
M02885,2024-04-20,Gaming,Kenya,Enterprise,Organic,2853.39,1,0,5.0
M02886,2024-10-24,Hospitality,Nigeria,Enterprise,Sales Team,2080.72,1,1,16.0
M02887,2025-02-02,Logistics,South Africa,SME,Paid Ads,516.21,1,1,0.0
M02888,2025-01-21,Hospitality,Kenya,Mid-Market,Referral,2365.7,1,1,7.0
M02889,2024-06-17,Gaming,Kenya,Enterprise,Paid Ads,8793.62,1,0,6.0
M02890,2024-05-15,Logistics,Kenya,Mid-Market,Partnership,1295.47,0,1,
M02891,2024-09-14,Education,South Africa,SME,Referral,8298.99,1,0,10.0
M02892,2024-09-06,E-commerce,Kenya,Enterprise,Sales Team,4495.58,1,1,0.0
M02893,2024-09-10,Retail,Ghana,SME,Sales Team,2994.67,1,1,1.0
M02894,2024-12-10,Education,Nigeria,Mid-Market,Paid Ads,3314.67,1,0,12.0
M02895,2024-11-22,Retail,Ghana,SME,Referral,831.87,1,0,1.0
M02896,2024-04-19,Education,Kenya,Mid-Market,Partnership,4548.89,1,0,4.0
M02897,2024-08-29,SaaS,Kenya,Enterprise,Referral,1390.09,1,0,3.0
M02898,2024-10-19,Retail,Kenya,SME,Referral,3304.47,1,1,2.0
M02899,2025-01-27,Hospitality,Ghana,SME,Partnership,3646.06,1,1,3.0
M02900,2024-12-05,Retail,Kenya,Enterprise,Sales Team,994.41,0,0,
M02901,2024-11-30,Hospitality,Kenya,SME,Paid Ads,6193.76,1,1,0.0
M02902,2024-08-29,Education,Kenya,SME,Paid Ads,383.7,1,1,7.0
M02903,2024-06-19,Healthcare,Kenya,Mid-Market,Paid Ads,1261.97,1,1,8.0
M02904,2024-08-05,Hospitality,South Africa,SME,Sales Team,8096.6,0,1,
M02905,2024-01-29,Hospitality,Kenya,Enterprise,Referral,734.79,1,1,3.0
M02906,2025-05-14,Gaming,Kenya,SME,Referral,2172.93,1,1,6.0
M02907,2024-04-16,Education,Kenya,Mid-Market,Organic,2691.39,1,1,6.0
M02908,2024-06-13,Hospitality,South Africa,Mid-Market,Partnership,5386.46,1,1,12.0
M02909,2024-10-13,Logistics,Ghana,Enterprise,Partnership,681.97,1,1,11.0
M02910,2024-08-13,Education,Nigeria,SME,Referral,3228.47,1,0,6.0
M02911,2024-03-23,Healthcare,South Africa,Enterprise,Partnership,814.96,1,0,1.0
M02912,2024-08-28,E-commerce,South Africa,Enterprise,Sales Team,2491.37,1,0,7.0
M02913,2024-05-07,Education,South Africa,SME,Organic,2508.91,1,1,11.0
M02914,2024-01-29,Healthcare,Kenya,Enterprise,Paid Ads,1941.88,1,1,5.0
M02915,2024-08-12,Education,Nigeria,Mid-Market,Referral,3208.97,1,0,17.0
M02916,2025-03-26,SaaS,Kenya,Enterprise,Sales Team,2298.0,1,1,2.0
M02917,2025-02-26,Retail,Ghana,Enterprise,Paid Ads,3490.57,1,1,3.0
M02918,2024-10-20,Logistics,Nigeria,Mid-Market,Referral,1086.47,1,1,13.0
M02919,2024-06-16,Education,Kenya,Enterprise,Organic,1670.54,1,1,16.0
M02920,2024-03-12,SaaS,Kenya,Mid-Market,Sales Team,3623.66,1,0,19.0
M02921,2025-01-17,Logistics,Ghana,Mid-Market,Sales Team,2515.55,1,0,5.0
M02922,2024-04-26,Gaming,Kenya,Mid-Market,Referral,12756.51,1,0,10.0
M02923,2024-12-12,Education,Kenya,Enterprise,Organic,3930.12,0,1,
M02924,2024-03-12,SaaS,South Africa,Mid-Market,Sales Team,5425.05,1,0,18.0
M02925,2025-02-16,Gaming,Nigeria,Enterprise,Organic,4477.63,1,0,8.0
M02926,2025-04-12,Healthcare,Nigeria,Enterprise,Sales Team,2962.29,1,1,9.0
M02927,2024-01-17,Healthcare,South Africa,Mid-Market,Partnership,3028.79,1,1,0.0
M02928,2024-06-19,SaaS,Nigeria,Enterprise,Organic,2538.43,0,1,
M02929,2025-05-13,SaaS,Ghana,Enterprise,Organic,11208.1,0,0,
M02930,2024-10-20,Gaming,Ghana,SME,Sales Team,11035.8,1,0,7.0
M02931,2025-02-22,Education,South Africa,Mid-Market,Referral,816.03,1,0,8.0
M02932,2024-11-29,Healthcare,Nigeria,SME,Partnership,6163.11,1,0,6.0
M02933,2024-06-22,Gaming,South Africa,SME,Sales Team,6372.29,1,1,5.0
M02934,2024-10-21,Education,Nigeria,Enterprise,Sales Team,8945.96,0,1,
M02935,2024-01-10,E-commerce,Ghana,Mid-Market,Sales Team,5247.52,1,1,10.0
M02936,2024-03-18,Education,Ghana,Enterprise,Paid Ads,2403.41,1,0,10.0
M02937,2024-09-29,Gaming,Ghana,Enterprise,Paid Ads,2997.22,1,1,7.0
M02938,2025-04-02,Retail,Ghana,SME,Referral,4805.53,1,1,7.0
M02939,2024-06-06,Retail,Nigeria,SME,Partnership,2097.51,1,0,0.0
M02940,2024-11-04,E-commerce,Ghana,Enterprise,Paid Ads,687.01,1,1,3.0
M02941,2025-05-03,SaaS,Kenya,Mid-Market,Referral,4341.07,0,0,
M02942,2024-12-02,Logistics,Ghana,Mid-Market,Referral,3752.82,1,0,10.0
M02943,2024-08-05,Education,Ghana,SME,Paid Ads,2696.64,1,0,13.0
M02944,2024-01-14,Retail,South Africa,SME,Sales Team,3098.29,1,1,15.0
M02945,2024-01-14,Gaming,Ghana,Mid-Market,Organic,360.19,1,1,6.0
M02946,2024-08-16,Gaming,South Africa,SME,Referral,2155.47,1,1,0.0
M02947,2025-01-29,Hospitality,Nigeria,SME,Referral,999.19,0,0,
M02948,2024-09-16,SaaS,Ghana,SME,Organic,1972.19,1,0,1.0
M02949,2025-04-26,Gaming,Kenya,Enterprise,Paid Ads,5744.31,1,0,0.0
M02950,2024-07-31,Logistics,Ghana,SME,Partnership,3048.58,1,0,6.0
M02951,2024-07-03,Gaming,Kenya,Enterprise,Organic,3026.9,1,0,0.0
M02952,2025-04-28,Gaming,Nigeria,SME,Sales Team,1416.11,1,0,2.0
M02953,2025-02-15,Hospitality,South Africa,SME,Paid Ads,11514.1,1,1,7.0
M02954,2024-07-03,Education,Nigeria,Mid-Market,Paid Ads,2394.17,1,1,18.0
M02955,2024-04-27,SaaS,South Africa,Mid-Market,Organic,9444.51,1,1,6.0
M02956,2025-05-02,Education,Kenya,SME,Referral,4189.59,1,0,17.0
M02957,2025-03-09,Logistics,Ghana,Enterprise,Organic,6415.0,1,1,7.0
M02958,2024-03-06,Retail,Ghana,Enterprise,Sales Team,4514.63,0,1,
M02959,2025-01-25,E-commerce,Nigeria,Enterprise,Referral,2959.77,1,1,8.0
M02960,2025-03-19,Education,Kenya,Enterprise,Sales Team,1625.15,1,1,10.0
M02961,2025-02-25,Retail,South Africa,SME,Referral,5900.13,0,0,
M02962,2025-04-24,Retail,Ghana,Mid-Market,Organic,10569.69,0,1,
M02963,2025-02-06,Retail,Nigeria,Mid-Market,Referral,5491.59,1,0,9.0
M02964,2024-06-05,Hospitality,Kenya,Mid-Market,Partnership,5570.54,0,0,
M02965,2024-06-13,E-commerce,Nigeria,Mid-Market,Organic,1243.17,0,1,
M02966,2025-03-31,Gaming,Nigeria,Enterprise,Referral,491.73,1,1,15.0
M02967,2025-04-12,Hospitality,Nigeria,Enterprise,Sales Team,2468.89,1,0,3.0
M02968,2025-01-25,Retail,Ghana,SME,Organic,2540.79,1,1,13.0
M02969,2024-06-27,Logistics,Nigeria,Mid-Market,Organic,4632.06,1,1,9.0
M02970,2024-02-27,Gaming,South Africa,Mid-Market,Partnership,10190.84,0,1,
M02971,2024-08-13,Retail,Nigeria,Mid-Market,Sales Team,1950.35,1,1,2.0
M02972,2024-08-28,Education,Ghana,Mid-Market,Partnership,7036.28,1,1,15.0
M02973,2024-07-06,SaaS,South Africa,Mid-Market,Partnership,2571.14,1,1,6.0
M02974,2024-04-10,Retail,Ghana,Enterprise,Referral,2252.82,0,0,
M02975,2025-02-16,Retail,Ghana,Enterprise,Organic,9984.52,0,1,
M02976,2025-01-15,SaaS,South Africa,Mid-Market,Partnership,5759.95,1,0,18.0
M02977,2024-02-23,Logistics,Ghana,Mid-Market,Referral,5281.91,1,0,9.0
M02978,2025-01-08,Education,Kenya,Enterprise,Sales Team,3678.63,1,1,0.0
M02979,2024-12-08,Education,Ghana,Mid-Market,Sales Team,8280.25,1,0,7.0
M02980,2024-07-10,Retail,Nigeria,Enterprise,Sales Team,3605.89,1,0,5.0
M02981,2024-11-19,E-commerce,Ghana,SME,Organic,4346.68,1,1,10.0
M02982,2024-03-14,E-commerce,Ghana,SME,Sales Team,6237.86,1,1,8.0
M02983,2024-06-14,E-commerce,South Africa,Mid-Market,Paid Ads,1197.05,1,1,0.0
M02984,2024-04-06,Hospitality,South Africa,SME,Sales Team,1350.79,1,1,5.0
M02985,2024-11-14,Education,South Africa,SME,Paid Ads,867.71,1,0,8.0
M02986,2024-12-01,Healthcare,Kenya,SME,Paid Ads,3968.14,1,1,13.0
M02987,2024-06-23,Gaming,South Africa,Enterprise,Organic,2865.2,0,0,
M02988,2024-12-08,Healthcare,Kenya,SME,Paid Ads,8050.11,1,0,9.0
M02989,2024-08-06,E-commerce,Ghana,SME,Referral,1008.2,1,0,12.0
M02990,2025-05-14,Gaming,Nigeria,SME,Partnership,6263.06,1,1,0.0
M02991,2024-12-30,Education,Ghana,Mid-Market,Paid Ads,1323.04,1,1,13.0
M02992,2024-08-19,Hospitality,Nigeria,Enterprise,Referral,3383.59,1,1,9.0
M02993,2024-07-22,Logistics,Ghana,Enterprise,Referral,6566.11,1,1,11.0
M02994,2025-02-01,E-commerce,Ghana,Enterprise,Paid Ads,3132.68,1,0,5.0
M02995,2024-09-26,Retail,Nigeria,Enterprise,Paid Ads,1917.46,1,1,7.0
M02996,2024-10-03,Logistics,Ghana,Mid-Market,Referral,1627.33,1,1,7.0
M02997,2024-02-21,Retail,Ghana,Enterprise,Referral,5303.93,1,1,7.0
M02998,2024-10-03,Hospitality,Ghana,Mid-Market,Organic,6967.9,1,1,8.0
M02999,2025-05-06,Hospitality,Kenya,Mid-Market,Partnership,1613.44,1,0,8.0
M03000,2025-05-12,Hospitality,South Africa,Mid-Market,Paid Ads,1060.09,1,1,1.0
